user_id,latitude,longitude,altitude,date,time,timestamp,hour,day,weekday,month,is_weekend,previous_latitude,previous_longitude,previous_timestamp,distance_km,time_difference_seconds,speed_kmh,location,time_spent_minutes,cluster,anomaly,anomaly_score
0,39.984702,116.318417,492.0,2008-10-23,02:53:04,2008-10-23 02:53:04,2,23,Thursday,10,False,,,,0.0,0.0,0.0,39.9847_116.3184,0.0,9,1,0.30866750866187365
0,39.984683,116.31845,492.0,2008-10-23,02:53:10,2008-10-23 02:53:10,2,23,Thursday,10,False,39.984702,116.318417,2008-10-23 02:53:04,0.002811820279574,6.0,1.687092167744407,39.9847_116.3184,0.1,9,1,0.3088474399712702
0,39.984686,116.318417,492.0,2008-10-23,02:53:15,2008-10-23 02:53:15,2,23,Thursday,10,False,39.984683,116.31845,2008-10-23 02:53:10,0.0028115848499545,5.0,2.024341091967295,39.9847_116.3184,0.0833333333333333,9,1,0.31048229456668314
0,39.984688,116.318385,492.0,2008-10-23,02:53:20,2008-10-23 02:53:20,2,23,Thursday,10,False,39.984686,116.318417,2008-10-23 02:53:15,0.0027263821256982,5.0,1.962995130502765,39.9847_116.3184,0.0833333333333333,9,1,0.3088474399712702
0,39.984655,116.318263,492.0,2008-10-23,02:53:25,2008-10-23 02:53:25,2,23,Thursday,10,False,39.984688,116.318385,2008-10-23 02:53:20,0.0103945209801466,5.0,7.484055105705623,39.9847_116.3183,0.0833333333333333,9,1,0.30700130558444255
0,39.984611,116.318026,493.0,2008-10-23,02:53:30,2008-10-23 02:53:30,2,23,Thursday,10,False,39.984655,116.318263,2008-10-23 02:53:25,0.0201924436780955,5.0,14.538559448228815,39.9846_116.318,0.0833333333333333,9,1,0.28774314291466013
0,39.984608,116.317761,493.0,2008-10-23,02:53:35,2008-10-23 02:53:35,2,23,Thursday,10,False,39.984611,116.318026,2008-10-23 02:53:30,0.0225778554671762,5.0,16.25605593636691,39.9846_116.3178,0.0833333333333333,9,1,0.2822642273477275
0,39.984563,116.317517,496.0,2008-10-23,02:53:40,2008-10-23 02:53:40,2,23,Thursday,10,False,39.984608,116.317761,2008-10-23 02:53:35,0.0207888569719664,5.0,14.967977019815818,39.9846_116.3175,0.0833333333333333,9,1,0.28774314291466013
0,39.984539,116.317294,500.0,2008-10-23,02:53:45,2008-10-23 02:53:45,2,23,Thursday,10,False,39.984563,116.317517,2008-10-23 02:53:40,0.0189995511024332,5.0,13.67967679375194,39.9845_116.3173,0.0833333333333333,9,1,0.2892922276914235
0,39.984606,116.317065,505.0,2008-10-23,02:53:50,2008-10-23 02:53:50,2,23,Thursday,10,False,39.984539,116.317294,2008-10-23 02:53:45,0.019511118298316,5.0,14.048005174787583,39.9846_116.3171,0.0833333333333333,9,1,0.28877656466774687
0,39.984568,116.316911,510.0,2008-10-23,02:53:55,2008-10-23 02:53:55,2,23,Thursday,10,False,39.984606,116.317065,2008-10-23 02:53:50,0.013120927144795,5.0,9.447067544252446,39.9846_116.3169,0.0833333333333333,9,1,0.30232491667986844
0,39.984586,116.316716,515.0,2008-10-23,02:54:00,2008-10-23 02:54:00,2,23,Thursday,10,False,39.984568,116.316911,2008-10-23 02:53:55,0.0166139377225684,5.0,11.962035160249291,39.9846_116.3167,0.0833333333333333,9,1,0.29013311313269485
0,39.984561,116.316527,520.0,2008-10-23,02:54:05,2008-10-23 02:54:05,2,23,Thursday,10,False,39.984586,116.316716,2008-10-23 02:54:00,0.0161027779611993,5.0,11.594000132063538,39.9846_116.3165,0.0833333333333333,9,1,0.292330265250933
0,39.984536,116.316354,525.0,2008-10-23,02:54:10,2008-10-23 02:54:10,2,23,Thursday,10,False,39.984561,116.316527,2008-10-23 02:54:05,0.014739598166854,5.0,10.612510680134935,39.9845_116.3164,0.0833333333333333,9,1,0.2943815860435195
0,39.984523,116.316188,531.0,2008-10-23,02:54:15,2008-10-23 02:54:15,2,23,Thursday,10,False,39.984536,116.316354,2008-10-23 02:54:10,0.014143148056726,5.0,10.18306660084276,39.9845_116.3162,0.0833333333333333,9,1,0.3027479384208635
0,39.984516,116.315963,536.0,2008-10-23,02:54:20,2008-10-23 02:54:20,2,23,Thursday,10,False,39.984523,116.316188,2008-10-23 02:54:15,0.0191699067129478,5.0,13.80233283332243,39.9845_116.316,0.0833333333333333,9,1,0.2892922276914235
0,39.984523,116.315823,541.0,2008-10-23,02:54:25,2008-10-23 02:54:25,2,23,Thursday,10,False,39.984516,116.315963,2008-10-23 02:54:20,0.0119279466958809,5.0,8.588121621034288,39.9845_116.3158,0.0833333333333333,9,1,0.30586415426498603
0,39.984574,116.315611,546.0,2008-10-23,02:54:30,2008-10-23 02:54:30,2,23,Thursday,10,False,39.984523,116.315823,2008-10-23 02:54:25,0.0180625710802362,5.0,13.00505117777011,39.9846_116.3156,0.0833333333333333,9,1,0.29125373793820863
0,39.984568,116.315407,551.0,2008-10-23,02:54:35,2008-10-23 02:54:35,2,23,Thursday,10,False,39.984574,116.315611,2008-10-23 02:54:30,0.0173807018551776,5.0,12.51410533572792,39.9846_116.3154,0.0833333333333333,9,1,0.2910537125808923
0,39.984538,116.315148,556.0,2008-10-23,02:54:40,2008-10-23 02:54:40,2,23,Thursday,10,False,39.984568,116.315407,2008-10-23 02:54:35,0.0220667530617693,5.0,15.888062204473927,39.9845_116.3151,0.0833333333333333,9,1,0.28763582089524625
0,39.984501,116.314907,560.0,2008-10-23,02:54:45,2008-10-23 02:54:45,2,23,Thursday,10,False,39.984538,116.315148,2008-10-23 02:54:40,0.0205332204796887,5.0,14.783918745375903,39.9845_116.3149,0.0833333333333333,9,1,0.28763582089524625
0,39.984532,116.314808,564.0,2008-10-23,02:54:50,2008-10-23 02:54:50,2,23,Thursday,10,False,39.984501,116.314907,2008-10-23 02:54:45,0.0084349717622273,5.0,6.073179668803656,39.9845_116.3148,0.0833333333333333,9,1,0.3061240263281015
0,39.984504,116.314625,569.0,2008-10-23,02:54:55,2008-10-23 02:54:55,2,23,Thursday,10,False,39.984532,116.314808,2008-10-23 02:54:50,0.0155916152468089,5.0,11.225962977702428,39.9845_116.3146,0.0833333333333333,9,1,0.2922242307314587
0,39.984485,116.314426,574.0,2008-10-23,02:55:00,2008-10-23 02:55:00,2,23,Thursday,10,False,39.984504,116.314625,2008-10-23 02:54:55,0.0169547595372253,5.0,12.207426866802257,39.9845_116.3144,0.0833333333333333,9,1,0.29002646192305787
0,39.984427,116.31424,579.0,2008-10-23,02:55:05,2008-10-23 02:55:05,2,23,Thursday,10,False,39.984485,116.314426,2008-10-23 02:55:00,0.0158475333879993,5.0,11.410224039359523,39.9844_116.3142,0.0833333333333333,9,1,0.2922242307314587
0,39.984485,116.314042,584.0,2008-10-23,02:55:10,2008-10-23 02:55:10,2,23,Thursday,10,False,39.984427,116.31424,2008-10-23 02:55:05,0.016869904879016,5.0,12.14633151289157,39.9845_116.314,0.0833333333333333,9,1,0.29002646192305787
0,39.98448,116.313818,589.0,2008-10-23,02:55:15,2008-10-23 02:55:15,2,23,Thursday,10,False,39.984485,116.314042,2008-10-23 02:55:10,0.0190847151381341,5.0,13.740994899456574,39.9845_116.3138,0.0833333333333333,9,1,0.2891853404645463
0,39.984501,116.313659,595.0,2008-10-23,02:55:20,2008-10-23 02:55:20,2,23,Thursday,10,False,39.98448,116.313818,2008-10-23 02:55:15,0.0135467977306797,5.0,9.753694366089396,39.9845_116.3137,0.0833333333333333,9,1,0.3010021196555437
0,39.984618,116.314323,113.0,2008-10-23,02:55:25,2008-10-23 02:55:25,2,23,Thursday,10,False,39.984501,116.313659,2008-10-23 02:55:20,0.0565729330511718,5.0,40.73251179684373,39.9846_116.3143,0.0833333333333333,9,1,0.2192314118036795
0,39.984649,116.314107,117.0,2008-10-23,02:55:30,2008-10-23 02:55:30,2,23,Thursday,10,False,39.984618,116.314323,2008-10-23 02:55:25,0.0184031734542181,5.0,13.25028488703708,39.9846_116.3141,0.0833333333333333,9,1,0.29125373793820863
0,39.984621,116.313941,121.0,2008-10-23,02:55:35,2008-10-23 02:55:35,2,23,Thursday,10,False,39.984649,116.314107,2008-10-23 02:55:30,0.0141432081053784,5.0,10.18310983587247,39.9846_116.3139,0.0833333333333333,9,1,0.3026448279031045
0,39.984655,116.313724,126.0,2008-10-23,02:55:40,2008-10-23 02:55:40,2,23,Thursday,10,False,39.984621,116.313941,2008-10-23 02:55:35,0.0184883910684531,5.0,13.311641569286277,39.9847_116.3137,0.0833333333333333,9,1,0.2891853404645463
0,39.984681,116.313521,129.0,2008-10-23,02:55:45,2008-10-23 02:55:45,2,23,Thursday,10,False,39.984655,116.313724,2008-10-23 02:55:40,0.0172955475028789,5.0,12.452794202072822,39.9847_116.3135,0.0833333333333333,9,1,0.2910537125808923
0,39.984708,116.313311,133.0,2008-10-23,02:55:50,2008-10-23 02:55:50,2,23,Thursday,10,False,39.984681,116.313521,2008-10-23 02:55:45,0.0178919393392587,5.0,12.882196324266278,39.9847_116.3133,0.0833333333333333,9,1,0.2910537125808923
0,39.984708,116.313099,137.0,2008-10-23,02:55:55,2008-10-23 02:55:55,2,23,Thursday,10,False,39.984708,116.313311,2008-10-23 02:55:50,0.0180622577323453,5.0,13.00482556728866,39.9847_116.3131,0.0833333333333333,9,1,0.29125373793820863
0,39.984696,116.312921,144.0,2008-10-23,02:56:00,2008-10-23 02:56:00,2,23,Thursday,10,False,39.984708,116.313099,2008-10-23 02:55:55,0.0151654997610001,5.0,10.919159827920126,39.9847_116.3129,0.0833333333333333,9,1,0.2922242307314587
0,39.984677,116.312746,153.0,2008-10-23,02:56:05,2008-10-23 02:56:05,2,23,Thursday,10,False,39.984696,116.312921,2008-10-23 02:56:00,0.014909932849754,5.0,10.735151651822916,39.9847_116.3127,0.0833333333333333,9,1,0.29427612728270247
0,39.984682,116.312525,155.0,2008-10-23,02:56:10,2008-10-23 02:56:10,2,23,Thursday,10,False,39.984677,116.312746,2008-10-23 02:56:05,0.0188290620482118,5.0,13.55692467471254,39.9847_116.3125,0.0833333333333333,9,1,0.2891853404645463
0,39.984649,116.312332,158.0,2008-10-23,02:56:15,2008-10-23 02:56:15,2,23,Thursday,10,False,39.984682,116.312525,2008-10-23 02:56:10,0.0164436054285682,5.0,11.839395908569172,39.9846_116.3123,0.0833333333333333,9,1,0.29002646192305787
0,39.984641,116.312123,164.0,2008-10-23,02:56:20,2008-10-23 02:56:20,2,23,Thursday,10,False,39.984649,116.312332,2008-10-23 02:56:15,0.0178066829336873,5.0,12.820811712254894,39.9846_116.3121,0.0833333333333333,9,1,0.2910537125808923
0,39.984647,116.311917,170.0,2008-10-23,02:56:25,2008-10-23 02:56:25,2,23,Thursday,10,False,39.984641,116.312123,2008-10-23 02:56:20,0.0175510820629922,5.0,12.636779085354451,39.9846_116.3119,0.0833333333333333,9,1,0.2910537125808923
0,39.984654,116.31172,178.0,2008-10-23,02:56:30,2008-10-23 02:56:30,2,23,Thursday,10,False,39.984647,116.311917,2008-10-23 02:56:25,0.0167842874220677,5.0,12.084686943888777,39.9847_116.3117,0.0833333333333333,9,1,0.29002646192305787
0,39.984631,116.311569,180.0,2008-10-23,02:56:35,2008-10-23 02:56:35,2,23,Thursday,10,False,39.984654,116.31172,2008-10-23 02:56:30,0.0128651884354018,5.0,9.262935673489316,39.9846_116.3116,0.0833333333333333,9,1,0.3055529908557636
0,39.984647,116.31138,184.0,2008-10-23,02:56:40,2008-10-23 02:56:40,2,23,Thursday,10,False,39.984631,116.311569,2008-10-23 02:56:35,0.0161027193691513,5.0,11.593957945788947,39.9846_116.3114,0.0833333333333333,9,1,0.2922242307314587
0,39.984653,116.311189,194.0,2008-10-23,02:56:45,2008-10-23 02:56:45,2,23,Thursday,10,False,39.984647,116.31138,2008-10-23 02:56:40,0.016273089805747,5.0,11.716624660137844,39.9847_116.3112,0.0833333333333333,9,1,0.29002646192305787
0,39.984628,116.311026,206.0,2008-10-23,02:56:50,2008-10-23 02:56:50,2,23,Thursday,10,False,39.984653,116.311189,2008-10-23 02:56:45,0.0138875890874525,5.0,9.999064142965862,39.9846_116.311,0.0833333333333333,9,1,0.3010021196555437
0,39.984652,116.310854,214.0,2008-10-23,02:56:55,2008-10-23 02:56:55,2,23,Thursday,10,False,39.984628,116.311026,2008-10-23 02:56:50,0.014654373180373,5.0,10.551148689868583,39.9847_116.3109,0.0833333333333333,9,1,0.29427612728270247
0,39.984656,116.31066,222.0,2008-10-23,02:57:00,2008-10-23 02:57:00,2,23,Thursday,10,False,39.984652,116.310854,2008-10-23 02:56:55,0.0165286846992291,5.0,11.900652983444957,39.9847_116.3107,0.0833333333333333,9,1,0.29002646192305787
0,39.984616,116.310534,231.0,2008-10-23,02:57:05,2008-10-23 02:57:05,2,23,Thursday,10,False,39.984656,116.31066,2008-10-23 02:57:00,0.0107354074311807,5.0,7.729493350450171,39.9846_116.3105,0.0833333333333333,9,1,0.3057619183974798
0,39.984676,116.31033,235.0,2008-10-23,02:57:10,2008-10-23 02:57:10,2,23,Thursday,10,False,39.984616,116.310534,2008-10-23 02:57:05,0.0173810689291743,5.0,12.514369629005545,39.9847_116.3103,0.0833333333333333,9,1,0.2910537125808923
0,39.984698,116.310063,242.0,2008-10-23,02:57:15,2008-10-23 02:57:15,2,23,Thursday,10,False,39.984676,116.31033,2008-10-23 02:57:10,0.0227482678820601,5.0,16.378752875083325,39.9847_116.3101,0.0833333333333333,9,1,0.2800415296038881
0,39.984696,116.309937,250.0,2008-10-23,02:57:20,2008-10-23 02:57:20,2,23,Thursday,10,False,39.984698,116.310063,2008-10-23 02:57:15,0.0107351178741255,5.0,7.729284869370421,39.9847_116.3099,0.0833333333333333,9,1,0.3057619183974798
0,39.984663,116.309851,260.0,2008-10-23,02:57:25,2008-10-23 02:57:25,2,23,Thursday,10,False,39.984696,116.309937,2008-10-23 02:57:20,0.0073274252298289,5.0,5.275746165476831,39.9847_116.3099,0.0833333333333333,9,1,0.311109083253108
0,39.984598,116.309749,266.0,2008-10-23,02:57:30,2008-10-23 02:57:30,2,23,Thursday,10,False,39.984663,116.309851,2008-10-23 02:57:25,0.0086912569152554,5.0,6.2577049789839405,39.9846_116.3097,0.0833333333333333,9,1,0.3061240263281015
0,39.98454,116.309656,270.0,2008-10-23,02:57:35,2008-10-23 02:57:35,2,23,Thursday,10,False,39.984598,116.309749,2008-10-23 02:57:30,0.0079243531923245,5.0,5.705534298473664,39.9845_116.3097,0.0833333333333333,9,1,0.311109083253108
0,39.984525,116.309503,271.0,2008-10-23,02:57:40,2008-10-23 02:57:40,2,23,Thursday,10,False,39.98454,116.309656,2008-10-23 02:57:35,0.0130355633157254,5.0,9.385605587322331,39.9845_116.3095,0.0833333333333333,9,1,0.3055529908557636
0,39.984498,116.309348,270.0,2008-10-23,02:57:45,2008-10-23 02:57:45,2,23,Thursday,10,False,39.984525,116.309503,2008-10-23 02:57:40,0.0132060379228834,5.0,9.50834730447612,39.9845_116.3093,0.0833333333333333,9,1,0.3024236880172196
0,39.984481,116.309173,265.0,2008-10-23,02:57:50,2008-10-23 02:57:50,2,23,Thursday,10,False,39.984498,116.309348,2008-10-23 02:57:45,0.0149099667484315,5.0,10.735176058870682,39.9845_116.3092,0.0833333333333333,9,1,0.29427612728270247
0,39.984489,116.308993,261.0,2008-10-23,02:57:55,2008-10-23 02:57:55,2,23,Thursday,10,False,39.984481,116.309173,2008-10-23 02:57:50,0.0153359371227074,5.0,11.041874728349327,39.9845_116.309,0.0833333333333333,9,1,0.2922242307314587
0,39.98447,116.308827,257.0,2008-10-23,02:58:00,2008-10-23 02:58:00,2,23,Thursday,10,False,39.984489,116.308993,2008-10-23 02:57:55,0.0141431839725617,5.0,10.183092460244431,39.9845_116.3088,0.0833333333333333,9,1,0.3026448279031045
0,39.98449,116.308638,251.0,2008-10-23,02:58:05,2008-10-23 02:58:05,2,23,Thursday,10,False,39.98447,116.308827,2008-10-23 02:58:00,0.0161027736840943,5.0,11.593997052547898,39.9845_116.3086,0.0833333333333333,9,1,0.2922242307314587
0,39.98449,116.308485,247.0,2008-10-23,02:58:10,2008-10-23 02:58:10,2,23,Thursday,10,False,39.98449,116.308638,2008-10-23 02:58:05,0.0130355389199474,5.0,9.385588022362176,39.9845_116.3085,0.0833333333333333,9,1,0.3055529908557636
0,39.984494,116.308351,240.0,2008-10-23,02:58:15,2008-10-23 02:58:15,2,23,Thursday,10,False,39.98449,116.308485,2008-10-23 02:58:10,0.0114167488104655,5.0,8.220059143535224,39.9845_116.3084,0.0833333333333333,9,1,0.3057619183974798
0,39.984499,116.308201,240.0,2008-10-23,02:58:20,2008-10-23 02:58:20,2,23,Thursday,10,False,39.984494,116.308351,2008-10-23 02:58:15,0.0127799425862296,5.0,9.201558662085352,39.9845_116.3082,0.0833333333333333,9,1,0.3055529908557636
0,39.984484,116.308049,244.0,2008-10-23,02:58:25,2008-10-23 02:58:25,2,23,Thursday,10,False,39.984499,116.308201,2008-10-23 02:58:20,0.0129503717537063,5.0,9.324267662668545,39.9845_116.308,0.0833333333333333,9,1,0.3055529908557636
0,39.984491,116.307902,253.0,2008-10-23,02:58:30,2008-10-23 02:58:30,2,23,Thursday,10,False,39.984484,116.308049,2008-10-23 02:58:25,0.0125243491413762,5.0,9.017531381790926,39.9845_116.3079,0.0833333333333333,9,1,0.3027152063126912
0,39.984499,116.307809,264.0,2008-10-23,02:58:35,2008-10-23 02:58:35,2,23,Thursday,10,False,39.984491,116.307902,2008-10-23 02:58:30,0.007923577503385,5.0,5.704975802437264,39.9845_116.3078,0.0833333333333333,9,1,0.311109083253108
0,39.984472,116.307687,272.0,2008-10-23,02:58:40,2008-10-23 02:58:40,2,23,Thursday,10,False,39.984499,116.307809,2008-10-23 02:58:35,0.0103944840562841,5.0,7.484028520524623,39.9845_116.3077,0.0833333333333333,9,1,0.3068993888892077
0,39.984493,116.307548,279.0,2008-10-23,02:58:45,2008-10-23 02:58:45,2,23,Thursday,10,False,39.984472,116.307687,2008-10-23 02:58:40,0.0118428159356914,5.0,8.526827473697823,39.9845_116.3075,0.0833333333333333,9,1,0.3057619183974798
0,39.984488,116.307434,282.0,2008-10-23,02:58:50,2008-10-23 02:58:50,2,23,Thursday,10,False,39.984493,116.307548,2008-10-23 02:58:45,0.0097127592653617,5.0,6.993186671060426,39.9845_116.3074,0.0833333333333333,9,1,0.30718650929158653
0,39.984427,116.307292,281.0,2008-10-23,02:58:55,2008-10-23 02:58:55,2,23,Thursday,10,False,39.984488,116.307434,2008-10-23 02:58:50,0.0120989282521848,5.0,8.711228341573126,39.9844_116.3073,0.0833333333333333,9,1,0.3057619183974798
0,39.984428,116.307126,282.0,2008-10-23,02:59:00,2008-10-23 02:59:00,2,23,Thursday,10,False,39.984427,116.307292,2008-10-23 02:58:55,0.0141431468024545,5.0,10.183065697767294,39.9844_116.3071,0.0833333333333333,9,1,0.3026448279031045
0,39.984432,116.306943,288.0,2008-10-23,02:59:05,2008-10-23 02:59:05,2,23,Thursday,10,False,39.984428,116.307126,2008-10-23 02:59:00,0.0155915425684208,5.0,11.225910649263046,39.9844_116.3069,0.0833333333333333,9,1,0.2922242307314587
0,39.984425,116.306801,284.0,2008-10-23,02:59:10,2008-10-23 02:59:10,2,23,Thursday,10,False,39.984432,116.306943,2008-10-23 02:59:05,0.0120983618302761,5.0,8.710820517798828,39.9844_116.3068,0.0833333333333333,9,1,0.3057619183974798
0,39.984438,116.306633,286.0,2008-10-23,02:59:15,2008-10-23 02:59:15,2,23,Thursday,10,False,39.984425,116.306801,2008-10-23 02:59:10,0.0143135674219186,5.0,10.305768543781442,39.9844_116.3066,0.0833333333333333,9,1,0.3016973302102752
0,39.984462,116.306486,284.0,2008-10-23,02:59:20,2008-10-23 02:59:20,2,23,Thursday,10,False,39.984438,116.306633,2008-10-23 02:59:15,0.012524435256564,5.0,9.017593384726093,39.9845_116.3065,0.0833333333333333,9,1,0.3027152063126912
0,39.984466,116.3063,285.0,2008-10-23,02:59:25,2008-10-23 02:59:25,2,23,Thursday,10,False,39.984462,116.306486,2008-10-23 02:59:20,0.0158471336794133,5.0,11.409936249177608,39.9845_116.3063,0.0833333333333333,9,1,0.2922242307314587
0,39.984456,116.306047,287.0,2008-10-23,02:59:30,2008-10-23 02:59:30,2,23,Thursday,10,False,39.984466,116.3063,2008-10-23 02:59:25,0.021555516883759,5.0,15.519972156306492,39.9845_116.306,0.0833333333333333,9,1,0.28763582089524625
0,39.984454,116.305854,295.0,2008-10-23,02:59:35,2008-10-23 02:59:35,2,23,Thursday,10,False,39.984456,116.306047,2008-10-23 02:59:30,0.0164435318344765,5.0,11.839342920823103,39.9845_116.3059,0.0833333333333333,9,1,0.29002646192305787
0,39.984412,116.305682,297.0,2008-10-23,02:59:40,2008-10-23 02:59:40,2,23,Thursday,10,False,39.984454,116.305854,2008-10-23 02:59:35,0.014654570246042,5.0,10.551290577150288,39.9844_116.3057,0.0833333333333333,9,1,0.29427612728270247
0,39.98441,116.305466,301.0,2008-10-23,02:59:45,2008-10-23 02:59:45,2,23,Thursday,10,False,39.984412,116.305682,2008-10-23 02:59:40,0.0184031354596526,5.0,13.250257530949929,39.9844_116.3055,0.0833333333333333,9,1,0.29125373793820863
0,39.984406,116.305281,309.0,2008-10-23,02:59:50,2008-10-23 02:59:50,2,23,Thursday,10,False,39.98441,116.305466,2008-10-23 02:59:45,0.0157619469750813,5.0,11.348601822058605,39.9844_116.3053,0.0833333333333333,9,1,0.2922242307314587
0,39.984393,116.305023,314.0,2008-10-23,02:59:55,2008-10-23 02:59:55,2,23,Thursday,10,False,39.984406,116.305281,2008-10-23 02:59:50,0.0219815405978462,5.0,15.826709230449264,39.9844_116.305,0.0833333333333333,9,1,0.28763582089524625
0,39.984356,116.304909,305.0,2008-10-23,03:00:00,2008-10-23 03:00:00,3,23,Thursday,10,False,39.984393,116.305023,2008-10-23 02:59:55,0.0097130363399656,5.0,6.99338616477525,39.9844_116.3049,0.0833333333333333,9,1,0.3178080690250593
0,39.984352,116.304704,295.0,2008-10-23,03:00:05,2008-10-23 03:00:05,3,23,Thursday,10,False,39.984356,116.304909,2008-10-23 03:00:00,0.0174659546538017,5.0,12.575487350737266,39.9844_116.3047,0.0833333333333333,9,1,0.2994691892038744
0,39.984338,116.304543,293.0,2008-10-23,03:00:10,2008-10-23 03:00:10,3,23,Thursday,10,False,39.984352,116.304704,2008-10-23 03:00:05,0.0137171917479419,5.0,9.876378058518236,39.9843_116.3045,0.0833333333333333,9,1,0.31024703993258573
0,39.984338,116.304315,291.0,2008-10-23,03:00:15,2008-10-23 03:00:15,3,23,Thursday,10,False,39.984338,116.304543,2008-10-23 03:00:10,0.0194255521967335,5.0,13.98639758164814,39.9843_116.3043,0.0833333333333333,9,1,0.2976422968896272
0,39.984349,116.304083,290.0,2008-10-23,03:00:20,2008-10-23 03:00:20,3,23,Thursday,10,False,39.984338,116.304315,2008-10-23 03:00:15,0.0197663612951746,5.0,14.23178013252572,39.9843_116.3041,0.0833333333333333,9,1,0.29713794059930515
0,39.984368,116.303934,282.0,2008-10-23,03:00:25,2008-10-23 03:00:25,3,23,Thursday,10,False,39.984349,116.304083,2008-10-23 03:00:20,0.0126948185041098,5.0,9.14026932295911,39.9844_116.3039,0.0833333333333333,9,1,0.3150408831227251
0,39.984437,116.303813,257.0,2008-10-23,03:00:30,2008-10-23 03:00:30,3,23,Thursday,10,False,39.984368,116.303934,2008-10-23 03:00:25,0.0103100345608752,5.0,7.423224883830211,39.9844_116.3038,0.0833333333333333,9,1,0.3175293516442707
0,39.984429,116.303672,253.0,2008-10-23,03:00:35,2008-10-23 03:00:35,3,23,Thursday,10,False,39.984437,116.303813,2008-10-23 03:00:30,0.0120131637660429,5.0,8.649477911550893,39.9844_116.3037,0.0833333333333333,9,1,0.31524437317779436
0,39.984342,116.303444,237.0,2008-10-23,03:00:40,2008-10-23 03:00:40,3,23,Thursday,10,False,39.984429,116.303672,2008-10-23 03:00:35,0.0194262724486626,5.0,13.986916163037138,39.9843_116.3034,0.0833333333333333,9,1,0.2976422968896272
0,39.984365,116.303298,236.0,2008-10-23,03:00:45,2008-10-23 03:00:45,3,23,Thursday,10,False,39.984342,116.303444,2008-10-23 03:00:40,0.0124392466536995,5.0,8.95625759066366,39.9844_116.3033,0.0833333333333333,9,1,0.31227695392410887
0,39.984368,116.303132,233.0,2008-10-23,03:00:50,2008-10-23 03:00:50,3,23,Thursday,10,False,39.984365,116.303298,2008-10-23 03:00:45,0.0141431604942342,5.0,10.183075555848648,39.9844_116.3031,0.0833333333333333,9,1,0.31316727205649963
0,39.984385,116.30292,232.0,2008-10-23,03:00:55,2008-10-23 03:00:55,3,23,Thursday,10,False,39.984368,116.303132,2008-10-23 03:00:50,0.0180623755051063,5.0,13.004910363676558,39.9844_116.3029,0.0833333333333333,9,1,0.2996647737904451
0,39.98438,116.302754,240.0,2008-10-23,03:01:00,2008-10-23 03:01:00,3,23,Thursday,10,False,39.984385,116.30292,2008-10-23 03:00:55,0.0141431593136788,5.0,10.1830747058488,39.9844_116.3028,0.0833333333333333,9,1,0.31316727205649963
0,39.984346,116.302601,239.0,2008-10-23,03:01:05,2008-10-23 03:01:05,3,23,Thursday,10,False,39.98438,116.302754,2008-10-23 03:01:00,0.0130357301530015,5.0,9.385725710161122,39.9843_116.3026,0.0833333333333333,9,1,0.3150408831227251
0,39.984303,116.302457,237.0,2008-10-23,03:01:10,2008-10-23 03:01:10,3,23,Thursday,10,False,39.984346,116.302601,2008-10-23 03:01:05,0.012269056040981,5.0,8.833720349506391,39.9843_116.3025,0.0833333333333333,9,1,0.31524437317779436
0,39.984344,116.302271,233.0,2008-10-23,03:01:15,2008-10-23 03:01:15,3,23,Thursday,10,False,39.984303,116.302457,2008-10-23 03:01:10,0.0158473641261739,5.0,11.410102170845228,39.9843_116.3023,0.0833333333333333,9,1,0.30161235725300634
0,39.984341,116.302094,228.0,2008-10-23,03:01:20,2008-10-23 03:01:20,3,23,Thursday,10,False,39.984344,116.302271,2008-10-23 03:01:15,0.0150803630213267,5.0,10.857861375355238,39.9843_116.3021,0.0833333333333333,9,1,0.30161235725300634
0,39.984359,116.301888,218.0,2008-10-23,03:01:25,2008-10-23 03:01:25,3,23,Thursday,10,False,39.984341,116.302094,2008-10-23 03:01:20,0.0175511884907288,5.0,12.636855713324785,39.9844_116.3019,0.0833333333333333,9,1,0.2994691892038744
0,39.984379,116.301693,208.0,2008-10-23,03:01:30,2008-10-23 03:01:30,3,23,Thursday,10,False,39.984359,116.301888,2008-10-23 03:01:25,0.0166139969180481,5.0,11.962077780994695,39.9844_116.3017,0.0833333333333333,9,1,0.2994691892038744
0,39.984345,116.3015,196.0,2008-10-23,03:01:35,2008-10-23 03:01:35,3,23,Thursday,10,False,39.984379,116.301693,2008-10-23 03:01:30,0.0164436861486993,5.0,11.839454027063526,39.9843_116.3015,0.0833333333333333,9,1,0.2994691892038744
0,39.984345,116.301309,190.0,2008-10-23,03:01:40,2008-10-23 03:01:40,3,23,Thursday,10,False,39.984345,116.3015,2008-10-23 03:01:35,0.0162731582875541,5.0,11.716673967039007,39.9843_116.3013,0.0833333333333333,9,1,0.2994691892038744
0,39.984338,116.301107,184.0,2008-10-23,03:01:45,2008-10-23 03:01:45,3,23,Thursday,10,False,39.984345,116.301309,2008-10-23 03:01:40,0.0172103621286696,5.0,12.391460732642146,39.9843_116.3011,0.0833333333333333,9,1,0.2994691892038744
0,39.984344,116.300877,175.0,2008-10-23,03:01:50,2008-10-23 03:01:50,3,23,Thursday,10,False,39.984338,116.301107,2008-10-23 03:01:45,0.0195959543773582,5.0,14.109087151697928,39.9843_116.3009,0.0833333333333333,9,1,0.29713794059930515
0,39.984278,116.300674,168.0,2008-10-23,03:01:55,2008-10-23 03:01:55,3,23,Thursday,10,False,39.984344,116.300877,2008-10-23 03:01:50,0.0172960385616363,5.0,12.453147764378205,39.9843_116.3007,0.0833333333333333,9,1,0.2994691892038744
0,39.984276,116.300462,153.0,2008-10-23,03:02:00,2008-10-23 03:02:00,3,23,Thursday,10,False,39.984278,116.300674,2008-10-23 03:01:55,0.0180623720963742,5.0,13.004907909389445,39.9843_116.3005,0.0833333333333333,9,1,0.2996647737904451
0,39.984278,116.300307,140.0,2008-10-23,03:02:05,2008-10-23 03:02:05,3,23,Thursday,10,False,39.984276,116.300462,2008-10-23 03:02:00,0.0132059798633106,5.0,9.508305501583688,39.9843_116.3003,0.0833333333333333,9,1,0.31163300289653845
0,39.984252,116.300156,133.0,2008-10-23,03:02:10,2008-10-23 03:02:10,3,23,Thursday,10,False,39.984278,116.300307,2008-10-23 03:02:05,0.0128652810396161,5.0,9.2630023485236,39.9843_116.3002,0.0833333333333333,9,1,0.3150408831227251
0,39.984288,116.299943,131.0,2008-10-23,03:02:15,2008-10-23 03:02:15,3,23,Thursday,10,False,39.984252,116.300156,2008-10-23 03:02:10,0.0181477078916488,5.0,13.066349681987164,39.9843_116.2999,0.0833333333333333,9,1,0.2996647737904451
0,39.984283,116.29981,138.0,2008-10-23,03:02:20,2008-10-23 03:02:20,3,23,Thursday,10,False,39.984288,116.299943,2008-10-23 03:02:15,0.011331584977924,5.0,8.158741184105313,39.9843_116.2998,0.0833333333333333,9,1,0.31524437317779436
0,39.984335,116.299744,145.0,2008-10-23,03:02:25,2008-10-23 03:02:25,3,23,Thursday,10,False,39.984283,116.29981,2008-10-23 03:02:20,0.0056240940386031,5.0,4.049347707794278,39.9843_116.2997,0.0833333333333333,9,1,0.3221116643221632
0,39.984312,116.299703,153.0,2008-10-23,03:02:30,2008-10-23 03:02:30,3,23,Thursday,10,False,39.984335,116.299744,2008-10-23 03:02:25,0.0034934773203047,5.0,2.515303670619387,39.9843_116.2997,0.0833333333333333,9,1,0.3229320161449236
0,39.984177,116.299699,164.0,2008-10-23,03:02:35,2008-10-23 03:02:35,3,23,Thursday,10,False,39.984312,116.299703,2008-10-23 03:02:30,0.0004298682907764,5.0,0.3095051693590672,39.9842_116.2997,0.0833333333333333,9,1,0.32503826010864995
0,39.98414,116.299697,175.0,2008-10-23,03:02:40,2008-10-23 03:02:40,3,23,Thursday,10,False,39.984177,116.299699,2008-10-23 03:02:35,0.0001849117374157,5.0,0.1331364509393275,39.9841_116.2997,0.0833333333333333,9,1,0.32341116403422937
0,39.984204,116.299721,180.0,2008-10-23,03:02:45,2008-10-23 03:02:45,3,23,Thursday,10,False,39.98414,116.299697,2008-10-23 03:02:40,0.0020485687431802,5.0,1.474969495089787,39.9842_116.2997,0.0833333333333333,9,1,0.3252903821668764
0,39.984258,116.299736,184.0,2008-10-23,03:02:50,2008-10-23 03:02:50,3,23,Thursday,10,False,39.984204,116.299721,2008-10-23 03:02:45,0.0012822885218797,5.0,0.9232477357534148,39.9843_116.2997,0.0833333333333333,9,1,0.32588846368475916
0,39.984031,116.299573,198.0,2008-10-23,03:02:55,2008-10-23 03:02:55,3,23,Thursday,10,False,39.984258,116.299736,2008-10-23 03:02:50,0.0138945908564818,5.0,10.004105416666912,39.984_116.2996,0.0833333333333333,9,1,0.31024703993258573
0,39.98379,116.299578,212.0,2008-10-23,03:03:00,2008-10-23 03:03:00,3,23,Thursday,10,False,39.984031,116.299573,2008-10-23 03:02:55,0.0006326395258044,5.0,0.4555004585791916,39.9838_116.2996,0.0833333333333333,9,1,0.32503826010864995
0,39.983726,116.299566,213.0,2008-10-23,03:03:05,2008-10-23 03:03:05,3,23,Thursday,10,False,39.98379,116.299578,2008-10-23 03:03:00,0.0010299230431677,5.0,0.7415445910807914,39.9837_116.2996,0.0833333333333333,9,1,0.32490764061502214
0,39.983692,116.299496,209.0,2008-10-23,03:03:10,2008-10-23 03:03:10,3,23,Thursday,10,False,39.983726,116.299566,2008-10-23 03:03:05,0.0059644052359097,5.0,4.294371769855028,39.9837_116.2995,0.0833333333333333,9,1,0.31982120017342897
0,39.983685,116.299476,207.0,2008-10-23,03:03:15,2008-10-23 03:03:15,3,23,Thursday,10,False,39.983692,116.299496,2008-10-23 03:03:10,0.0017040661581523,5.0,1.226927633869662,39.9837_116.2995,0.0833333333333333,9,1,0.3252903821668764
0,39.983639,116.299425,209.0,2008-10-23,03:03:20,2008-10-23 03:03:20,3,23,Thursday,10,False,39.983685,116.299476,2008-10-23 03:03:15,0.0043461492630616,5.0,3.1292274694043845,39.9836_116.2994,0.0833333333333333,9,1,0.3227059002673418
0,39.983629,116.299353,207.0,2008-10-23,03:03:25,2008-10-23 03:03:25,3,23,Thursday,10,False,39.983639,116.299425,2008-10-23 03:03:20,0.0061344788139011,5.0,4.416824746008838,39.9836_116.2994,0.0833333333333333,9,1,0.31982120017342897
0,39.983641,116.299279,215.0,2008-10-23,03:03:30,2008-10-23 03:03:30,3,23,Thursday,10,False,39.983629,116.299353,2008-10-23 03:03:25,0.0063048923702956,5.0,4.539522506612834,39.9836_116.2993,0.0833333333333333,9,1,0.31982120017342897
0,39.983557,116.299235,215.0,2008-10-23,03:03:35,2008-10-23 03:03:35,3,23,Thursday,10,False,39.983641,116.299279,2008-10-23 03:03:30,0.0037523741696334,5.0,2.7017094021360912,39.9836_116.2992,0.0833333333333333,9,1,0.3253855575000432
0,39.983509,116.299238,213.0,2008-10-23,03:03:40,2008-10-23 03:03:40,3,23,Thursday,10,False,39.983557,116.299235,2008-10-23 03:03:35,0.000272048394086,5.0,0.1958748437419722,39.9835_116.2992,0.0833333333333333,9,1,0.3243252926520714
0,39.983413,116.299267,211.0,2008-10-23,03:03:45,2008-10-23 03:03:45,3,23,Thursday,10,False,39.983509,116.299238,2008-10-23 03:03:40,0.0024778398505068,5.0,1.7840446923649458,39.9834_116.2993,0.0833333333333333,9,1,0.3246213914245113
0,39.983353,116.299305,209.0,2008-10-23,03:03:50,2008-10-23 03:03:50,3,23,Thursday,10,False,39.983413,116.299267,2008-10-23 03:03:45,0.0032397305748926,5.0,2.3326060139226996,39.9834_116.2993,0.0833333333333333,9,1,0.325778930229759
0,39.983337,116.299321,205.0,2008-10-23,03:03:55,2008-10-23 03:03:55,3,23,Thursday,10,False,39.983353,116.299305,2008-10-23 03:03:50,0.0013635700597663,5.0,0.9817704430317918,39.9833_116.2993,0.0833333333333333,9,1,0.3267228932766417
0,39.9833,116.299314,204.0,2008-10-23,03:04:00,2008-10-23 03:04:00,3,23,Thursday,10,False,39.983337,116.299321,2008-10-23 03:03:55,0.0006007145800353,5.0,0.4325144976254525,39.9833_116.2993,0.0833333333333333,9,1,0.3258747506754094
0,39.9833,116.299314,204.0,2008-10-23,03:04:03,2008-10-23 03:04:03,3,23,Thursday,10,False,39.9833,116.299314,2008-10-23 03:04:00,0.0,3.0,0.0,39.9833_116.2993,0.05,9,1,0.32481673222902013
0,39.983304,116.299307,201.0,2008-10-23,03:04:05,2008-10-23 03:04:05,3,23,Thursday,10,False,39.9833,116.299314,2008-10-23 03:04:03,0.0005964580944928,2.0,1.0736245700871814,39.9833_116.2993,0.0333333333333333,9,1,0.32863976000051276
0,39.983279,116.299311,199.0,2008-10-23,03:04:10,2008-10-23 03:04:10,3,23,Thursday,10,False,39.983304,116.299307,2008-10-23 03:04:05,0.000344240638432,5.0,0.2478532596710935,39.9833_116.2993,0.0833333333333333,9,1,0.3251635115202134
0,39.983302,116.299302,193.0,2008-10-23,03:04:15,2008-10-23 03:04:15,3,23,Thursday,10,False,39.983279,116.299311,2008-10-23 03:04:10,0.0007681079314773,5.0,0.5530377106636715,39.9833_116.2993,0.0833333333333333,9,1,0.3258747506754094
0,39.983276,116.299265,189.0,2008-10-23,03:04:20,2008-10-23 03:04:20,3,23,Thursday,10,False,39.983302,116.299302,2008-10-23 03:04:15,0.0031528444438887,5.0,2.2700479995998717,39.9833_116.2993,0.0833333333333333,9,1,0.325778930229759
0,39.983322,116.299191,188.0,2008-10-23,03:04:25,2008-10-23 03:04:25,3,23,Thursday,10,False,39.983276,116.299265,2008-10-23 03:04:20,0.0063055123589896,5.0,4.539968898472517,39.9833_116.2992,0.0833333333333333,9,1,0.31982120017342897
0,39.983403,116.299147,185.0,2008-10-23,03:04:30,2008-10-23 03:04:30,3,23,Thursday,10,False,39.983322,116.299191,2008-10-23 03:04:25,0.0037521387013981,5.0,2.701539865006641,39.9834_116.2991,0.0833333333333333,9,1,0.3253855575000432
0,39.983548,116.299083,188.0,2008-10-23,03:04:35,2008-10-23 03:04:35,3,23,Thursday,10,False,39.983403,116.299147,2008-10-23 03:04:30,0.0054601117632593,5.0,3.931280469546755,39.9835_116.2991,0.0833333333333333,9,1,0.3221116643221632
0,39.983675,116.299031,194.0,2008-10-23,03:04:40,2008-10-23 03:04:40,3,23,Thursday,10,False,39.983548,116.299083,2008-10-23 03:04:35,0.0044372866728643,5.0,3.1948464044623406,39.9837_116.299,0.0833333333333333,9,1,0.3227059002673418
0,39.983663,116.298932,199.0,2008-10-23,03:04:45,2008-10-23 03:04:45,3,23,Thursday,10,False,39.983675,116.299031,2008-10-23 03:04:40,0.0084348939875324,5.0,6.073123671023366,39.9837_116.2989,0.0833333333333333,9,1,0.318495537664455
0,39.983533,116.298903,202.0,2008-10-23,03:04:50,2008-10-23 03:04:50,3,23,Thursday,10,False,39.983663,116.298932,2008-10-23 03:04:45,0.002483668001495,5.0,1.7882409610764218,39.9835_116.2989,0.0833333333333333,9,1,0.32378185521197944
0,39.98359,116.298869,204.0,2008-10-23,03:04:55,2008-10-23 03:04:55,3,23,Thursday,10,False,39.983533,116.298903,2008-10-23 03:04:50,0.0028989371621553,5.0,2.0872347567518608,39.9836_116.2989,0.0833333333333333,9,1,0.32462889608569023
0,39.983723,116.298825,203.0,2008-10-23,03:05:00,2008-10-23 03:05:00,3,23,Thursday,10,False,39.98359,116.298869,2008-10-23 03:04:55,0.003757703583637,5.0,2.7055465802186967,39.9837_116.2988,0.0833333333333333,9,1,0.3253855575000432
0,39.983902,116.298773,204.0,2008-10-23,03:05:05,2008-10-23 03:05:05,3,23,Thursday,10,False,39.983723,116.298825,2008-10-23 03:05:00,0.004444021628816,5.0,3.1996955727475624,39.9839_116.2988,0.0833333333333333,9,1,0.3227059002673418
0,39.984045,116.298725,206.0,2008-10-23,03:05:10,2008-10-23 03:05:10,3,23,Thursday,10,False,39.983902,116.298773,2008-10-23 03:05:05,0.0040990173336046,5.0,2.9512924801953804,39.984_116.2987,0.0833333333333333,9,1,0.3227059002673418
0,39.984019,116.298663,209.0,2008-10-23,03:05:15,2008-10-23 03:05:15,3,23,Thursday,10,False,39.984045,116.298725,2008-10-23 03:05:10,0.0052826516503777,5.0,3.8035091882719585,39.984_116.2987,0.0833333333333333,9,1,0.3221116643221632
0,39.995777,116.286798,716.0,2008-10-23,04:08:07,2008-10-23 04:08:07,4,23,Thursday,10,False,39.984019,116.298663,2008-10-23 03:05:15,1.0110707642879209,3772.0,0.964966795184654,39.9958_116.2868,62.86666666666667,9,1,0.1101114666002101
0,39.996832,116.285446,276.0,2008-10-23,04:08:12,2008-10-23 04:08:12,4,23,Thursday,10,False,39.995777,116.286798,2008-10-23 04:08:07,0.1151881362582196,5.0,82.93545810591813,39.9968_116.2854,0.0833333333333333,9,1,0.11316209160874968
0,39.984397,116.299292,931.0,2008-10-23,04:08:42,2008-10-23 04:08:42,4,23,Thursday,10,False,39.996832,116.285446,2008-10-23 04:08:12,1.1798147430081858,30.0,141.57776916098229,39.9844_116.2993,0.5,9,-1,-0.041126588626996585
0,39.984426,116.299329,959.0,2008-10-23,04:08:47,2008-10-23 04:08:47,4,23,Thursday,10,False,39.984397,116.299292,2008-10-23 04:08:42,0.0031528912131169,5.0,2.2700816734442153,39.9844_116.2993,0.0833333333333333,9,1,0.3271834232065442
0,39.984499,116.299413,983.0,2008-10-23,04:08:52,2008-10-23 04:08:52,4,23,Thursday,10,False,39.984426,116.299329,2008-10-23 04:08:47,0.0071581714527777,5.0,5.153883445999991,39.9845_116.2994,0.0833333333333333,9,1,0.3232227524859428
0,39.984424,116.299467,990.0,2008-10-23,04:08:57,2008-10-23 04:08:57,4,23,Thursday,10,False,39.984499,116.299413,2008-10-23 04:08:52,0.0046030822124687,5.0,3.314219192977492,39.9844_116.2995,0.0833333333333333,9,1,0.32376968570119474
0,39.98441,116.299477,940.0,2008-10-23,04:09:02,2008-10-23 04:09:02,4,23,Thursday,10,False,39.984424,116.299467,2008-10-23 04:08:57,0.0008524300314094,5.0,0.6137496226147692,39.9844_116.2995,0.0833333333333333,9,1,0.3270458181098716
0,39.984421,116.299569,928.0,2008-10-23,04:09:07,2008-10-23 04:09:07,4,23,Thursday,10,False,39.98441,116.299477,2008-10-23 04:09:02,0.0078384008909998,5.0,5.64364864151989,39.9844_116.2996,0.0833333333333333,9,1,0.3239173095556222
0,39.984518,116.29953,902.0,2008-10-23,04:09:12,2008-10-23 04:09:12,4,23,Thursday,10,False,39.984421,116.299569,2008-10-23 04:09:07,0.003328113716923,5.0,2.3962418761846243,39.9845_116.2995,0.0833333333333333,9,1,0.3271834232065442
0,39.984488,116.299645,897.0,2008-10-23,04:09:17,2008-10-23 04:09:17,4,23,Thursday,10,False,39.984518,116.29953,2008-10-23 04:09:12,0.0097981252062919,5.0,7.0546501485302135,39.9845_116.2996,0.0833333333333333,9,1,0.3184238388015303
0,39.98454,116.299523,870.0,2008-10-23,04:09:22,2008-10-23 04:09:22,4,23,Thursday,10,False,39.984488,116.299645,2008-10-23 04:09:17,0.0103948375295279,5.0,7.484283021260143,39.9845_116.2995,0.0833333333333333,9,1,0.31814560857393354
0,39.98446,116.299528,891.0,2008-10-23,04:09:27,2008-10-23 04:09:27,4,23,Thursday,10,False,39.98454,116.299523,2008-10-23 04:09:22,0.0004534083243804,5.0,0.3264539935539037,39.9845_116.2995,0.0833333333333333,9,1,0.32717562855210336
0,39.984463,116.299508,883.0,2008-10-23,04:09:32,2008-10-23 04:09:32,4,23,Thursday,10,False,39.98446,116.299528,2008-10-23 04:09:27,0.0017040026723184,5.0,1.2268819240692617,39.9845_116.2995,0.0833333333333333,9,1,0.327426188977395
0,39.984501,116.299473,882.0,2008-10-23,04:09:37,2008-10-23 04:09:37,4,23,Thursday,10,False,39.984463,116.299508,2008-10-23 04:09:32,0.0029828981559235,5.0,2.147686672264925,39.9845_116.2995,0.0833333333333333,9,1,0.32603807991961725
0,39.984532,116.299451,879.0,2008-10-23,04:09:42,2008-10-23 04:09:42,4,23,Thursday,10,False,39.984501,116.299473,2008-10-23 04:09:37,0.0018753557545274,5.0,1.3502561432597502,39.9845_116.2995,0.0833333333333333,9,1,0.327426188977395
0,39.984532,116.299451,879.0,2008-10-23,04:09:45,2008-10-23 04:09:45,4,23,Thursday,10,False,39.984532,116.299451,2008-10-23 04:09:42,0.0,3.0,0.0,39.9845_116.2995,0.05,9,1,0.3261216083795941
0,39.984527,116.299451,879.0,2008-10-23,04:09:47,2008-10-23 04:09:47,4,23,Thursday,10,False,39.984532,116.299451,2008-10-23 04:09:45,9.703587908638273e-06,2.0,0.0174664582355488,39.9845_116.2995,0.0333333333333333,9,1,0.3261216083795941
0,39.984517,116.299447,879.0,2008-10-23,04:09:52,2008-10-23 04:09:52,4,23,Thursday,10,False,39.984527,116.299451,2008-10-23 04:09:47,0.0003413503793704,5.0,0.2457722731467013,39.9845_116.2994,0.0833333333333333,9,1,0.3264670771845792
0,39.984509,116.299438,880.0,2008-10-23,04:09:57,2008-10-23 04:09:57,4,23,Thursday,10,False,39.984517,116.299447,2008-10-23 04:09:52,0.0007669533123826,5.0,0.5522063849154942,39.9845_116.2994,0.0833333333333333,9,1,0.32717562855210336
0,39.984497,116.299411,878.0,2008-10-23,04:10:02,2008-10-23 04:10:02,4,23,Thursday,10,False,39.984509,116.299438,2008-10-23 04:09:57,0.0023005066637919,5.0,1.6563647979301774,39.9845_116.2994,0.0833333333333333,9,1,0.327426188977395
0,39.984499,116.299405,879.0,2008-10-23,04:10:07,2008-10-23 04:10:07,4,23,Thursday,10,False,39.984497,116.299411,2008-10-23 04:10:02,0.0005112122813071,5.0,0.3680728425411267,39.9845_116.2994,0.0833333333333333,9,1,0.32717562855210336
0,39.984498,116.299407,878.0,2008-10-23,04:10:12,2008-10-23 04:10:12,4,23,Thursday,10,False,39.984499,116.299405,2008-10-23 04:10:07,0.0001704102324443,5.0,0.1226953673599205,39.9845_116.2994,0.0833333333333333,9,1,0.32555861063917274
0,39.984498,116.299407,878.0,2008-10-23,04:10:15,2008-10-23 04:10:15,4,23,Thursday,10,False,39.984498,116.299407,2008-10-23 04:10:12,0.0,3.0,0.0,39.9845_116.2994,0.05,9,1,0.3261216083795941
0,39.984493,116.299412,878.0,2008-10-23,04:10:17,2008-10-23 04:10:17,4,23,Thursday,10,False,39.984498,116.299407,2008-10-23 04:10:15,0.0004261084719467,2.0,0.76699524950409,39.9845_116.2994,0.0333333333333333,9,1,0.32717562855210336
0,39.984498,116.299466,874.0,2008-10-23,04:10:22,2008-10-23 04:10:22,4,23,Thursday,10,False,39.984493,116.299412,2008-10-23 04:10:17,0.0046007883043139,5.0,3.3125675791060254,39.9845_116.2995,0.0833333333333333,9,1,0.32376968570119474
0,39.984546,116.29941,864.0,2008-10-23,04:10:27,2008-10-23 04:10:27,4,23,Thursday,10,False,39.984498,116.299466,2008-10-23 04:10:22,0.0047720847160055,5.0,3.4359009955239848,39.9845_116.2994,0.0833333333333333,9,1,0.32263359689421456
0,39.984638,116.299318,857.0,2008-10-23,04:10:32,2008-10-23 04:10:32,4,23,Thursday,10,False,39.984546,116.29941,2008-10-23 04:10:27,0.0078403848123094,5.0,5.645077064862825,39.9846_116.2993,0.0833333333333333,9,1,0.3239173095556222
0,39.98473,116.299315,850.0,2008-10-23,04:10:37,2008-10-23 04:10:37,4,23,Thursday,10,False,39.984638,116.299318,2008-10-23 04:10:32,0.0003117836698356,5.0,0.2244842422816434,39.9847_116.2993,0.0833333333333333,9,1,0.3264670771845792
0,39.984753,116.299305,840.0,2008-10-23,04:10:42,2008-10-23 04:10:42,4,23,Thursday,10,False,39.98473,116.299315,2008-10-23 04:10:37,0.0008531613393865,5.0,0.6142761643583334,39.9848_116.2993,0.0833333333333333,9,1,0.3270458181098716
0,39.984789,116.299297,829.0,2008-10-23,04:10:47,2008-10-23 04:10:47,4,23,Thursday,10,False,39.984753,116.299305,2008-10-23 04:10:42,0.0006851653963199,5.0,0.4933190853503916,39.9848_116.2993,0.0833333333333333,9,1,0.32717562855210336
0,39.984795,116.299391,825.0,2008-10-23,04:10:52,2008-10-23 04:10:52,4,23,Thursday,10,False,39.984789,116.299297,2008-10-23 04:10:47,0.0080087355374775,5.0,5.766289586983863,39.9848_116.2994,0.0833333333333333,9,1,0.3217508900945855
0,39.984778,116.299504,821.0,2008-10-23,04:10:57,2008-10-23 04:10:57,4,23,Thursday,10,False,39.984795,116.299391,2008-10-23 04:10:52,0.0096275696359432,5.0,6.93185013787911,39.9848_116.2995,0.0833333333333333,9,1,0.3184238388015303
0,39.984743,116.299617,818.0,2008-10-23,04:11:02,2008-10-23 04:11:02,4,23,Thursday,10,False,39.984778,116.299504,2008-10-23 04:10:57,0.0096277563834782,5.0,6.931984596104366,39.9847_116.2996,0.0833333333333333,9,1,0.3184238388015303
0,39.984671,116.299625,802.0,2008-10-23,04:11:07,2008-10-23 04:11:07,4,23,Thursday,10,False,39.984743,116.299617,2008-10-23 04:11:02,0.0006957702167728,5.0,0.5009545560764325,39.9847_116.2996,0.0833333333333333,9,1,0.32717562855210336
0,39.984694,116.299536,780.0,2008-10-23,04:11:12,2008-10-23 04:11:12,4,23,Thursday,10,False,39.984671,116.299625,2008-10-23 04:11:07,0.007582874481992,5.0,5.459669627034284,39.9847_116.2995,0.0833333333333333,9,1,0.3239173095556222
0,39.984733,116.29952,769.0,2008-10-23,04:11:17,2008-10-23 04:11:17,4,23,Thursday,10,False,39.984694,116.299536,2008-10-23 04:11:12,0.0013652887382078,5.0,0.983007891509662,39.9847_116.2995,0.0833333333333333,9,1,0.32802056600467266
0,39.983841,116.299902,818.0,2008-10-23,04:11:22,2008-10-23 04:11:22,4,23,Thursday,10,False,39.984733,116.29952,2008-10-23 04:11:17,0.0325923502948413,5.0,23.46649221228578,39.9838_116.2999,0.0833333333333333,9,1,0.25275543913576964
0,39.983861,116.300177,729.0,2008-10-23,04:11:27,2008-10-23 04:11:27,4,23,Thursday,10,False,39.983841,116.299902,2008-10-23 04:11:22,0.0234301415054301,5.0,16.869701883909684,39.9839_116.3002,0.0833333333333333,9,1,0.2897437083282568
0,39.983842,116.300329,646.0,2008-10-23,04:11:32,2008-10-23 04:11:32,4,23,Thursday,10,False,39.983861,116.300177,2008-10-23 04:11:27,0.0129505128436339,5.0,9.324369247416412,39.9838_116.3003,0.0833333333333333,9,1,0.3156614894954674
0,39.983984,116.300308,573.0,2008-10-23,04:11:37,2008-10-23 04:11:37,4,23,Thursday,10,False,39.983842,116.300329,2008-10-23 04:11:32,0.0018103055253777,5.0,1.3034199782719682,39.984_116.3003,0.0833333333333333,9,1,0.327426188977395
0,39.984126,116.300188,486.0,2008-10-23,04:11:42,2008-10-23 04:11:42,4,23,Thursday,10,False,39.983984,116.300308,2008-10-23 04:11:37,0.0102277305836678,5.0,7.363966020240879,39.9841_116.3002,0.0833333333333333,9,1,0.3184238388015303
0,39.984246,116.300058,411.0,2008-10-23,04:11:47,2008-10-23 04:11:47,4,23,Thursday,10,False,39.984126,116.300188,2008-10-23 04:11:42,0.0110784454700356,5.0,7.976480738425693,39.9842_116.3001,0.0833333333333333,9,1,0.31586462388262115
0,39.984373,116.300019,357.0,2008-10-23,04:11:52,2008-10-23 04:11:52,4,23,Thursday,10,False,39.984246,116.300058,2008-10-23 04:11:47,0.0033319217775811,5.0,2.3989836798584268,39.9844_116.3,0.0833333333333333,9,1,0.3271834232065442
0,39.984533,116.300043,315.0,2008-10-23,04:11:57,2008-10-23 04:11:57,4,23,Thursday,10,False,39.984373,116.300019,2008-10-23 04:11:52,0.0020682339890814,5.0,1.489128472138679,39.9845_116.3,0.0833333333333333,9,1,0.327426188977395
0,39.984723,116.300058,261.0,2008-10-23,04:12:02,2008-10-23 04:12:02,4,23,Thursday,10,False,39.984533,116.300043,2008-10-23 04:11:57,0.0013301235227883,5.0,0.9576889364076284,39.9847_116.3001,0.0833333333333333,9,1,0.32802056600467266
0,39.984789,116.300151,234.0,2008-10-23,04:12:07,2008-10-23 04:12:07,4,23,Thursday,10,False,39.984723,116.300058,2008-10-23 04:12:02,0.0079245672488583,5.0,5.705688419177982,39.9848_116.3002,0.0833333333333333,9,1,0.3239173095556222
0,39.984837,116.300216,206.0,2008-10-23,04:12:12,2008-10-23 04:12:12,4,23,Thursday,10,False,39.984789,116.300151,2008-10-23 04:12:07,0.0055387312946198,5.0,3.9878865321263017,39.9848_116.3002,0.0833333333333333,9,1,0.32317726935693586
0,39.984859,116.300332,195.0,2008-10-23,04:12:17,2008-10-23 04:12:17,4,23,Thursday,10,False,39.984837,116.300216,2008-10-23 04:12:12,0.0098831941261593,5.0,7.115899770834731,39.9849_116.3003,0.0833333333333333,9,1,0.3184238388015303
0,39.984888,116.300514,186.0,2008-10-23,04:12:22,2008-10-23 04:12:22,4,23,Thursday,10,False,39.984859,116.300332,2008-10-23 04:12:17,0.0155063424388016,5.0,11.164566555937196,39.9849_116.3005,0.0833333333333333,9,1,0.3022564345310088
0,39.984896,116.300689,176.0,2008-10-23,04:12:27,2008-10-23 04:12:27,4,23,Thursday,10,False,39.984888,116.300514,2008-10-23 04:12:22,0.0149098504893635,5.0,10.73509235234178,39.9849_116.3007,0.0833333333333333,9,1,0.3070086208985595
0,39.984905,116.300885,167.0,2008-10-23,04:12:32,2008-10-23 04:12:32,4,23,Thursday,10,False,39.984896,116.300689,2008-10-23 04:12:27,0.0166990305506009,5.0,12.023301996432686,39.9849_116.3009,0.0833333333333333,9,1,0.3001170123952202
0,39.984911,116.301049,162.0,2008-10-23,04:12:37,2008-10-23 04:12:37,4,23,Thursday,10,False,39.984905,116.300885,2008-10-23 04:12:32,0.0139726538925356,5.0,10.060310802625654,39.9849_116.301,0.0833333333333333,9,1,0.31087602517285523
0,39.984925,116.301221,164.0,2008-10-23,04:12:42,2008-10-23 04:12:42,4,23,Thursday,10,False,39.984911,116.301049,2008-10-23 04:12:37,0.0146542647175599,5.0,10.55107059664314,39.9849_116.3012,0.0833333333333333,9,1,0.3070086208985595
0,39.98493,116.301391,163.0,2008-10-23,04:12:47,2008-10-23 04:12:47,4,23,Thursday,10,False,39.984925,116.301221,2008-10-23 04:12:42,0.0144838426327703,5.0,10.428366695594656,39.9849_116.3014,0.0833333333333333,9,1,0.3096402523311258
0,39.984938,116.301568,166.0,2008-10-23,04:12:52,2008-10-23 04:12:52,4,23,Thursday,10,False,39.98493,116.301391,2008-10-23 04:12:47,0.0150802393269589,5.0,10.857772315410442,39.9849_116.3016,0.0833333333333333,9,1,0.3022564345310088
0,39.984948,116.301741,169.0,2008-10-23,04:12:57,2008-10-23 04:12:57,4,23,Thursday,10,False,39.984938,116.301568,2008-10-23 04:12:52,0.0147394459809165,5.0,10.612401106259886,39.9849_116.3017,0.0833333333333333,9,1,0.3070086208985595
0,39.984945,116.301915,177.0,2008-10-23,04:13:02,2008-10-23 04:13:02,4,23,Thursday,10,False,39.984948,116.301741,2008-10-23 04:12:57,0.0148246326226097,5.0,10.673735488279052,39.9849_116.3019,0.0833333333333333,9,1,0.3070086208985595
0,39.984953,116.302055,179.0,2008-10-23,04:13:07,2008-10-23 04:13:07,4,23,Thursday,10,False,39.984945,116.301915,2008-10-23 04:13:02,0.011927874077651,5.0,8.588069335908772,39.985_116.3021,0.0833333333333333,9,1,0.31586462388262115
0,39.984953,116.302264,182.0,2008-10-23,04:13:12,2008-10-23 04:13:12,4,23,Thursday,10,False,39.984953,116.302055,2008-10-23 04:13:07,0.0178065958885031,5.0,12.820749039722257,39.985_116.3023,0.0833333333333333,9,1,0.3001170123952202
0,39.98496,116.302488,183.0,2008-10-23,04:13:17,2008-10-23 04:13:17,4,23,Thursday,10,False,39.984953,116.302264,2008-10-23 04:13:12,0.0190845850971886,5.0,13.740901269975808,39.985_116.3025,0.0833333333333333,9,1,0.2982933131951573
0,39.984973,116.302679,182.0,2008-10-23,04:13:22,2008-10-23 04:13:22,4,23,Thursday,10,False,39.98496,116.302488,2008-10-23 04:13:17,0.0162730298096121,5.0,11.716581462920782,39.985_116.3027,0.0833333333333333,9,1,0.3001170123952202
0,39.984983,116.30286,181.0,2008-10-23,04:13:27,2008-10-23 04:13:27,4,23,Thursday,10,False,39.984973,116.302679,2008-10-23 04:13:22,0.0154210298023504,5.0,11.103141457692344,39.985_116.3029,0.0833333333333333,9,1,0.3022564345310088
0,39.985009,116.303037,180.0,2008-10-23,04:13:32,2008-10-23 04:13:32,4,23,Thursday,10,False,39.984983,116.30286,2008-10-23 04:13:27,0.0150803020668225,5.0,10.857817488112255,39.985_116.303,0.0833333333333333,9,1,0.3022564345310088
0,39.985043,116.303258,179.0,2008-10-23,04:13:37,2008-10-23 04:13:37,4,23,Thursday,10,False,39.985009,116.303037,2008-10-23 04:13:32,0.018829079667709,5.0,13.556937360750505,39.985_116.3033,0.0833333333333333,9,1,0.2982933131951573
0,39.98503,116.303496,170.0,2008-10-23,04:13:42,2008-10-23 04:13:42,4,23,Thursday,10,False,39.985043,116.303258,2008-10-23 04:13:37,0.0202773584787511,5.0,14.599698104700812,39.985_116.3035,0.0833333333333333,9,1,0.2977898384385808
0,39.985039,116.303685,176.0,2008-10-23,04:13:47,2008-10-23 04:13:47,4,23,Thursday,10,False,39.98503,116.303496,2008-10-23 04:13:42,0.016102605684881,5.0,11.593876093114329,39.985_116.3037,0.0833333333333333,9,1,0.3022564345310088
0,39.985028,116.303884,175.0,2008-10-23,04:13:52,2008-10-23 04:13:52,4,23,Thursday,10,False,39.985039,116.303685,2008-10-23 04:13:47,0.0169545991165277,5.0,12.207311363899985,39.985_116.3039,0.0833333333333333,9,1,0.3001170123952202
0,39.984993,116.304067,174.0,2008-10-23,04:13:57,2008-10-23 04:13:57,4,23,Thursday,10,False,39.985028,116.303884,2008-10-23 04:13:52,0.0155915561183757,5.0,11.225920405230516,39.985_116.3041,0.0833333333333333,9,1,0.3022564345310088
0,39.985027,116.304163,177.0,2008-10-23,04:14:02,2008-10-23 04:14:02,4,23,Thursday,10,False,39.984993,116.304067,2008-10-23 04:13:57,0.0081793655796948,5.0,5.889143217380303,39.985_116.3042,0.0833333333333333,9,1,0.3217508900945855
0,39.985038,116.30426,175.0,2008-10-23,04:14:07,2008-10-23 04:14:07,4,23,Thursday,10,False,39.985027,116.304163,2008-10-23 04:14:02,0.0082643232240951,5.0,5.950312721348481,39.985_116.3043,0.0833333333333333,9,1,0.3217508900945855
0,39.985042,116.304459,171.0,2008-10-23,04:14:12,2008-10-23 04:14:12,4,23,Thursday,10,False,39.985038,116.30426,2008-10-23 04:14:07,0.0169545858407959,5.0,12.207301805373064,39.985_116.3045,0.0833333333333333,9,1,0.3001170123952202
0,39.985029,116.304647,175.0,2008-10-23,04:14:17,2008-10-23 04:14:17,4,23,Thursday,10,False,39.985042,116.304459,2008-10-23 04:14:12,0.0160174169255779,5.0,11.532540186416089,39.985_116.3046,0.0833333333333333,9,1,0.3022564345310088
0,39.985023,116.304811,176.0,2008-10-23,04:14:22,2008-10-23 04:14:22,4,23,Thursday,10,False,39.985029,116.304647,2008-10-23 04:14:17,0.0139726297578584,5.0,10.06029342565806,39.985_116.3048,0.0833333333333333,9,1,0.31087602517285523
0,39.985031,116.304927,175.0,2008-10-23,04:14:27,2008-10-23 04:14:27,4,23,Thursday,10,False,39.985023,116.304811,2008-10-23 04:14:22,0.0098830882038801,5.0,7.115823506793697,39.985_116.3049,0.0833333333333333,9,1,0.3184238388015303
0,39.985082,116.305192,177.0,2008-10-23,04:14:32,2008-10-23 04:14:32,4,23,Thursday,10,False,39.985031,116.304927,2008-10-23 04:14:27,0.0225779239408842,5.0,16.25610523743668,39.9851_116.3052,0.0833333333333333,9,1,0.2946634186870064
0,39.985105,116.305348,176.0,2008-10-23,04:14:37,2008-10-23 04:14:37,4,23,Thursday,10,False,39.985082,116.305192,2008-10-23 04:14:32,0.0132910952678855,5.0,9.569588592877624,39.9851_116.3053,0.0833333333333333,9,1,0.3122595656962708
0,39.985132,116.305499,175.0,2008-10-23,04:14:42,2008-10-23 04:14:42,4,23,Thursday,10,False,39.985105,116.305348,2008-10-23 04:14:37,0.0128651280782098,5.0,9.262892216311112,39.9851_116.3055,0.0833333333333333,9,1,0.3156614894954674
0,39.985169,116.305649,183.0,2008-10-23,04:14:47,2008-10-23 04:14:47,4,23,Thursday,10,False,39.985132,116.305499,2008-10-23 04:14:42,0.012780018294063,5.0,9.20161317172542,39.9852_116.3056,0.0833333333333333,9,1,0.3156614894954674
0,39.985135,116.305834,178.0,2008-10-23,04:14:52,2008-10-23 04:14:52,4,23,Thursday,10,False,39.985169,116.305649,2008-10-23 04:14:47,0.0157619115326368,5.0,11.34857630349852,39.9851_116.3058,0.0833333333333333,9,1,0.3022564345310088
0,39.985146,116.305984,175.0,2008-10-23,04:14:57,2008-10-23 04:14:57,4,23,Thursday,10,False,39.985135,116.305834,2008-10-23 04:14:52,0.0127798362638192,5.0,9.20148210994989,39.9851_116.306,0.0833333333333333,9,1,0.3156614894954674
0,39.985131,116.306178,174.0,2008-10-23,04:15:02,2008-10-23 04:15:02,4,23,Thursday,10,False,39.985146,116.305984,2008-10-23 04:14:57,0.0165285912952327,5.0,11.900585732567547,39.9851_116.3062,0.0833333333333333,9,1,0.3001170123952202
0,39.985127,116.306363,168.0,2008-10-23,04:15:07,2008-10-23 04:15:07,4,23,Thursday,10,False,39.985131,116.306178,2008-10-23 04:15:02,0.0157617806341422,5.0,11.34848205658244,39.9851_116.3064,0.0833333333333333,9,1,0.3022564345310088
0,39.985135,116.306531,169.0,2008-10-23,04:15:12,2008-10-23 04:15:12,4,23,Thursday,10,False,39.985127,116.306363,2008-10-23 04:15:07,0.014313407057498,5.0,10.3056530813986,39.9851_116.3065,0.0833333333333333,9,1,0.31287239584883797
0,39.985157,116.306711,166.0,2008-10-23,04:15:17,2008-10-23 04:15:17,4,23,Thursday,10,False,39.985135,116.306531,2008-10-23 04:15:12,0.0153358403205284,5.0,11.041805030780491,39.9852_116.3067,0.0833333333333333,9,1,0.3022564345310088
0,39.98517,116.306893,172.0,2008-10-23,04:15:22,2008-10-23 04:15:22,4,23,Thursday,10,False,39.985157,116.306711,2008-10-23 04:15:17,0.0155061950044518,5.0,11.1644604032053,39.9852_116.3069,0.0833333333333333,9,1,0.3022564345310088
0,39.985154,116.307092,178.0,2008-10-23,04:15:27,2008-10-23 04:15:27,4,23,Thursday,10,False,39.98517,116.306893,2008-10-23 04:15:22,0.0169545822216129,5.0,12.207299199561335,39.9852_116.3071,0.0833333333333333,9,1,0.3001170123952202
0,39.985184,116.307341,176.0,2008-10-23,04:15:32,2008-10-23 04:15:32,4,23,Thursday,10,False,39.985154,116.307092,2008-10-23 04:15:27,0.0212145696430568,5.0,15.274490143000914,39.9852_116.3073,0.0833333333333333,9,1,0.29996717736147355
0,39.98521,116.30751,168.0,2008-10-23,04:15:37,2008-10-23 04:15:37,4,23,Thursday,10,False,39.985184,116.307341,2008-10-23 04:15:32,0.0143986719421788,5.0,10.36704379836874,39.9852_116.3075,0.0833333333333333,9,1,0.31287239584883797
0,39.985231,116.307633,170.0,2008-10-23,04:15:42,2008-10-23 04:15:42,4,23,Thursday,10,False,39.98521,116.30751,2008-10-23 04:15:37,0.0104795180940829,5.0,7.545253027739731,39.9852_116.3076,0.0833333333333333,9,1,0.31814560857393354
0,39.98526,116.307735,175.0,2008-10-23,04:15:47,2008-10-23 04:15:47,4,23,Thursday,10,False,39.985231,116.307633,2008-10-23 04:15:42,0.0086904454229834,5.0,6.257120704548067,39.9853_116.3077,0.0833333333333333,9,1,0.3191101058562203
0,39.98524,116.307933,174.0,2008-10-23,04:15:52,2008-10-23 04:15:52,4,23,Thursday,10,False,39.98526,116.307735,2008-10-23 04:15:47,0.0168693779499909,5.0,12.145952123993494,39.9852_116.3079,0.0833333333333333,9,1,0.3001170123952202
0,39.985225,116.308133,174.0,2008-10-23,04:15:57,2008-10-23 04:15:57,4,23,Thursday,10,False,39.98524,116.307933,2008-10-23 04:15:52,0.0170397598320616,5.0,12.268627079084416,39.9852_116.3081,0.0833333333333333,9,1,0.3001170123952202
0,39.985256,116.308313,176.0,2008-10-23,04:16:02,2008-10-23 04:16:02,4,23,Thursday,10,False,39.985225,116.308133,2008-10-23 04:15:57,0.0153358776817452,5.0,11.041831930856564,39.9853_116.3083,0.0833333333333333,9,1,0.3022564345310088
0,39.985218,116.308579,174.0,2008-10-23,04:16:07,2008-10-23 04:16:07,4,23,Thursday,10,False,39.985256,116.308313,2008-10-23 04:16:02,0.02266296600236,5.0,16.31733552169921,39.9852_116.3086,0.0833333333333333,9,1,0.2939462636559578
0,39.985201,116.308774,174.0,2008-10-23,04:16:12,2008-10-23 04:16:12,4,23,Thursday,10,False,39.985218,116.308579,2008-10-23 04:16:07,0.0166137799442329,5.0,11.961921559847706,39.9852_116.3088,0.0833333333333333,9,1,0.3001170123952202
0,39.985203,116.30898,173.0,2008-10-23,04:16:17,2008-10-23 04:16:17,4,23,Thursday,10,False,39.985201,116.308774,2008-10-23 04:16:12,0.0175509352803484,5.0,12.636673401850851,39.9852_116.309,0.0833333333333333,9,1,0.3001170123952202
0,39.985221,116.309152,176.0,2008-10-23,04:16:22,2008-10-23 04:16:22,4,23,Thursday,10,False,39.985203,116.30898,2008-10-23 04:16:17,0.0146542181043474,5.0,10.551037035130143,39.9852_116.3092,0.0833333333333333,9,1,0.3070086208985595
0,39.985194,116.30931,177.0,2008-10-23,04:16:27,2008-10-23 04:16:27,4,23,Thursday,10,False,39.985221,116.309152,2008-10-23 04:16:22,0.013461497532868,5.0,9.69227822366496,39.9852_116.3093,0.0833333333333333,9,1,0.31087602517285523
0,39.985161,116.309494,177.0,2008-10-23,04:16:32,2008-10-23 04:16:32,4,23,Thursday,10,False,39.985194,116.30931,2008-10-23 04:16:27,0.0156766996084933,5.0,11.287223718115245,39.9852_116.3095,0.0833333333333333,9,1,0.3022564345310088
0,39.98519,116.309701,179.0,2008-10-23,04:16:37,2008-10-23 04:16:37,4,23,Thursday,10,False,39.985161,116.309494,2008-10-23 04:16:32,0.0176362302066926,5.0,12.698085748818702,39.9852_116.3097,0.0833333333333333,9,1,0.3001170123952202
0,39.985202,116.309888,178.0,2008-10-23,04:16:42,2008-10-23 04:16:42,4,23,Thursday,10,False,39.98519,116.309701,2008-10-23 04:16:37,0.0159321777260386,5.0,11.471167962747831,39.9852_116.3099,0.0833333333333333,9,1,0.3022564345310088
0,39.985282,116.30998,172.0,2008-10-23,04:16:47,2008-10-23 04:16:47,4,23,Thursday,10,False,39.985202,116.309888,2008-10-23 04:16:42,0.0078398144811267,5.0,5.644666426411227,39.9853_116.31,0.0833333333333333,9,1,0.3239173095556222
0,39.985443,116.30998,173.0,2008-10-23,04:16:52,2008-10-23 04:16:52,4,23,Thursday,10,False,39.985282,116.30998,2008-10-23 04:16:47,0.0003124555306161,5.0,0.2249679820436488,39.9854_116.31,0.0833333333333333,9,1,0.3264670771845792
0,39.985579,116.309969,163.0,2008-10-23,04:16:57,2008-10-23 04:16:57,4,23,Thursday,10,False,39.985443,116.30998,2008-10-23 04:16:52,0.0009736387464043,5.0,0.7010198974111146,39.9856_116.31,0.0833333333333333,9,1,0.3270458181098716
0,39.985721,116.309961,159.0,2008-10-23,04:17:02,2008-10-23 04:17:02,4,23,Thursday,10,False,39.985579,116.309969,2008-10-23 04:16:57,0.0007351896431272,5.0,0.5293365430515911,39.9857_116.31,0.0833333333333333,9,1,0.32717562855210336
0,39.98584,116.309941,154.0,2008-10-23,04:17:07,2008-10-23 04:17:07,4,23,Thursday,10,False,39.985721,116.309961,2008-10-23 04:17:02,0.0017195391455564,5.0,1.2380681848006132,39.9858_116.3099,0.0833333333333333,9,1,0.327426188977395
0,39.98595,116.309978,153.0,2008-10-23,04:17:12,2008-10-23 04:17:12,4,23,Thursday,10,False,39.98584,116.309941,2008-10-23 04:17:07,0.0031595406562726,5.0,2.2748692725162845,39.986_116.31,0.0833333333333333,9,1,0.3271834232065442
0,39.986051,116.310034,152.0,2008-10-23,04:17:17,2008-10-23 04:17:17,4,23,Thursday,10,False,39.98595,116.309978,2008-10-23 04:17:12,0.0047750968999241,5.0,3.438069767945352,39.9861_116.31,0.0833333333333333,9,1,0.32263359689421456
0,39.986174,116.310025,157.0,2008-10-23,04:17:22,2008-10-23 04:17:22,4,23,Thursday,10,False,39.986051,116.310034,2008-10-23 04:17:17,0.0008030756115811,5.0,0.578214440338441,39.9862_116.31,0.0833333333333333,9,1,0.32717562855210336
0,39.986305,116.309956,162.0,2008-10-23,04:17:27,2008-10-23 04:17:27,4,23,Thursday,10,False,39.986174,116.310025,2008-10-23 04:17:22,0.0058841167985605,5.0,4.236564094963608,39.9863_116.31,0.0833333333333333,9,1,0.32089381880390483
0,39.986461,116.309885,151.0,2008-10-23,04:17:32,2008-10-23 04:17:32,4,23,Thursday,10,False,39.986305,116.309956,2008-10-23 04:17:27,0.0060565756542809,5.0,4.360734471082253,39.9865_116.3099,0.0833333333333333,9,1,0.32089381880390483
0,39.986611,116.309862,146.0,2008-10-23,04:17:37,2008-10-23 04:17:37,4,23,Thursday,10,False,39.986461,116.309885,2008-10-23 04:17:32,0.0019810375649488,5.0,1.426347046763156,39.9866_116.3099,0.0833333333333333,9,1,0.327426188977395
0,39.986697,116.309893,139.0,2008-10-23,04:17:42,2008-10-23 04:17:42,4,23,Thursday,10,False,39.986611,116.309862,2008-10-23 04:17:37,0.002646372297039,5.0,1.9053880538681216,39.9867_116.3099,0.0833333333333333,9,1,0.3251944940283104
0,39.986793,116.309956,129.0,2008-10-23,04:17:47,2008-10-23 04:17:47,4,23,Thursday,10,False,39.986697,116.309893,2008-10-23 04:17:42,0.0053706302109613,5.0,3.866853751892195,39.9868_116.31,0.0833333333333333,9,1,0.32317726935693586
0,39.986929,116.309974,127.0,2008-10-23,04:17:52,2008-10-23 04:17:52,4,23,Thursday,10,False,39.986793,116.309956,2008-10-23 04:17:47,0.0015560869920791,5.0,1.120382634296993,39.9869_116.31,0.0833333333333333,9,1,0.327426188977395
0,39.987073,116.309987,127.0,2008-10-23,04:17:57,2008-10-23 04:17:57,4,23,Thursday,10,False,39.986929,116.309974,2008-10-23 04:17:52,0.0011422678506356,5.0,0.822432852457702,39.9871_116.31,0.0833333333333333,9,1,0.3266979612502965
0,39.987211,116.310004,128.0,2008-10-23,04:18:02,2008-10-23 04:18:02,4,23,Thursday,10,False,39.987073,116.309987,2008-10-23 04:17:57,0.0014728907171184,5.0,1.060481316325271,39.9872_116.31,0.0833333333333333,9,1,0.3287459890739614
0,39.987325,116.31007,133.0,2008-10-23,04:18:07,2008-10-23 04:18:07,4,23,Thursday,10,False,39.987211,116.310004,2008-10-23 04:18:02,0.0056272958316578,5.0,4.051652998793664,39.9873_116.3101,0.0833333333333333,9,1,0.32317726935693586
0,39.987458,116.310084,137.0,2008-10-23,04:18:12,2008-10-23 04:18:12,4,23,Thursday,10,False,39.987325,116.31007,2008-10-23 04:18:07,0.001220352916085,5.0,0.878654099581262,39.9875_116.3101,0.0833333333333333,9,1,0.32802056600467266
0,39.987591,116.310088,145.0,2008-10-23,04:18:17,2008-10-23 04:18:17,4,23,Thursday,10,False,39.987458,116.310084,2008-10-23 04:18:12,0.0004275006586562,5.0,0.3078004742324823,39.9876_116.3101,0.0833333333333333,9,1,0.32717562855210336
0,39.987747,116.310049,153.0,2008-10-23,04:18:22,2008-10-23 04:18:22,4,23,Thursday,10,False,39.987591,116.310088,2008-10-23 04:18:17,0.0033363944019132,5.0,2.4022039693775237,39.9877_116.31,0.0833333333333333,9,1,0.3271834232065442
0,39.987884,116.310027,159.0,2008-10-23,04:18:27,2008-10-23 04:18:27,4,23,Thursday,10,False,39.987747,116.310049,2008-10-23 04:18:22,0.0018930640984887,5.0,1.363006150911912,39.9879_116.31,0.0833333333333333,9,1,0.327426188977395
0,39.988008,116.310059,176.0,2008-10-23,04:18:32,2008-10-23 04:18:32,4,23,Thursday,10,False,39.987884,116.310027,2008-10-23 04:18:27,0.0027368498675944,5.0,1.9705319046680008,39.988_116.3101,0.0833333333333333,9,1,0.32603807991961725
0,39.988111,116.310052,169.0,2008-10-23,04:18:37,2008-10-23 04:18:37,4,23,Thursday,10,False,39.988008,116.310059,2008-10-23 04:18:32,0.0006289753844991,5.0,0.4528622768393598,39.9881_116.3101,0.0833333333333333,9,1,0.32717562855210336
0,39.988293,116.309902,150.0,2008-10-23,04:18:42,2008-10-23 04:18:42,4,23,Thursday,10,False,39.988111,116.310052,2008-10-23 04:18:37,0.0127841260561077,5.0,9.20457076039759,39.9883_116.3099,0.0833333333333333,9,1,0.3156614894954674
0,39.988397,116.309931,150.0,2008-10-23,04:18:47,2008-10-23 04:18:47,4,23,Thursday,10,False,39.988293,116.309902,2008-10-23 04:18:42,0.0024788795271723,5.0,1.7847932595641118,39.9884_116.3099,0.0833333333333333,9,1,0.3251944940283104
0,39.988553,116.309866,138.0,2008-10-23,04:18:52,2008-10-23 04:18:52,4,23,Thursday,10,False,39.988397,116.309931,2008-10-23 04:18:47,0.0055459208001916,5.0,3.993062976137985,39.9886_116.3099,0.0833333333333333,9,1,0.32317726935693586
0,39.988679,116.309824,132.0,2008-10-23,04:18:57,2008-10-23 04:18:57,4,23,Thursday,10,False,39.988553,116.309866,2008-10-23 04:18:52,0.0035865129356102,5.0,2.5822893136393588,39.9887_116.3098,0.0833333333333333,9,1,0.32679165499899676
0,39.988772,116.309784,123.0,2008-10-23,04:19:02,2008-10-23 04:19:02,4,23,Thursday,10,False,39.988679,116.309824,2008-10-23 04:18:57,0.0034125489804631,5.0,2.4570352659334893,39.9888_116.3098,0.0833333333333333,9,1,0.3271834232065442
0,39.988901,116.309793,119.0,2008-10-23,04:19:07,2008-10-23 04:19:07,4,23,Thursday,10,False,39.988772,116.309784,2008-10-23 04:19:02,0.0008065843564701,5.0,0.5807407366584973,39.9889_116.3098,0.0833333333333333,9,1,0.3270458181098716
0,39.989029,116.309833,123.0,2008-10-23,04:19:12,2008-10-23 04:19:12,4,23,Thursday,10,False,39.988901,116.309793,2008-10-23 04:19:07,0.0034168029047376,5.0,2.460098091411072,39.989_116.3098,0.0833333333333333,9,1,0.3271834232065442
0,39.989173,116.309866,139.0,2008-10-23,04:19:17,2008-10-23 04:19:17,4,23,Thursday,10,False,39.989029,116.309833,2008-10-23 04:19:12,0.0028252527639656,5.0,2.034181990055252,39.9892_116.3099,0.0833333333333333,9,1,0.32603807991961725
0,39.989287,116.309905,141.0,2008-10-23,04:19:22,2008-10-23 04:19:22,4,23,Thursday,10,False,39.989173,116.309866,2008-10-23 04:19:17,0.0033299117503704,5.0,2.3975364602667133,39.9893_116.3099,0.0833333333333333,9,1,0.3271834232065442
0,39.989392,116.309949,150.0,2008-10-23,04:19:27,2008-10-23 04:19:27,4,23,Thursday,10,False,39.989287,116.309905,2008-10-23 04:19:22,0.0037540510157092,5.0,2.702916731310627,39.9894_116.3099,0.0833333333333333,9,1,0.3264411375959241
0,39.989519,116.310031,167.0,2008-10-23,04:19:32,2008-10-23 04:19:32,4,23,Thursday,10,False,39.989392,116.309949,2008-10-23 04:19:27,0.0069902060432378,5.0,5.032948351131227,39.9895_116.31,0.0833333333333333,9,1,0.3232227524859428
0,39.989628,116.310049,178.0,2008-10-23,04:19:37,2008-10-23 04:19:37,4,23,Thursday,10,False,39.989519,116.310031,2008-10-23 04:19:32,0.0015480004316652,5.0,1.1145603107989952,39.9896_116.31,0.0833333333333333,9,1,0.327426188977395
0,39.989762,116.310024,184.0,2008-10-23,04:19:42,2008-10-23 04:19:42,4,23,Thursday,10,False,39.989628,116.310049,2008-10-23 04:19:37,0.0021456456821573,5.0,1.5448648911533245,39.9898_116.31,0.0833333333333333,9,1,0.327426188977395
0,39.989838,116.310098,199.0,2008-10-23,04:19:47,2008-10-23 04:19:47,4,23,Thursday,10,False,39.989762,116.310024,2008-10-23 04:19:42,0.0063060055587337,5.0,4.540324002288327,39.9898_116.3101,0.0833333333333333,9,1,0.32089381880390483
0,39.989981,116.310115,181.0,2008-10-23,04:19:52,2008-10-23 04:19:52,4,23,Thursday,10,False,39.989838,116.310098,2008-10-23 04:19:47,0.0014746283845275,5.0,1.061732436859817,39.99_116.3101,0.0833333333333333,9,1,0.3287459890739614
0,39.990089,116.310169,196.0,2008-10-23,04:19:57,2008-10-23 04:19:57,4,23,Thursday,10,False,39.989981,116.310115,2008-10-23 04:19:52,0.0046051772373562,5.0,3.3157276108964995,39.9901_116.3102,0.0833333333333333,9,1,0.32376968570119474
0,39.990219,116.310215,208.0,2008-10-23,04:20:02,2008-10-23 04:20:02,4,23,Thursday,10,False,39.990089,116.310169,2008-10-23 04:19:57,0.0039269695370664,5.0,2.827418066687821,39.9902_116.3102,0.0833333333333333,9,1,0.3264411375959241
0,39.990325,116.310258,215.0,2008-10-23,04:20:07,2008-10-23 04:20:07,4,23,Thursday,10,False,39.990219,116.310215,2008-10-23 04:20:02,0.0036690443483477,5.0,2.641711930810364,39.9903_116.3103,0.0833333333333333,9,1,0.32679165499899676
0,39.990406,116.310277,223.0,2008-10-23,04:20:12,2008-10-23 04:20:12,4,23,Thursday,10,False,39.990325,116.310258,2008-10-23 04:20:07,0.0016262685512068,5.0,1.1709133568689616,39.9904_116.3103,0.0833333333333333,9,1,0.327426188977395
0,39.99056,116.31019,235.0,2008-10-23,04:20:17,2008-10-23 04:20:17,4,23,Thursday,10,False,39.990406,116.310277,2008-10-23 04:20:12,0.007417738407773,5.0,5.340771653596599,39.9906_116.3102,0.0833333333333333,9,1,0.3239173095556222
0,39.99065,116.310134,232.0,2008-10-23,04:20:22,2008-10-23 04:20:22,4,23,Thursday,10,False,39.99056,116.31019,2008-10-23 04:20:17,0.0047739468713286,5.0,3.43724174735664,39.9906_116.3101,0.0833333333333333,9,1,0.32263359689421456
0,39.990693,116.310114,230.0,2008-10-23,04:20:27,2008-10-23 04:20:27,4,23,Thursday,10,False,39.99065,116.310134,2008-10-23 04:20:22,0.0017058802423752,5.0,1.228233774510168,39.9907_116.3101,0.0833333333333333,9,1,0.327426188977395
0,39.990696,116.310111,232.0,2008-10-23,04:20:32,2008-10-23 04:20:32,4,23,Thursday,10,False,39.990693,116.310114,2008-10-23 04:20:27,0.0002556418952584,5.0,0.1840621645861104,39.9907_116.3101,0.0833333333333333,9,1,0.32555861063917274
0,39.990698,116.310105,232.0,2008-10-23,04:20:37,2008-10-23 04:20:37,4,23,Thursday,10,False,39.990696,116.310111,2008-10-23 04:20:32,0.0005111658962448,5.0,0.3680394452963269,39.9907_116.3101,0.0833333333333333,9,1,0.32717562855210336
0,39.990698,116.310103,231.0,2008-10-23,04:20:42,2008-10-23 04:20:42,4,23,Thursday,10,False,39.990698,116.310105,2008-10-23 04:20:37,0.00017038371656,5.0,0.1226762759232139,39.9907_116.3101,0.0833333333333333,9,1,0.32555861063917274
0,39.990696,116.310101,231.0,2008-10-23,04:20:47,2008-10-23 04:20:47,4,23,Thursday,10,False,39.990698,116.310103,2008-10-23 04:20:42,0.0001704279239381,5.0,0.1227081052354881,39.9907_116.3101,0.0833333333333333,9,1,0.32555861063917274
0,39.990695,116.310095,230.0,2008-10-23,04:20:52,2008-10-23 04:20:52,4,23,Thursday,10,False,39.990696,116.310101,2008-10-23 04:20:47,0.0005111548538038,5.0,0.3680314947387596,39.9907_116.3101,0.0833333333333333,9,1,0.32717562855210336
0,39.990692,116.310092,230.0,2008-10-23,04:20:57,2008-10-23 04:20:57,4,23,Thursday,10,False,39.990695,116.310095,2008-10-23 04:20:52,0.0002556419002098,5.0,0.1840621681510673,39.9907_116.3101,0.0833333333333333,9,1,0.32555861063917274
0,39.99069,116.31009,230.0,2008-10-23,04:21:02,2008-10-23 04:21:02,4,23,Thursday,10,False,39.990692,116.310092,2008-10-23 04:20:57,0.0001704279389007,5.0,0.1227081160085382,39.9907_116.3101,0.0833333333333333,9,1,0.32555861063917274
0,39.990689,116.310088,230.0,2008-10-23,04:21:07,2008-10-23 04:21:07,4,23,Thursday,10,False,39.99069,116.31009,2008-10-23 04:21:02,0.0001703947912681,5.0,0.1226842497130677,39.9907_116.3101,0.0833333333333333,9,1,0.32555861063917274
0,39.990689,116.310087,230.0,2008-10-23,04:21:12,2008-10-23 04:21:12,4,23,Thursday,10,False,39.990689,116.310088,2008-10-23 04:21:07,8.519186950505914e-05,5.0,0.0613381460436425,39.9907_116.3101,0.0833333333333333,9,1,0.3261216083795941
0,39.990689,116.310087,230.0,2008-10-23,04:21:15,2008-10-23 04:21:15,4,23,Thursday,10,False,39.990689,116.310087,2008-10-23 04:21:12,0.0,3.0,0.0,39.9907_116.3101,0.05,9,1,0.3261216083795941
0,39.990696,116.31009,230.0,2008-10-23,04:21:17,2008-10-23 04:21:17,4,23,Thursday,10,False,39.990689,116.310087,2008-10-23 04:21:15,0.0002559363953101,2.0,0.460685511558253,39.9907_116.3101,0.0333333333333333,9,1,0.32555861063917274
0,39.990743,116.310066,211.0,2008-10-23,04:21:22,2008-10-23 04:21:22,4,23,Thursday,10,False,39.990696,116.31009,2008-10-23 04:21:17,0.0020466375588002,5.0,1.4735790423361772,39.9907_116.3101,0.0833333333333333,9,1,0.327426188977395
0,39.990793,116.310109,190.0,2008-10-23,04:21:27,2008-10-23 04:21:27,4,23,Thursday,10,False,39.990743,116.310066,2008-10-23 04:21:22,0.0036645311286966,5.0,2.638462412661601,39.9908_116.3101,0.0833333333333333,9,1,0.32679165499899676
0,39.990837,116.310205,178.0,2008-10-23,04:21:32,2008-10-23 04:21:32,4,23,Thursday,10,False,39.990793,116.310109,2008-10-23 04:21:27,0.0081788501855954,5.0,5.888772133628702,39.9908_116.3102,0.0833333333333333,9,1,0.3217508900945855
0,39.990873,116.310318,161.0,2008-10-23,04:21:37,2008-10-23 04:21:37,4,23,Thursday,10,False,39.990837,116.310205,2008-10-23 04:21:32,0.0096269114063688,5.0,6.931376212585603,39.9909_116.3103,0.0833333333333333,9,1,0.3184238388015303
0,39.990887,116.310479,145.0,2008-10-23,04:21:42,2008-10-23 04:21:42,4,23,Thursday,10,False,39.990873,116.310318,2008-10-23 04:21:37,0.0137158795827054,5.0,9.875433299547945,39.9909_116.3105,0.0833333333333333,9,1,0.31087602517285523
0,39.990874,116.310657,134.0,2008-10-23,04:21:47,2008-10-23 04:21:47,4,23,Thursday,10,False,39.990887,116.310479,2008-10-23 04:21:42,0.0151641312839731,5.0,10.91817452446065,39.9909_116.3107,0.0833333333333333,9,1,0.3022564345310088
0,39.990906,116.310827,121.0,2008-10-23,04:21:52,2008-10-23 04:21:52,4,23,Thursday,10,False,39.990874,116.310657,2008-10-23 04:21:47,0.0144827083860618,5.0,10.42755003796452,39.9909_116.3108,0.0833333333333333,9,1,0.3096402523311258
0,39.990921,116.310971,108.0,2008-10-23,04:21:57,2008-10-23 04:21:57,4,23,Thursday,10,False,39.990906,116.310827,2008-10-23 04:21:52,0.0122676234581309,5.0,8.8326888898543,39.9909_116.311,0.0833333333333333,9,1,0.31586462388262115
0,39.990933,116.311149,99.0,2008-10-23,04:22:02,2008-10-23 04:22:02,4,23,Thursday,10,False,39.990921,116.310971,2008-10-23 04:21:57,0.0151641178559537,5.0,10.918164856286705,39.9909_116.3111,0.0833333333333333,9,1,0.3022564345310088
0,39.990969,116.311312,90.0,2008-10-23,04:22:07,2008-10-23 04:22:07,4,23,Thursday,10,False,39.990933,116.311149,2008-10-23 04:22:02,0.0138863972572716,5.0,9.998206025235596,39.991_116.3113,0.0833333333333333,9,1,0.31087602517285523
0,39.990994,116.311507,82.0,2008-10-23,04:22:12,2008-10-23 04:22:12,4,23,Thursday,10,False,39.990969,116.311312,2008-10-23 04:22:07,0.016612414307387,5.0,11.960938301318697,39.991_116.3115,0.0833333333333333,9,1,0.3001170123952202
0,39.991014,116.311693,73.0,2008-10-23,04:22:17,2008-10-23 04:22:17,4,23,Thursday,10,False,39.990994,116.311507,2008-10-23 04:22:12,0.0158456622310252,5.0,11.408876806338188,39.991_116.3117,0.0833333333333333,9,1,0.3022564345310088
0,39.99101,116.311915,75.0,2008-10-23,04:22:22,2008-10-23 04:22:22,4,23,Thursday,10,False,39.991014,116.311693,2008-10-23 04:22:17,0.0189125072365132,5.0,13.617005210289534,39.991_116.3119,0.0833333333333333,9,1,0.2982933131951573
0,39.991033,116.312107,74.0,2008-10-23,04:22:27,2008-10-23 04:22:27,4,23,Thursday,10,False,39.99101,116.311915,2008-10-23 04:22:22,0.016356820267751,5.0,11.77691059278075,39.991_116.3121,0.0833333333333333,9,1,0.3001170123952202
0,39.991055,116.312282,78.0,2008-10-23,04:22:32,2008-10-23 04:22:32,4,23,Thursday,10,False,39.991033,116.312107,2008-10-23 04:22:27,0.0149085608537651,5.0,10.734163814710938,39.9911_116.3123,0.0833333333333333,9,1,0.3070086208985595
0,39.991058,116.312473,82.0,2008-10-23,04:22:37,2008-10-23 04:22:37,4,23,Thursday,10,False,39.991055,116.312282,2008-10-23 04:22:32,0.0162715606118839,5.0,11.715523640556407,39.9911_116.3125,0.0833333333333333,9,1,0.3001170123952202
0,39.991032,116.312666,86.0,2008-10-23,04:22:42,2008-10-23 04:22:42,4,23,Thursday,10,False,39.991058,116.312473,2008-10-23 04:22:37,0.0164420225868636,5.0,11.838256262541837,39.991_116.3127,0.0833333333333333,9,1,0.3001170123952202
0,39.991024,116.312853,86.0,2008-10-23,04:22:47,2008-10-23 04:22:47,4,23,Thursday,10,False,39.991032,116.312666,2008-10-23 04:22:42,0.015930808138315,5.0,11.470181859586807,39.991_116.3129,0.0833333333333333,9,1,0.3022564345310088
0,39.991022,116.313047,84.0,2008-10-23,04:22:52,2008-10-23 04:22:52,4,23,Thursday,10,False,39.991024,116.312853,2008-10-23 04:22:47,0.0165271423652814,5.0,11.899542503002658,39.991_116.313,0.0833333333333333,9,1,0.3001170123952202
0,39.991018,116.313244,91.0,2008-10-23,04:22:57,2008-10-23 04:22:57,4,23,Thursday,10,False,39.991022,116.313047,2008-10-23 04:22:52,0.016782718801979,5.0,12.083557537424902,39.991_116.3132,0.0833333333333333,9,1,0.3001170123952202
0,39.991016,116.313469,99.0,2008-10-23,04:23:02,2008-10-23 04:23:02,4,23,Thursday,10,False,39.991018,116.313244,2008-10-23 04:22:57,0.0191680790343331,5.0,13.801016904719852,39.991_116.3135,0.0833333333333333,9,1,0.2982933131951573
0,39.991035,116.313681,103.0,2008-10-23,04:23:07,2008-10-23 04:23:07,4,23,Thursday,10,False,39.991016,116.313469,2008-10-23 04:23:02,0.0180606250477672,5.0,13.003650034392413,39.991_116.3137,0.0833333333333333,9,1,0.30031225513136395
0,39.991063,116.31384,100.0,2008-10-23,04:23:12,2008-10-23 04:23:12,4,23,Thursday,10,False,39.991035,116.313681,2008-10-23 04:23:07,0.0135455448909937,5.0,9.752792321515514,39.9911_116.3138,0.0833333333333333,9,1,0.31087602517285523
0,39.991072,116.31403,98.0,2008-10-23,04:23:17,2008-10-23 04:23:17,4,23,Thursday,10,False,39.991063,116.31384,2008-10-23 04:23:12,0.0161863749762844,5.0,11.654189982924825,39.9911_116.314,0.0833333333333333,9,1,0.3022564345310088
0,39.991068,116.314209,109.0,2008-10-23,04:23:22,2008-10-23 04:23:22,4,23,Thursday,10,False,39.991072,116.31403,2008-10-23 04:23:17,0.0152492615960355,5.0,10.979468349145597,39.9911_116.3142,0.0833333333333333,9,1,0.3022564345310088
0,39.991095,116.314385,111.0,2008-10-23,04:23:27,2008-10-23 04:23:27,4,23,Thursday,10,False,39.991068,116.314209,2008-10-23 04:23:22,0.0149937744730124,5.0,10.795517620568962,39.9911_116.3144,0.0833333333333333,9,1,0.3070086208985595
0,39.991113,116.314596,112.0,2008-10-23,04:23:32,2008-10-23 04:23:32,4,23,Thursday,10,False,39.991095,116.314385,2008-10-23 04:23:27,0.0179754092402674,5.0,12.942294652992588,39.9911_116.3146,0.0833333333333333,9,1,0.30031225513136395
0,39.991128,116.314797,109.0,2008-10-23,04:23:37,2008-10-23 04:23:37,4,23,Thursday,10,False,39.991113,116.314596,2008-10-23 04:23:32,0.0171234823845741,5.0,12.328907316893403,39.9911_116.3148,0.0833333333333333,9,1,0.3001170123952202
0,39.991127,116.315003,116.0,2008-10-23,04:23:42,2008-10-23 04:23:42,4,23,Thursday,10,False,39.991128,116.314797,2008-10-23 04:23:37,0.0175494126063097,5.0,12.635577076543036,39.9911_116.315,0.0833333333333333,9,1,0.3001170123952202
0,39.991148,116.315193,120.0,2008-10-23,04:23:47,2008-10-23 04:23:47,4,23,Thursday,10,False,39.991127,116.315003,2008-10-23 04:23:42,0.0161864002707478,5.0,11.65420819493842,39.9911_116.3152,0.0833333333333333,9,1,0.3022564345310088
0,39.991176,116.315342,112.0,2008-10-23,04:23:52,2008-10-23 04:23:52,4,23,Thursday,10,False,39.991148,116.315193,2008-10-23 04:23:47,0.012693617000403,5.0,9.13940424029023,39.9912_116.3153,0.0833333333333333,9,1,0.3156614894954674
0,39.991215,116.315529,106.0,2008-10-23,04:23:57,2008-10-23 04:23:57,4,23,Thursday,10,False,39.991176,116.315342,2008-10-23 04:23:52,0.0159309413030074,5.0,11.47027773816538,39.9912_116.3155,0.0833333333333333,9,1,0.3022564345310088
0,39.991209,116.315643,106.0,2008-10-23,04:24:02,2008-10-23 04:24:02,4,23,Thursday,10,False,39.991215,116.315529,2008-10-23 04:23:57,0.0097118057658542,5.0,6.992500151415071,39.9912_116.3156,0.0833333333333333,9,1,0.3184238388015303
0,39.991191,116.31579,104.0,2008-10-23,04:24:07,2008-10-23 04:24:07,4,23,Thursday,10,False,39.991209,116.315643,2008-10-23 04:24:02,0.0125231598836047,5.0,9.01667511619539,39.9912_116.3158,0.0833333333333333,9,1,0.3129023912009277
0,39.991188,116.315958,107.0,2008-10-23,04:24:12,2008-10-23 04:24:12,4,23,Thursday,10,False,39.991191,116.31579,2008-10-23 04:24:07,0.0143121304237463,5.0,10.304733905097343,39.9912_116.316,0.0833333333333333,9,1,0.31287239584883797
0,39.991189,116.316172,102.0,2008-10-23,04:24:17,2008-10-23 04:24:17,4,23,Thursday,10,False,39.991188,116.315958,2008-10-23 04:24:12,0.0182309269027866,5.0,13.126267370006357,39.9912_116.3162,0.0833333333333333,9,1,0.30031225513136395
0,39.991186,116.316381,96.0,2008-10-23,04:24:22,2008-10-23 04:24:22,4,23,Thursday,10,False,39.991189,116.316172,2008-10-23 04:24:17,0.0178049717795154,5.0,12.81957968125114,39.9912_116.3164,0.0833333333333333,9,1,0.3001170123952202
0,39.991194,116.316575,92.0,2008-10-23,04:24:27,2008-10-23 04:24:27,4,23,Thursday,10,False,39.991186,116.316381,2008-10-23 04:24:22,0.0165271087939928,5.0,11.899518331674829,39.9912_116.3166,0.0833333333333333,9,1,0.3001170123952202
0,39.991208,116.316756,87.0,2008-10-23,04:24:32,2008-10-23 04:24:32,4,23,Thursday,10,False,39.991194,116.316575,2008-10-23 04:24:27,0.01541963677286,5.0,11.102138476459258,39.9912_116.3168,0.0833333333333333,9,1,0.3022564345310088
0,39.99122,116.316999,88.0,2008-10-23,04:24:37,2008-10-23 04:24:37,4,23,Thursday,10,False,39.991208,116.316756,2008-10-23 04:24:32,0.0207014783253874,5.0,14.905064394278993,39.9912_116.317,0.0833333333333333,9,1,0.29996717736147355
0,39.991197,116.317235,91.0,2008-10-23,04:24:42,2008-10-23 04:24:42,4,23,Thursday,10,False,39.99122,116.316999,2008-10-23 04:24:37,0.0201051778905313,5.0,14.475728081182568,39.9912_116.3172,0.0833333333333333,9,1,0.2977898384385808
0,39.991183,116.317452,94.0,2008-10-23,04:24:47,2008-10-23 04:24:47,4,23,Thursday,10,False,39.991197,116.317235,2008-10-23 04:24:42,0.018486520100477,5.0,13.310294472343456,39.9912_116.3175,0.0833333333333333,9,1,0.2982933131951573
0,39.991164,116.317661,92.0,2008-10-23,04:24:52,2008-10-23 04:24:52,4,23,Thursday,10,False,39.991183,116.317452,2008-10-23 04:24:47,0.017805012657942,5.0,12.819609113718304,39.9912_116.3177,0.0833333333333333,9,1,0.3001170123952202
0,39.991187,116.317874,90.0,2008-10-23,04:24:57,2008-10-23 04:24:57,4,23,Thursday,10,False,39.991164,116.317661,2008-10-23 04:24:52,0.0181457939069272,5.0,13.064971612987604,39.9912_116.3179,0.0833333333333333,9,1,0.30031225513136395
0,39.991179,116.318083,90.0,2008-10-23,04:25:02,2008-10-23 04:25:02,4,23,Thursday,10,False,39.991187,116.317874,2008-10-23 04:24:57,0.017804978768561,5.0,12.819584713363934,39.9912_116.3181,0.0833333333333333,9,1,0.3001170123952202
0,39.991132,116.318231,95.0,2008-10-23,04:25:07,2008-10-23 04:25:07,4,23,Thursday,10,False,39.991179,116.318083,2008-10-23 04:25:02,0.0126086405412838,5.0,9.078221189724372,39.9911_116.3182,0.0833333333333333,9,1,0.3156614894954674
0,39.991169,116.31848,97.0,2008-10-23,04:25:12,2008-10-23 04:25:12,4,23,Thursday,10,False,39.991132,116.318231,2008-10-23 04:25:07,0.0212127537713111,5.0,15.273182715344026,39.9912_116.3185,0.0833333333333333,9,1,0.29996717736147355
0,39.991183,116.318691,90.0,2008-10-23,04:25:17,2008-10-23 04:25:17,4,23,Thursday,10,False,39.991169,116.31848,2008-10-23 04:25:12,0.0179753768835252,5.0,12.942271356138184,39.9912_116.3187,0.0833333333333333,9,1,0.30031225513136395
0,39.991204,116.318904,94.0,2008-10-23,04:25:22,2008-10-23 04:25:22,4,23,Thursday,10,False,39.991183,116.318691,2008-10-23 04:25:17,0.018145779992271,5.0,13.064961594435175,39.9912_116.3189,0.0833333333333333,9,1,0.30031225513136395
0,39.991201,116.319098,88.0,2008-10-23,04:25:27,2008-10-23 04:25:27,4,23,Thursday,10,False,39.991204,116.318904,2008-10-23 04:25:22,0.0165270995024215,5.0,11.899511641743526,39.9912_116.3191,0.0833333333333333,9,1,0.3001170123952202
0,39.991194,116.319315,86.0,2008-10-23,04:25:32,2008-10-23 04:25:32,4,23,Thursday,10,False,39.991201,116.319098,2008-10-23 04:25:27,0.0184865030959315,5.0,13.310282229070692,39.9912_116.3193,0.0833333333333333,9,1,0.2982933131951573
0,39.991187,116.31949,87.0,2008-10-23,04:25:37,2008-10-23 04:25:37,4,23,Thursday,10,False,39.991194,116.319315,2008-10-23 04:25:32,0.0149084739300593,5.0,10.73410122964275,39.9912_116.3195,0.0833333333333333,9,1,0.3070086208985595
0,39.991206,116.319683,87.0,2008-10-23,04:25:42,2008-10-23 04:25:42,4,23,Thursday,10,False,39.991187,116.31949,2008-10-23 04:25:37,0.0164419500396502,5.0,11.8382040285482,39.9912_116.3197,0.0833333333333333,9,1,0.3001170123952202
0,39.991239,116.319866,81.0,2008-10-23,04:25:47,2008-10-23 04:25:47,4,23,Thursday,10,False,39.991206,116.319683,2008-10-23 04:25:42,0.0155901219364065,5.0,11.224887794212734,39.9912_116.3199,0.0833333333333333,9,1,0.3022564345310088
0,39.991258,116.320062,73.0,2008-10-23,04:25:52,2008-10-23 04:25:52,4,23,Thursday,10,False,39.991239,116.319866,2008-10-23 04:25:47,0.0166975104045293,5.0,12.022207491261108,39.9913_116.3201,0.0833333333333333,9,1,0.3001170123952202
0,39.991282,116.320255,71.0,2008-10-23,04:25:57,2008-10-23 04:25:57,4,23,Thursday,10,False,39.991258,116.320062,2008-10-23 04:25:52,0.0164419569733687,5.0,11.838209020825508,39.9913_116.3203,0.0833333333333333,9,1,0.3001170123952202
0,39.991288,116.320445,66.0,2008-10-23,04:26:02,2008-10-23 04:26:02,4,23,Thursday,10,False,39.991282,116.320255,2008-10-23 04:25:57,0.0161863181986005,5.0,11.654149102992411,39.9913_116.3204,0.0833333333333333,9,1,0.3022564345310088
0,39.991308,116.320622,59.0,2008-10-23,04:26:07,2008-10-23 04:26:07,4,23,Thursday,10,False,39.991288,116.320445,2008-10-23 04:26:02,0.0150788764525228,5.0,10.85679104581647,39.9913_116.3206,0.0833333333333333,9,1,0.3022564345310088
0,39.991325,116.320803,51.0,2008-10-23,04:26:12,2008-10-23 04:26:12,4,23,Thursday,10,False,39.991308,116.320622,2008-10-23 04:26:07,0.0154196220567322,5.0,11.102127880847242,39.9913_116.3208,0.0833333333333333,9,1,0.3022564345310088
0,39.991352,116.321002,50.0,2008-10-23,04:26:17,2008-10-23 04:26:17,4,23,Thursday,10,False,39.991325,116.320803,2008-10-23 04:26:12,0.016953101847306,5.0,12.20623333006034,39.9914_116.321,0.0833333333333333,9,1,0.3001170123952202
0,39.991382,116.321179,47.0,2008-10-23,04:26:22,2008-10-23 04:26:22,4,23,Thursday,10,False,39.991352,116.321002,2008-10-23 04:26:17,0.0150789236658402,5.0,10.85682503940497,39.9914_116.3212,0.0833333333333333,9,1,0.3022564345310088
0,39.991388,116.321384,53.0,2008-10-23,04:26:27,2008-10-23 04:26:27,4,23,Thursday,10,False,39.991382,116.321179,2008-10-23 04:26:22,0.0174641592183402,5.0,12.574194637205013,39.9914_116.3214,0.0833333333333333,9,1,0.3001170123952202
0,39.991389,116.321583,53.0,2008-10-23,04:26:32,2008-10-23 04:26:32,4,23,Thursday,10,False,39.991388,116.321384,2008-10-23 04:26:27,0.0169530085702003,5.0,12.206166170544266,39.9914_116.3216,0.0833333333333333,9,1,0.3001170123952202
0,39.991368,116.321736,52.0,2008-10-23,04:26:37,2008-10-23 04:26:37,4,23,Thursday,10,False,39.991389,116.321583,2008-10-23 04:26:32,0.0130342882073924,5.0,9.38468750932256,39.9914_116.3217,0.0833333333333333,9,1,0.3156614894954674
0,39.99141,116.321874,51.0,2008-10-23,04:26:42,2008-10-23 04:26:42,4,23,Thursday,10,False,39.991368,116.321736,2008-10-23 04:26:37,0.0117566401006667,5.0,8.464780872480059,39.9914_116.3219,0.0833333333333333,9,1,0.31586462388262115
0,39.991412,116.322004,55.0,2008-10-23,04:26:47,2008-10-23 04:26:47,4,23,Thursday,10,False,39.99141,116.321874,2008-10-23 04:26:42,0.0110748266792206,5.0,7.973875209038847,39.9914_116.322,0.0833333333333333,9,1,0.31586462388262115
0,39.991406,116.322176,67.0,2008-10-23,04:26:52,2008-10-23 04:26:52,4,23,Thursday,10,False,39.991412,116.322004,2008-10-23 04:26:47,0.0146528517601041,5.0,10.55005326727497,39.9914_116.3222,0.0833333333333333,9,1,0.3070086208985595
0,39.991403,116.322296,70.0,2008-10-23,04:26:57,2008-10-23 04:26:57,4,23,Thursday,10,False,39.991406,116.322176,2008-10-23 04:26:52,0.010222918936186,5.0,7.360501634053976,39.9914_116.3223,0.0833333333333333,9,1,0.3184238388015303
0,39.991401,116.322436,70.0,2008-10-23,04:27:02,2008-10-23 04:27:02,4,23,Thursday,10,False,39.991403,116.322296,2008-10-23 04:26:57,0.0119267378933772,5.0,8.587251283231627,39.9914_116.3224,0.0833333333333333,9,1,0.31586462388262115
0,39.991477,116.322668,66.0,2008-10-23,04:27:07,2008-10-23 04:27:07,4,23,Thursday,10,False,39.991401,116.322436,2008-10-23 04:27:02,0.019764847099781,5.0,14.230689911842346,39.9915_116.3227,0.0833333333333333,9,1,0.2977898384385808
0,39.991591,116.322784,74.0,2008-10-23,04:27:12,2008-10-23 04:27:12,4,23,Thursday,10,False,39.991477,116.322668,2008-10-23 04:27:07,0.0098846109106063,5.0,7.116919855636604,39.9916_116.3228,0.0833333333333333,9,1,0.3184238388015303
0,39.991716,116.322778,80.0,2008-10-23,04:27:17,2008-10-23 04:27:17,4,23,Thursday,10,False,39.991591,116.322784,2008-10-23 04:27:12,0.0005657896699553,5.0,0.4073685623678454,39.9917_116.3228,0.0833333333333333,9,1,0.32717562855210336
0,39.991863,116.322774,83.0,2008-10-23,04:27:22,2008-10-23 04:27:22,4,23,Thursday,10,False,39.991716,116.322778,2008-10-23 04:27:17,0.0004444170796834,5.0,0.3199802973721112,39.9919_116.3228,0.0833333333333333,9,1,0.32717562855210336
0,39.992007,116.322784,90.0,2008-10-23,04:27:27,2008-10-23 04:27:27,4,23,Thursday,10,False,39.991863,116.322774,2008-10-23 04:27:22,0.0008965705451184,5.0,0.6455307924852641,39.992_116.3228,0.0833333333333333,9,1,0.3270458181098716
0,39.992201,116.322812,98.0,2008-10-23,04:27:32,2008-10-23 04:27:32,4,23,Thursday,10,False,39.992007,116.322784,2008-10-23 04:27:27,0.0024148534461101,5.0,1.7386944811992755,39.9922_116.3228,0.0833333333333333,9,1,0.3251944940283104
0,39.992365,116.3228,117.0,2008-10-23,04:27:37,2008-10-23 04:27:37,4,23,Thursday,10,False,39.992201,116.322812,2008-10-23 04:27:32,0.0010706793063479,5.0,0.7708891005705278,39.9924_116.3228,0.0833333333333333,9,1,0.3270458181098716
0,39.992456,116.322797,139.0,2008-10-23,04:27:42,2008-10-23 04:27:42,4,23,Thursday,10,False,39.992365,116.3228,2008-10-23 04:27:37,0.000310652590111,5.0,0.2236698648799758,39.9925_116.3228,0.0833333333333333,9,1,0.3264670771845792
0,39.9926,116.32281,153.0,2008-10-23,04:27:47,2008-10-23 04:27:47,4,23,Thursday,10,False,39.992456,116.322797,2008-10-23 04:27:42,0.0011421809613742,5.0,0.8223702921894275,39.9926_116.3228,0.0833333333333333,9,1,0.3266979612502965
0,39.992777,116.322891,148.0,2008-10-23,04:27:52,2008-10-23 04:27:52,4,23,Thursday,10,False,39.9926,116.32281,2008-10-23 04:27:47,0.0069088842432021,5.0,4.974396655105536,39.9928_116.3229,0.0833333333333333,9,1,0.3232227524859428
0,39.992883,116.322891,150.0,2008-10-23,04:27:57,2008-10-23 04:27:57,4,23,Thursday,10,False,39.992777,116.322891,2008-10-23 04:27:52,0.0002057160636458,5.0,0.1481155658250106,39.9929_116.3229,0.0833333333333333,9,1,0.32555861063917274
0,39.993001,116.322713,153.0,2008-10-23,04:28:02,2008-10-23 04:28:02,4,23,Thursday,10,False,39.992883,116.322891,2008-10-23 04:27:57,0.0151653817580455,5.0,10.919074865792815,39.993_116.3227,0.0833333333333333,9,1,0.3022564345310088
0,39.993077,116.322617,159.0,2008-10-23,04:28:07,2008-10-23 04:28:07,4,23,Thursday,10,False,39.993001,116.322713,2008-10-23 04:28:02,0.0081794680518487,5.0,5.889216997331119,39.9931_116.3226,0.0833333333333333,9,1,0.3217508900945855
0,39.993222,116.322651,157.0,2008-10-23,04:28:12,2008-10-23 04:28:12,4,23,Thursday,10,False,39.993077,116.322617,2008-10-23 04:28:07,0.0029100571447762,5.0,2.09524114423887,39.9932_116.3227,0.0833333333333333,9,1,0.32603807991961725
0,39.993429,116.32276,161.0,2008-10-23,04:28:17,2008-10-23 04:28:17,4,23,Thursday,10,False,39.993222,116.322651,2008-10-23 04:28:12,0.0092942414557304,5.0,6.691853848125915,39.9934_116.3228,0.0833333333333333,9,1,0.3184238388015303
0,39.993535,116.322744,170.0,2008-10-23,04:28:22,2008-10-23 04:28:22,4,23,Thursday,10,False,39.993429,116.32276,2008-10-23 04:28:17,0.001378450850856,5.0,0.9924846126163606,39.9935_116.3227,0.0833333333333333,9,1,0.32802056600467266
0,39.99364,116.322658,179.0,2008-10-23,04:28:27,2008-10-23 04:28:27,4,23,Thursday,10,False,39.993535,116.322744,2008-10-23 04:28:22,0.0073290233097352,5.0,5.276896783009351,39.9936_116.3227,0.0833333333333333,9,1,0.3239173095556222
0,39.993796,116.322579,186.0,2008-10-23,04:28:32,2008-10-23 04:28:32,4,23,Thursday,10,False,39.99364,116.322658,2008-10-23 04:28:27,0.0067366656617323,5.0,4.850399276447294,39.9938_116.3226,0.0833333333333333,9,1,0.3222387773259776
0,39.994055,116.322804,168.0,2008-10-23,04:28:37,2008-10-23 04:28:37,4,23,Thursday,10,False,39.993796,116.322579,2008-10-23 04:28:32,0.0191738520160939,5.0,13.80517345158766,39.9941_116.3228,0.0833333333333333,9,1,0.2982933131951573
0,39.994175,116.322829,160.0,2008-10-23,04:28:42,2008-10-23 04:28:42,4,23,Thursday,10,False,39.994055,116.322804,2008-10-23 04:28:37,0.0021423853687606,5.0,1.5425174655076557,39.9942_116.3228,0.0833333333333333,9,1,0.327426188977395
0,39.994276,116.322786,153.0,2008-10-23,04:28:47,2008-10-23 04:28:47,4,23,Thursday,10,False,39.994175,116.322829,2008-10-23 04:28:42,0.0036683013472261,5.0,2.641176970002793,39.9943_116.3228,0.0833333333333333,9,1,0.32679165499899676
0,39.994471,116.322763,156.0,2008-10-23,04:28:52,2008-10-23 04:28:52,4,23,Thursday,10,False,39.994276,116.322786,2008-10-23 04:28:47,0.0019955204571009,5.0,1.4367747291126916,39.9945_116.3228,0.0833333333333333,9,1,0.327426188977395
0,39.994648,116.322723,148.0,2008-10-23,04:28:57,2008-10-23 04:28:57,4,23,Thursday,10,False,39.994471,116.322763,2008-10-23 04:28:52,0.0034247523270519,5.0,2.465821675477406,39.9946_116.3227,0.0833333333333333,9,1,0.3271834232065442
0,39.99481,116.322641,145.0,2008-10-23,04:29:02,2008-10-23 04:29:02,4,23,Thursday,10,False,39.994648,116.322723,2008-10-23 04:28:57,0.0069923917327187,5.0,5.034522047557531,39.9948_116.3226,0.0833333333333333,9,1,0.3232227524859428
0,39.994946,116.322625,147.0,2008-10-23,04:29:07,2008-10-23 04:29:07,4,23,Thursday,10,False,39.99481,116.322641,2008-10-23 04:29:02,0.0013883064340162,5.0,0.999580632491682,39.9949_116.3226,0.0833333333333333,9,1,0.32802056600467266
0,39.995093,116.32262,145.0,2008-10-23,04:29:12,2008-10-23 04:29:12,4,23,Thursday,10,False,39.994946,116.322625,2008-10-23 04:29:07,0.0005126462401536,5.0,0.3691052929106089,39.9951_116.3226,0.0833333333333333,9,1,0.32717562855210336
0,39.995235,116.322606,145.0,2008-10-23,04:29:17,2008-10-23 04:29:17,4,23,Thursday,10,False,39.995093,116.32262,2008-10-23 04:29:12,0.0012240340293819,5.0,0.8813045011550346,39.9952_116.3226,0.0833333333333333,9,1,0.32802056600467266
0,39.995392,116.322607,143.0,2008-10-23,04:29:22,2008-10-23 04:29:22,4,23,Thursday,10,False,39.995235,116.322606,2008-10-23 04:29:17,0.0003163768153968,5.0,0.2277913070857068,39.9954_116.3226,0.0833333333333333,9,1,0.3264670771845792
0,39.995567,116.322533,149.0,2008-10-23,04:29:27,2008-10-23 04:29:27,4,23,Thursday,10,False,39.995392,116.322607,2008-10-23 04:29:22,0.0063128985216024,5.0,4.545286935553759,39.9956_116.3225,0.0833333333333333,9,1,0.32089381880390483
0,39.995718,116.32252,147.0,2008-10-23,04:29:32,2008-10-23 04:29:32,4,23,Thursday,10,False,39.995567,116.322533,2008-10-23 04:29:27,0.0011455317879989,5.0,0.8247828873592402,39.9957_116.3225,0.0833333333333333,9,1,0.3266979612502965
0,39.995852,116.322517,146.0,2008-10-23,04:29:37,2008-10-23 04:29:37,4,23,Thursday,10,False,39.995718,116.32252,2008-10-23 04:29:32,0.000364607116375,5.0,0.2625171237900563,39.9959_116.3225,0.0833333333333333,9,1,0.32375118868815467
0,39.995993,116.322556,154.0,2008-10-23,04:29:42,2008-10-23 04:29:42,4,23,Thursday,10,False,39.995852,116.322517,2008-10-23 04:29:37,0.0033334787572389,5.0,2.4001047052120374,39.996_116.3226,0.0833333333333333,9,1,0.3271834232065442
0,39.99611,116.322544,152.0,2008-10-23,04:29:47,2008-10-23 04:29:47,4,23,Thursday,10,False,39.995993,116.322556,2008-10-23 04:29:42,0.0010471371513987,5.0,0.7539387490071354,39.9961_116.3225,0.0833333333333333,9,1,0.3270458181098716
0,39.996234,116.322552,151.0,2008-10-23,04:29:52,2008-10-23 04:29:52,4,23,Thursday,10,False,39.99611,116.322544,2008-10-23 04:29:47,0.0007227221171416,5.0,0.5203599243419821,39.9962_116.3226,0.0833333333333333,9,1,0.32717562855210336
0,39.996392,116.322481,157.0,2008-10-23,04:29:57,2008-10-23 04:29:57,4,23,Thursday,10,False,39.996234,116.322552,2008-10-23 04:29:52,0.0060558927002364,5.0,4.360242744170274,39.9964_116.3225,0.0833333333333333,9,1,0.32089381880390483
0,39.996534,116.322464,166.0,2008-10-23,04:30:02,2008-10-23 04:30:02,4,23,Thursday,10,False,39.996392,116.322481,2008-10-23 04:29:57,0.0014741278662164,5.0,1.0613720636758766,39.9965_116.3225,0.0833333333333333,9,1,0.3287459890739614
0,39.996632,116.322425,166.0,2008-10-23,04:30:07,2008-10-23 04:30:07,4,23,Thursday,10,False,39.996534,116.322464,2008-10-23 04:30:02,0.0033276357962642,5.0,2.395897773310261,39.9966_116.3224,0.0833333333333333,9,1,0.3271834232065442
0,39.996645,116.322412,169.0,2008-10-23,04:30:12,2008-10-23 04:30:12,4,23,Thursday,10,False,39.996632,116.322425,2008-10-23 04:30:07,0.0011076851918006,5.0,0.7975333380964859,39.9966_116.3224,0.0833333333333333,9,1,0.3277597253394435
0,39.996725,116.322348,167.0,2008-10-23,04:30:17,2008-10-23 04:30:17,4,23,Thursday,10,False,39.996645,116.322412,2008-10-23 04:30:12,0.0054540112923231,5.0,3.926888130472697,39.9967_116.3223,0.0833333333333333,9,1,0.32317726935693586
0,39.996881,116.322337,163.0,2008-10-23,04:30:22,2008-10-23 04:30:22,4,23,Thursday,10,False,39.996725,116.322348,2008-10-23 04:30:17,0.0009847221633334,5.0,0.7089999576000996,39.9969_116.3223,0.0833333333333333,9,1,0.3270458181098716
0,39.997081,116.322428,163.0,2008-10-23,04:30:27,2008-10-23 04:30:27,4,23,Thursday,10,False,39.996881,116.322337,2008-10-23 04:30:22,0.0077614574000043,5.0,5.588249328003163,39.9971_116.3224,0.0833333333333333,9,1,0.3239173095556222
0,39.997277,116.322428,162.0,2008-10-23,04:30:32,2008-10-23 04:30:32,4,23,Thursday,10,False,39.997081,116.322428,2008-10-23 04:30:27,0.0003803806459519,5.0,0.2738740650854087,39.9973_116.3224,0.0833333333333333,9,1,0.32375118868815467
0,39.997592,116.322314,170.0,2008-10-23,04:30:37,2008-10-23 04:30:37,4,23,Thursday,10,False,39.997277,116.322428,2008-10-23 04:30:32,0.0097301371945573,5.0,7.005698780081259,39.9976_116.3223,0.0833333333333333,9,1,0.3184238388015303
0,39.99775,116.322301,170.0,2008-10-23,04:30:42,2008-10-23 04:30:42,4,23,Thursday,10,False,39.997592,116.322314,2008-10-23 04:30:37,0.0011490504400631,5.0,0.8273163168454898,39.9978_116.3223,0.0833333333333333,9,1,0.3266979612502965
0,39.997865,116.322317,168.0,2008-10-23,04:30:47,2008-10-23 04:30:47,4,23,Thursday,10,False,39.99775,116.322301,2008-10-23 04:30:42,0.0013810802891137,5.0,0.9943778081619266,39.9979_116.3223,0.0833333333333333,9,1,0.32802056600467266
0,39.997988,116.32231,164.0,2008-10-23,04:30:52,2008-10-23 04:30:52,4,23,Thursday,10,False,39.997865,116.322317,2008-10-23 04:30:47,0.0006422860329791,5.0,0.4624459437450236,39.998_116.3223,0.0833333333333333,9,1,0.32717562855210336
0,39.998151,116.322261,161.0,2008-10-23,04:30:57,2008-10-23 04:30:57,4,23,Thursday,10,False,39.997988,116.32231,2008-10-23 04:30:52,0.0041859206985412,5.0,3.013862902949666,39.9982_116.3223,0.0833333333333333,9,1,0.32376968570119474
0,39.998307,116.322268,156.0,2008-10-23,04:31:02,2008-10-23 04:31:02,4,23,Thursday,10,False,39.998151,116.322261,2008-10-23 04:30:57,0.0006687341043603,5.0,0.4814885551394682,39.9983_116.3223,0.0833333333333333,9,1,0.32717562855210336
0,39.998452,116.322236,162.0,2008-10-23,04:31:07,2008-10-23 04:31:07,4,23,Thursday,10,False,39.998307,116.322268,2008-10-23 04:31:02,0.0027403198833109,5.0,1.9730303159839169,39.9985_116.3222,0.0833333333333333,9,1,0.32603807991961725
0,39.998603,116.322225,163.0,2008-10-23,04:31:12,2008-10-23 04:31:12,4,23,Thursday,10,False,39.998452,116.322236,2008-10-23 04:31:07,0.0009817596415421,5.0,0.7068669419103814,39.9986_116.3222,0.0833333333333333,9,1,0.3270458181098716
0,39.998753,116.322225,168.0,2008-10-23,04:31:17,2008-10-23 04:31:17,4,23,Thursday,10,False,39.998603,116.322225,2008-10-23 04:31:12,0.0002911076372097,5.0,0.2095974987910326,39.9988_116.3222,0.0833333333333333,9,1,0.3264670771845792
0,39.998895,116.322254,171.0,2008-10-23,04:31:22,2008-10-23 04:31:22,4,23,Thursday,10,False,39.998753,116.322225,2008-10-23 04:31:17,0.0024855943037123,5.0,1.7896278986729055,39.9989_116.3223,0.0833333333333333,9,1,0.3251944940283104
0,39.999078,116.322196,167.0,2008-10-23,04:31:27,2008-10-23 04:31:27,4,23,Thursday,10,False,39.998895,116.322254,2008-10-23 04:31:22,0.0049532767870302,5.0,3.566359286661756,39.9991_116.3222,0.0833333333333333,9,1,0.32317726935693586
0,39.999218,116.322176,166.0,2008-10-23,04:31:32,2008-10-23 04:31:32,4,23,Thursday,10,False,39.999078,116.322196,2008-10-23 04:31:27,0.001725156210514,5.0,1.2421124715700878,39.9992_116.3222,0.0833333333333333,9,1,0.327426188977395
0,39.999364,116.322161,159.0,2008-10-23,04:31:37,2008-10-23 04:31:37,4,23,Thursday,10,False,39.999218,116.322176,2008-10-23 04:31:32,0.0013087571393288,5.0,0.9423051403167976,39.9994_116.3222,0.0833333333333333,9,1,0.32802056600467266
0,39.999484,116.322148,148.0,2008-10-23,04:31:42,2008-10-23 04:31:42,4,23,Thursday,10,False,39.999364,116.322161,2008-10-23 04:31:37,0.0011315767154741,5.0,0.814735235141414,39.9995_116.3221,0.0833333333333333,9,1,0.3266979612502965
0,39.999607,116.322178,142.0,2008-10-23,04:31:47,2008-10-23 04:31:47,4,23,Thursday,10,False,39.999484,116.322148,2008-10-23 04:31:42,0.002566549614219,5.0,1.8479157222376916,39.9996_116.3222,0.0833333333333333,9,1,0.3251944940283104
0,39.999602,116.322324,142.0,2008-10-23,04:31:52,2008-10-23 04:31:52,4,23,Thursday,10,False,39.999607,116.322178,2008-10-23 04:31:47,0.0124363931442665,5.0,8.954203063871885,39.9996_116.3223,0.0833333333333333,9,1,0.3129023912009277
0,39.999603,116.322434,143.0,2008-10-23,04:31:57,2008-10-23 04:31:57,4,23,Thursday,10,False,39.999602,116.322324,2008-10-23 04:31:52,0.0093698828694015,5.0,6.746315665969137,39.9996_116.3224,0.0833333333333333,9,1,0.3184238388015303
0,39.999586,116.322587,145.0,2008-10-23,04:32:02,2008-10-23 04:32:02,4,23,Thursday,10,False,39.999603,116.322434,2008-10-23 04:31:57,0.0130326982699977,5.0,9.383542754398375,39.9996_116.3226,0.0833333333333333,9,1,0.3156614894954674
0,39.999573,116.32276,149.0,2008-10-23,04:32:07,2008-10-23 04:32:07,4,23,Thursday,10,False,39.999586,116.322587,2008-10-23 04:32:02,0.0147362965749579,5.0,10.61013353396975,39.9996_116.3228,0.0833333333333333,9,1,0.3070086208985595
0,39.999572,116.322932,153.0,2008-10-23,04:32:12,2008-10-23 04:32:12,4,23,Thursday,10,False,39.999573,116.32276,2008-10-23 04:32:07,0.0146510958272244,5.0,10.548788995601594,39.9996_116.3229,0.0833333333333333,9,1,0.3070086208985595
0,39.999565,116.323134,159.0,2008-10-23,04:32:17,2008-10-23 04:32:17,4,23,Thursday,10,False,39.999572,116.322932,2008-10-23 04:32:12,0.017206525738813,5.0,12.388698531945408,39.9996_116.3231,0.0833333333333333,9,1,0.3001170123952202
0,39.999569,116.32328,162.0,2008-10-23,04:32:22,2008-10-23 04:32:22,4,23,Thursday,10,False,39.999565,116.323134,2008-10-23 04:32:17,0.0124363986112668,5.0,8.954207000112152,39.9996_116.3233,0.0833333333333333,9,1,0.3129023912009277
0,39.999575,116.323448,164.0,2008-10-23,04:32:27,2008-10-23 04:32:27,4,23,Thursday,10,False,39.999569,116.32328,2008-10-23 04:32:22,0.0143103773860028,5.0,10.303471717922037,39.9996_116.3234,0.0833333333333333,9,1,0.31287239584883797
0,39.999568,116.323605,170.0,2008-10-23,04:32:32,2008-10-23 04:32:32,4,23,Thursday,10,False,39.999575,116.323448,2008-10-23 04:32:27,0.0133733909611016,5.0,9.628841491993208,39.9996_116.3236,0.0833333333333333,9,1,0.3122595656962708
0,39.999558,116.323605,171.0,2008-10-23,04:32:37,2008-10-23 04:32:37,4,23,Thursday,10,False,39.999568,116.323605,2008-10-23 04:32:32,1.9407175804931423e-05,5.0,0.0139731665795506,39.9996_116.3236,0.0833333333333333,9,1,0.3261216083795941
0,39.999581,116.323732,170.0,2008-10-23,04:32:42,2008-10-23 04:32:42,4,23,Thursday,10,False,39.999558,116.323605,2008-10-23 04:32:37,0.0108180527604487,5.0,7.788997987523121,39.9996_116.3237,0.0833333333333333,9,1,0.31814560857393354
0,39.999653,116.324069,162.0,2008-10-23,04:32:47,2008-10-23 04:32:47,4,23,Thursday,10,False,39.999581,116.323732,2008-10-23 04:32:42,0.0287062472511961,5.0,20.668498020861257,39.9997_116.3241,0.0833333333333333,9,1,0.26363917031476247
0,39.999678,116.324258,161.0,2008-10-23,04:32:52,2008-10-23 04:32:52,4,23,Thursday,10,False,39.999653,116.324069,2008-10-23 04:32:47,0.0160992202944273,5.0,11.591438611987718,39.9997_116.3243,0.0833333333333333,9,1,0.3022564345310088
0,39.999646,116.324405,164.0,2008-10-23,04:32:57,2008-10-23 04:32:57,4,23,Thursday,10,False,39.999678,116.324258,2008-10-23 04:32:52,0.0125217135678281,5.0,9.01563376883627,39.9996_116.3244,0.0833333333333333,9,1,0.3129023912009277
0,39.999676,116.324452,165.0,2008-10-23,04:33:02,2008-10-23 04:33:02,4,23,Thursday,10,False,39.999646,116.324405,2008-10-23 04:32:57,0.0040039152177391,5.0,2.8828189567721596,39.9997_116.3245,0.0833333333333333,9,1,0.32376968570119474
0,39.999678,116.324453,166.0,2008-10-23,04:33:07,2008-10-23 04:33:07,4,23,Thursday,10,False,39.999676,116.324452,2008-10-23 04:33:02,8.526904659022186e-05,5.0,0.0613937135449597,39.9997_116.3245,0.0833333333333333,9,1,0.3261216083795941
0,39.999682,116.324455,167.0,2008-10-23,04:33:12,2008-10-23 04:33:12,4,23,Thursday,10,False,39.999678,116.324453,2008-10-23 04:33:07,0.0001705380832844,5.0,0.1227874199647711,39.9997_116.3245,0.0833333333333333,9,1,0.32555861063917274
0,39.999682,116.324455,167.0,2008-10-23,04:33:15,2008-10-23 04:33:15,4,23,Thursday,10,False,39.999682,116.324455,2008-10-23 04:33:12,0.0,3.0,0.0,39.9997_116.3245,0.05,9,1,0.3261216083795941
0,39.999676,116.324456,167.0,2008-10-23,04:33:17,2008-10-23 04:33:17,4,23,Thursday,10,False,39.999682,116.324455,2008-10-23 04:33:15,8.597286773417111e-05,2.0,0.154751161921508,39.9997_116.3245,0.0333333333333333,9,1,0.32555861063917274
0,39.999641,116.32451,171.0,2008-10-23,04:33:22,2008-10-23 04:33:22,4,23,Thursday,10,False,39.999676,116.324456,2008-10-23 04:33:17,0.0046002583120704,5.0,3.3121859846907453,39.9996_116.3245,0.0833333333333333,9,1,0.32376968570119474
0,39.999662,116.324481,176.0,2008-10-23,04:33:27,2008-10-23 04:33:27,4,23,Thursday,10,False,39.999641,116.32451,2008-10-23 04:33:22,0.0024705761957782,5.0,1.7788148609603387,39.9997_116.3245,0.0833333333333333,9,1,0.3251944940283104
0,39.999651,116.324477,178.0,2008-10-23,04:33:32,2008-10-23 04:33:32,4,23,Thursday,10,False,39.999662,116.324481,2008-10-23 04:33:27,0.0003413908552719,5.0,0.2458014157957855,39.9997_116.3245,0.0833333333333333,9,1,0.3264670771845792
0,39.999664,116.324493,177.0,2008-10-23,04:33:37,2008-10-23 04:33:37,4,23,Thursday,10,False,39.999651,116.324477,2008-10-23 04:33:32,0.0013631244248016,5.0,0.981449585857152,39.9997_116.3245,0.0833333333333333,9,1,0.32802056600467266
0,39.999684,116.324511,178.0,2008-10-23,04:33:42,2008-10-23 04:33:42,4,23,Thursday,10,False,39.999664,116.324493,2008-10-23 04:33:37,0.0015337431367204,5.0,1.104295058438732,39.9997_116.3245,0.0833333333333333,9,1,0.3287459890739614
0,39.999684,116.324511,178.0,2008-10-23,04:33:45,2008-10-23 04:33:45,4,23,Thursday,10,False,39.999684,116.324511,2008-10-23 04:33:42,0.0,3.0,0.0,39.9997_116.3245,0.05,9,1,0.3261216083795941
0,39.999678,116.324511,178.0,2008-10-23,04:33:47,2008-10-23 04:33:47,4,23,Thursday,10,False,39.999684,116.324511,2008-10-23 04:33:45,1.164430548542788e-05,2.0,0.0209597498737701,39.9997_116.3245,0.0333333333333333,9,1,0.3261216083795941
0,39.999667,116.324512,179.0,2008-10-23,04:33:52,2008-10-23 04:33:52,4,23,Thursday,10,False,39.999678,116.324511,2008-10-23 04:33:47,8.781502189225708e-05,5.0,0.063226815762425,39.9997_116.3245,0.0833333333333333,9,1,0.3261216083795941
0,39.999655,116.324513,179.0,2008-10-23,04:33:57,2008-10-23 04:33:57,4,23,Thursday,10,False,39.999667,116.324512,2008-10-23 04:33:52,8.830689306981743e-05,5.0,0.0635809630102685,39.9997_116.3245,0.0833333333333333,9,1,0.3261216083795941
0,39.999703,116.324496,179.0,2008-10-23,04:34:02,2008-10-23 04:34:02,4,23,Thursday,10,False,39.999655,116.324513,2008-10-23 04:33:57,0.0014510643735885,5.0,1.0447663489837884,39.9997_116.3245,0.0833333333333333,9,1,0.3287459890739614
0,39.99956,116.324498,179.0,2008-10-23,04:34:07,2008-10-23 04:34:07,4,23,Thursday,10,False,39.999703,116.324496,2008-10-23 04:34:02,0.000325640628135,5.0,0.234461252257267,39.9996_116.3245,0.0833333333333333,9,1,0.3264670771845792
0,39.999506,116.324545,179.0,2008-10-23,04:34:12,2008-10-23 04:34:12,4,23,Thursday,10,False,39.99956,116.324498,2008-10-23 04:34:07,0.0040048708084805,5.0,2.8835069821059887,39.9995_116.3245,0.0833333333333333,9,1,0.32376968570119474
0,39.999516,116.324531,179.0,2008-10-23,04:34:17,2008-10-23 04:34:17,4,23,Thursday,10,False,39.999506,116.324545,2008-10-23 04:34:12,0.0011926900249662,5.0,0.8587368179756899,39.9995_116.3245,0.0833333333333333,9,1,0.32802056600467266
0,39.999567,116.324478,179.0,2008-10-23,04:34:22,2008-10-23 04:34:22,4,23,Thursday,10,False,39.999516,116.324531,2008-10-23 04:34:17,0.0045156687020229,5.0,3.2512814654564908,39.9996_116.3245,0.0833333333333333,9,1,0.32376968570119474
0,39.999573,116.3246,179.0,2008-10-23,04:34:27,2008-10-23 04:34:27,4,23,Thursday,10,False,39.999567,116.324478,2008-10-23 04:34:22,0.0103920631564669,5.0,7.482285472656228,39.9996_116.3246,0.0833333333333333,9,1,0.31814560857393354
0,39.999538,116.324639,178.0,2008-10-23,04:34:32,2008-10-23 04:34:32,4,23,Thursday,10,False,39.999573,116.3246,2008-10-23 04:34:27,0.0033227459471136,5.0,2.3923770819218406,39.9995_116.3246,0.0833333333333333,9,1,0.3271834232065442
0,39.999598,116.324684,177.0,2008-10-23,04:34:37,2008-10-23 04:34:37,4,23,Thursday,10,False,39.999538,116.324639,2008-10-23 04:34:32,0.0038349040019306,5.0,2.761130881390086,39.9996_116.3247,0.0833333333333333,9,1,0.3264411375959241
0,39.999666,116.324722,177.0,2008-10-23,04:34:42,2008-10-23 04:34:42,4,23,Thursday,10,False,39.999598,116.324684,2008-10-23 04:34:37,0.0032395562606509,5.0,2.33248050766872,39.9997_116.3247,0.0833333333333333,9,1,0.3271834232065442
0,39.999729,116.324801,176.0,2008-10-23,04:34:47,2008-10-23 04:34:47,4,23,Thursday,10,False,39.999666,116.324722,2008-10-23 04:34:42,0.0067303806449514,5.0,4.84587406436503,39.9997_116.3248,0.0833333333333333,9,1,0.3222387773259776
0,39.999769,116.324886,175.0,2008-10-23,04:34:52,2008-10-23 04:34:52,4,23,Thursday,10,False,39.999729,116.324801,2008-10-23 04:34:47,0.0072407644899216,5.0,5.213350432743585,39.9998_116.3249,0.0833333333333333,9,1,0.3232227524859428
0,40.004775,116.320158,105.0,2008-10-23,09:42:25,2008-10-23 09:42:25,9,23,Thursday,10,False,39.999769,116.324886,2008-10-23 04:34:52,0.4028360160049515,18453.0,0.0785893707049165,40.0048_116.3202,307.55,9,1,0.10056178672902849
0,40.004783,116.320388,109.0,2008-10-23,09:42:30,2008-10-23 09:42:30,9,23,Thursday,10,False,40.004775,116.320158,2008-10-23 09:42:25,0.0195900937039645,5.0,14.104867466854444,40.0048_116.3204,0.0833333333333333,9,1,0.31193893939463047
0,40.004799,116.320545,99.0,2008-10-23,09:42:35,2008-10-23 09:42:35,9,23,Thursday,10,False,40.004783,116.320388,2008-10-23 09:42:30,0.0133723978134411,5.0,9.628126425677646,40.0048_116.3205,0.0833333333333333,9,1,0.32367378464300145
0,40.004835,116.320683,94.0,2008-10-23,09:42:40,2008-10-23 09:42:40,9,23,Thursday,10,False,40.004799,116.320545,2008-10-23 09:42:35,0.0117542536286011,5.0,8.463062612592791,40.0048_116.3207,0.0833333333333333,9,1,0.32850798556183103
0,40.004851,116.320835,95.0,2008-10-23,09:42:45,2008-10-23 09:42:45,9,23,Thursday,10,False,40.004835,116.320683,2008-10-23 09:42:40,0.0129465177445769,5.0,9.321492776095388,40.0049_116.3208,0.0833333333333333,9,1,0.3269671990288825
0,40.004868,116.32101,94.0,2008-10-23,09:42:50,2008-10-23 09:42:50,9,23,Thursday,10,False,40.004851,116.320835,2008-10-23 09:42:45,0.0149055203360651,5.0,10.731974641966872,40.0049_116.321,0.0833333333333333,9,1,0.3194067786164679
0,40.004849,116.321153,102.0,2008-10-23,09:42:55,2008-10-23 09:42:55,9,23,Thursday,10,False,40.004868,116.32101,2008-10-23 09:42:50,0.0121799656321484,5.0,8.769575255146881,40.0048_116.3212,0.0833333333333333,9,1,0.32850798556183103
0,40.004879,116.321277,110.0,2008-10-23,09:43:00,2008-10-23 09:43:00,9,23,Thursday,10,False,40.004849,116.321153,2008-10-23 09:42:55,0.0105617597438634,5.0,7.604467015581687,40.0049_116.3213,0.0833333333333333,9,1,0.33070756003712687
0,40.004962,116.321318,118.0,2008-10-23,09:43:05,2008-10-23 09:43:05,9,23,Thursday,10,False,40.004879,116.321277,2008-10-23 09:43:00,0.003495851835736,5.0,2.51701332172996,40.005_116.3213,0.0833333333333333,9,1,0.3315612353689013
0,40.005088,116.32128,128.0,2008-10-23,09:43:10,2008-10-23 09:43:10,9,23,Thursday,10,False,40.004962,116.321318,2008-10-23 09:43:05,0.0032458356577578,5.0,2.337001673585661,40.0051_116.3213,0.0833333333333333,9,1,0.3347138337626579
0,40.00525,116.32126,142.0,2008-10-23,09:43:15,2008-10-23 09:43:15,9,23,Thursday,10,False,40.005088,116.32128,2008-10-23 09:43:10,0.0017322459329059,5.0,1.247217071692306,40.0052_116.3213,0.0833333333333333,9,1,0.33833865719216116
0,40.005455,116.321389,145.0,2008-10-23,09:43:20,2008-10-23 09:43:20,9,23,Thursday,10,False,40.00525,116.32126,2008-10-23 09:43:15,0.0109945921364722,5.0,7.916106338260016,40.0055_116.3214,0.0833333333333333,9,1,0.32850798556183103
0,40.005621,116.321455,146.0,2008-10-23,09:43:25,2008-10-23 09:43:25,9,23,Thursday,10,False,40.005455,116.321389,2008-10-23 09:43:20,0.0056306646277539,5.0,4.054078531982812,40.0056_116.3215,0.0833333333333333,9,1,0.3358505740424659
0,40.005738,116.321491,148.0,2008-10-23,09:43:30,2008-10-23 09:43:30,9,23,Thursday,10,False,40.005621,116.321455,2008-10-23 09:43:25,0.0030746300214971,5.0,2.213733615477941,40.0057_116.3215,0.0833333333333333,9,1,0.3335936412459525
0,40.005883,116.321518,147.0,2008-10-23,09:43:35,2008-10-23 09:43:35,9,23,Thursday,10,False,40.005738,116.321491,2008-10-23 09:43:30,0.002316824506282,5.0,1.6681136445230988,40.0059_116.3215,0.0833333333333333,9,1,0.3386032551430364
0,40.006051,116.321521,151.0,2008-10-23,09:43:40,2008-10-23 09:43:40,9,23,Thursday,10,False,40.005883,116.321518,2008-10-23 09:43:35,0.0004142367841984,5.0,0.2982504846228809,40.0061_116.3215,0.0833333333333333,9,1,0.3360026489973613
0,40.006178,116.321463,151.0,2008-10-23,09:43:45,2008-10-23 09:43:45,9,23,Thursday,10,False,40.006051,116.321521,2008-10-23 09:43:40,0.0049461571450805,5.0,3.56123314445799,40.0062_116.3215,0.0833333333333333,9,1,0.33529346606346155
0,40.00633,116.321461,153.0,2008-10-23,09:43:50,2008-10-23 09:43:50,9,23,Thursday,10,False,40.006178,116.321463,2008-10-23 09:43:45,0.0003406404849707,5.0,0.2452611491789569,40.0063_116.3215,0.0833333333333333,9,1,0.3386224710584837
0,40.006482,116.321474,149.0,2008-10-23,09:43:55,2008-10-23 09:43:55,9,23,Thursday,10,False,40.00633,116.321461,2008-10-23 09:43:50,0.0011458611203514,5.0,0.8250200066530096,40.0065_116.3215,0.0833333333333333,9,1,0.33815439761201593
0,40.006631,116.321459,143.0,2008-10-23,09:44:00,2008-10-23 09:44:00,9,23,Thursday,10,False,40.006482,116.321474,2008-10-23 09:43:55,0.0013098973537249,5.0,0.9431260946819844,40.0066_116.3215,0.0833333333333333,9,1,0.33815439761201593
0,40.006813,116.321447,137.0,2008-10-23,09:44:05,2008-10-23 09:44:05,9,23,Thursday,10,False,40.006631,116.321459,2008-10-23 09:44:00,0.0010813738246244,5.0,0.7785891537295851,40.0068_116.3214,0.0833333333333333,9,1,0.33918074075392657
0,40.006974,116.321454,143.0,2008-10-23,09:44:10,2008-10-23 09:44:10,9,23,Thursday,10,False,40.006813,116.321447,2008-10-23 09:44:05,0.0006731157354644,5.0,0.4846433295344067,40.007_116.3215,0.0833333333333333,9,1,0.3393059595398858
0,40.007122,116.321396,152.0,2008-10-23,09:44:15,2008-10-23 09:44:15,9,23,Thursday,10,False,40.006974,116.321454,2008-10-23 09:44:10,0.0049482879842361,5.0,3.5627673486500253,40.0071_116.3214,0.0833333333333333,9,1,0.33529346606346155
0,40.007235,116.321356,165.0,2008-10-23,09:44:20,2008-10-23 09:44:20,9,23,Thursday,10,False,40.007122,116.321396,2008-10-23 09:44:15,0.0034139029752721,5.0,2.458010142195941,40.0072_116.3214,0.0833333333333333,9,1,0.3347138337626579
0,40.00741,116.321395,174.0,2008-10-23,09:44:25,2008-10-23 09:44:25,9,23,Thursday,10,False,40.007235,116.321356,2008-10-23 09:44:20,0.0033389911148756,5.0,2.4040736027104717,40.0074_116.3214,0.0833333333333333,9,1,0.3347138337626579
0,40.007571,116.321412,180.0,2008-10-23,09:44:30,2008-10-23 09:44:30,9,23,Thursday,10,False,40.00741,116.321395,2008-10-23 09:44:25,0.0014812355471543,5.0,1.066489593951122,40.0076_116.3214,0.0833333333333333,9,1,0.3379738570653594
0,40.007715,116.321414,179.0,2008-10-23,09:44:35,2008-10-23 09:44:35,9,23,Thursday,10,False,40.007571,116.321412,2008-10-23 09:44:30,0.0003272857475694,5.0,0.2356457382500241,40.0077_116.3214,0.0833333333333333,9,1,0.3386224710584837
0,40.007862,116.321426,182.0,2008-10-23,09:44:40,2008-10-23 09:44:40,9,23,Thursday,10,False,40.007715,116.321414,2008-10-23 09:44:35,0.0010611158226398,5.0,0.7640033923007233,40.0079_116.3214,0.0833333333333333,9,1,0.33918074075392657
0,40.008034,116.321437,186.0,2008-10-23,09:44:45,2008-10-23 09:44:45,9,23,Thursday,10,False,40.007862,116.321426,2008-10-23 09:44:40,0.000994563788673,5.0,0.7160859278445639,40.008_116.3214,0.0833333333333333,9,1,0.33918074075392657
0,40.00817,116.321441,189.0,2008-10-23,09:44:50,2008-10-23 09:44:50,9,23,Thursday,10,False,40.008034,116.321437,2008-10-23 09:44:45,0.0004309597622144,5.0,0.3102910287943924,40.0082_116.3214,0.0833333333333333,9,1,0.3393059595398858
0,40.008337,116.321425,196.0,2008-10-23,09:44:55,2008-10-23 09:44:55,9,23,Thursday,10,False,40.00817,116.321441,2008-10-23 09:44:50,0.0014007300604505,5.0,1.0085256435244108,40.0083_116.3214,0.0833333333333333,9,1,0.3379738570653594
0,40.008515,116.321421,173.0,2008-10-23,09:45:00,2008-10-23 09:45:00,9,23,Thursday,10,False,40.008337,116.321425,2008-10-23 09:44:55,0.0004851765632799,5.0,0.3493271255615967,40.0085_116.3214,0.0833333333333333,9,1,0.3393059595398858
0,40.008668,116.321446,148.0,2008-10-23,09:45:05,2008-10-23 09:45:05,9,23,Thursday,10,False,40.008515,116.321421,2008-10-23 09:45:00,0.0021498426862891,5.0,1.5478867341281792,40.0087_116.3214,0.0833333333333333,9,1,0.33833865719216116
0,40.008782,116.321443,152.0,2008-10-23,09:45:10,2008-10-23 09:45:10,9,23,Thursday,10,False,40.008668,116.321446,2008-10-23 09:45:05,0.000337982737251,5.0,0.2433475708207728,40.0088_116.3214,0.0833333333333333,9,1,0.3386224710584837
0,40.008843,116.321385,156.0,2008-10-23,09:45:15,2008-10-23 09:45:15,9,23,Thursday,10,False,40.008782,116.321443,2008-10-23 09:45:10,0.0049412354992862,5.0,3.5576895594861138,40.0088_116.3214,0.0833333333333333,9,1,0.33529346606346155
0,40.008884,116.321402,165.0,2008-10-23,09:45:20,2008-10-23 09:45:20,9,23,Thursday,10,False,40.008843,116.321385,2008-10-23 09:45:15,0.0014500611190371,5.0,1.044044005706739,40.0089_116.3214,0.0833333333333333,9,1,0.3379738570653594
0,40.00895,116.321449,150.0,2008-10-23,09:45:25,2008-10-23 09:45:25,9,23,Thursday,10,False,40.008884,116.321402,2008-10-23 09:45:20,0.0040049979152494,5.0,2.8835984989796337,40.009_116.3214,0.0833333333333333,9,1,0.3339537934360793
0,40.009006,116.321502,141.0,2008-10-23,09:45:30,2008-10-23 09:45:30,9,23,Thursday,10,False,40.00895,116.321449,2008-10-23 09:45:25,0.0045152680333654,5.0,3.250992984023106,40.009_116.3215,0.0833333333333333,9,1,0.3326850482064459
0,40.009026,116.321564,147.0,2008-10-23,09:45:35,2008-10-23 09:45:35,9,23,Thursday,10,False,40.009006,116.321502,2008-10-23 09:45:30,0.0052806211113849,5.0,3.802047200197147,40.009_116.3216,0.0833333333333333,9,1,0.3358505740424659
0,40.009011,116.321623,146.0,2008-10-23,09:45:40,2008-10-23 09:45:40,9,23,Thursday,10,False,40.009026,116.321564,2008-10-23 09:45:35,0.0050250555763141,5.0,3.6180400149461858,40.009_116.3216,0.0833333333333333,9,1,0.33529346606346155
0,40.009021,116.321625,143.0,2008-10-23,09:45:45,2008-10-23 09:45:45,9,23,Thursday,10,False,40.009011,116.321623,2008-10-23 09:45:40,0.0001714400117453,5.0,0.1234368084566819,40.009_116.3216,0.0833333333333333,9,1,0.3386224710584837
0,40.009021,116.321625,143.0,2008-10-23,09:45:48,2008-10-23 09:45:48,9,23,Thursday,10,False,40.009021,116.321625,2008-10-23 09:45:45,0.0,3.0,0.0,40.009_116.3216,0.05,9,1,0.3386224710584837
0,40.00902,116.321631,145.0,2008-10-23,09:45:50,2008-10-23 09:45:50,9,23,Thursday,10,False,40.009021,116.321625,2008-10-23 09:45:48,0.0005110176959582,2.0,0.9198318527248224,40.009_116.3216,0.0333333333333333,9,1,0.3393059595398858
0,40.009013,116.321659,145.0,2008-10-23,09:45:55,2008-10-23 09:45:55,9,23,Thursday,10,False,40.00902,116.321631,2008-10-23 09:45:50,0.0023847708847374,5.0,1.7170350370109693,40.009_116.3217,0.0833333333333333,9,1,0.336444349431037
0,40.008921,116.321484,142.0,2008-10-23,09:49:20,2008-10-23 09:49:20,9,23,Thursday,10,False,40.009013,116.321659,2008-10-23 09:45:55,0.0149056563845779,205.0,0.2617578682169794,40.0089_116.3215,3.4166666666666665,9,1,0.3191352289394955
0,40.008582,116.322217,239.0,2008-10-23,09:49:40,2008-10-23 09:49:40,9,23,Thursday,10,False,40.008921,116.321484,2008-10-23 09:49:20,0.0624325908701579,20.0,11.237866356628432,40.0086_116.3222,0.3333333333333333,9,1,0.24339782673341132
0,40.008481,116.32244,217.0,2008-10-23,09:49:45,2008-10-23 09:49:45,9,23,Thursday,10,False,40.008582,116.322217,2008-10-23 09:49:40,0.0189938348922812,5.0,13.675561122442495,40.0085_116.3224,0.0833333333333333,9,1,0.31135327508227684
0,40.008496,116.322406,216.0,2008-10-23,09:49:50,2008-10-23 09:49:50,9,23,Thursday,10,False,40.008481,116.32244,2008-10-23 09:49:45,0.0028959149492896,5.0,2.085058763488541,40.0085_116.3224,0.0833333333333333,9,1,0.3335936412459525
0,40.00888,116.321628,167.0,2008-10-23,09:49:55,2008-10-23 09:49:55,9,23,Thursday,10,False,40.008496,116.322406,2008-10-23 09:49:50,0.0662659968039032,5.0,47.71151769881034,40.0089_116.3216,0.0833333333333333,9,1,0.23566960094205908
0,40.00898,116.321587,140.0,2008-10-23,09:50:00,2008-10-23 09:50:00,9,23,Thursday,10,False,40.00888,116.321628,2008-10-23 09:49:55,0.0034973225250759,5.0,2.518072218054703,40.009_116.3216,0.0833333333333333,9,1,0.3315612353689013
0,40.00898,116.321544,133.0,2008-10-23,09:50:05,2008-10-23 09:50:05,9,23,Thursday,10,False,40.00898,116.321587,2008-10-23 09:50:00,0.003662269249819,5.0,2.636833859869711,40.009_116.3215,0.0833333333333333,9,1,0.3339537934360793
0,40.008984,116.321525,134.0,2008-10-23,09:50:10,2008-10-23 09:50:10,9,23,Thursday,10,False,40.00898,116.321544,2008-10-23 09:50:05,0.0016182305676663,5.0,1.1651260087197437,40.009_116.3215,0.0833333333333333,9,1,0.3379738570653594
0,40.008984,116.321525,134.0,2008-10-23,09:50:13,2008-10-23 09:50:13,9,23,Thursday,10,False,40.008984,116.321525,2008-10-23 09:50:10,0.0,3.0,0.0,40.009_116.3215,0.05,9,1,0.3386224710584837
0,40.008982,116.321517,134.0,2008-10-23,09:50:15,2008-10-23 09:50:15,9,23,Thursday,10,False,40.008984,116.321525,2008-10-23 09:50:13,0.0006813634437851,2.0,1.2264541988132758,40.009_116.3215,0.0333333333333333,9,1,0.33948957992202033
0,40.008958,116.321457,134.0,2008-10-23,09:50:20,2008-10-23 09:50:20,9,23,Thursday,10,False,40.008982,116.321517,2008-10-23 09:50:15,0.0051103561527479,5.0,3.679456429978544,40.009_116.3215,0.0833333333333333,9,1,0.33529346606346155
0,40.008971,116.321436,133.0,2008-10-23,09:50:25,2008-10-23 09:50:25,9,23,Thursday,10,False,40.008958,116.321457,2008-10-23 09:50:20,0.0017887284382205,5.0,1.2878844755187802,40.009_116.3214,0.0833333333333333,9,1,0.33833865719216116
0,40.009022,116.321434,133.0,2008-10-23,09:50:30,2008-10-23 09:50:30,9,23,Thursday,10,False,40.008971,116.321436,2008-10-23 09:50:25,0.000197006149222,5.0,0.1418444274399087,40.009_116.3214,0.0833333333333333,9,1,0.3386224710584837
0,40.009025,116.321374,130.0,2008-10-23,09:50:35,2008-10-23 09:50:35,9,23,Thursday,10,False,40.009022,116.321434,2008-10-23 09:50:30,0.0051101431997448,5.0,3.679303103816301,40.009_116.3214,0.0833333333333333,9,1,0.33529346606346155
0,40.00903,116.321397,129.0,2008-10-23,09:50:40,2008-10-23 09:50:40,9,23,Thursday,10,False,40.009025,116.321374,2008-10-23 09:50:35,0.001958910874399,5.0,1.4104158295673088,40.009_116.3214,0.0833333333333333,9,1,0.33833865719216116
0,40.009062,116.321462,131.0,2008-10-23,09:50:45,2008-10-23 09:50:45,9,23,Thursday,10,False,40.00903,116.321397,2008-10-23 09:50:40,0.0055363313750174,5.0,3.986158590012567,40.0091_116.3215,0.0833333333333333,9,1,0.3358505740424659
0,40.009081,116.321486,133.0,2008-10-23,09:50:50,2008-10-23 09:50:50,9,23,Thursday,10,False,40.009062,116.321462,2008-10-23 09:50:45,0.0020443870789878,5.0,1.471958696871254,40.0091_116.3215,0.0833333333333333,9,1,0.33833865719216116
0,40.00908,116.321479,134.0,2008-10-23,09:50:55,2008-10-23 09:50:55,9,23,Thursday,10,False,40.009081,116.321486,2008-10-23 09:50:50,0.0005961856470645,5.0,0.4292536658864636,40.0091_116.3215,0.0833333333333333,9,1,0.3393059595398858
0,40.00908,116.321479,134.0,2008-10-23,09:50:58,2008-10-23 09:50:58,9,23,Thursday,10,False,40.00908,116.321479,2008-10-23 09:50:55,0.0,3.0,0.0,40.0091_116.3215,0.05,9,1,0.3386224710584837
0,40.009081,116.321481,134.0,2008-10-23,09:51:00,2008-10-23 09:51:00,9,23,Thursday,10,False,40.00908,116.321479,2008-10-23 09:50:58,0.0001703489099423,2.0,0.3066280378962228,40.0091_116.3215,0.0333333333333333,9,1,0.3386224710584837
0,40.009083,116.321491,134.0,2008-10-23,09:51:05,2008-10-23 09:51:05,9,23,Thursday,10,False,40.009081,116.321481,2008-10-23 09:51:00,0.0008516980942547,5.0,0.6132226278634355,40.0091_116.3215,0.0833333333333333,9,1,0.33918074075392657
0,40.009094,116.32152,134.0,2008-10-23,09:51:10,2008-10-23 09:51:10,9,23,Thursday,10,False,40.009083,116.321491,2008-10-23 09:51:05,0.0024699908485862,5.0,1.7783934109821302,40.0091_116.3215,0.0833333333333333,9,1,0.336444349431037
0,40.009072,116.321585,142.0,2008-10-23,09:51:15,2008-10-23 09:51:15,9,23,Thursday,10,False,40.009094,116.32152,2008-10-23 09:51:10,0.0055361446894286,5.0,3.9860241763886073,40.0091_116.3216,0.0833333333333333,9,1,0.3358505740424659
0,40.009083,116.321467,140.0,2008-10-23,09:51:20,2008-10-23 09:51:20,9,23,Thursday,10,False,40.009072,116.321585,2008-10-23 09:51:15,0.0100499564946452,5.0,7.235968676144544,40.0091_116.3215,0.0833333333333333,9,1,0.3309758599995109
0,40.00908,116.321442,141.0,2008-10-23,09:51:25,2008-10-23 09:51:25,9,23,Thursday,10,False,40.009083,116.321467,2008-10-23 09:51:20,0.0021292311019413,5.0,1.5330463933977871,40.0091_116.3214,0.0833333333333333,9,1,0.33833865719216116
0,40.009087,116.321453,142.0,2008-10-23,09:51:30,2008-10-23 09:51:30,9,23,Thursday,10,False,40.00908,116.321442,2008-10-23 09:51:25,0.000936956645722,5.0,0.6746087849198794,40.0091_116.3215,0.0833333333333333,9,1,0.33918074075392657
0,40.009065,116.321479,147.0,2008-10-23,09:51:35,2008-10-23 09:51:35,9,23,Thursday,10,False,40.009087,116.321453,2008-10-23 09:51:30,0.002214803817158,5.0,1.59465874835379,40.0091_116.3215,0.0833333333333333,9,1,0.33833865719216116
0,40.009071,116.321517,145.0,2008-10-23,09:51:40,2008-10-23 09:51:40,9,23,Thursday,10,False,40.009065,116.321479,2008-10-23 09:51:35,0.003236440764316,5.0,2.3302373503075704,40.0091_116.3215,0.0833333333333333,9,1,0.3347138337626579
0,40.009075,116.32156,144.0,2008-10-23,09:51:45,2008-10-23 09:51:45,9,23,Thursday,10,False,40.009071,116.321517,2008-10-23 09:51:40,0.0036622724888992,5.0,2.6368361920074244,40.0091_116.3216,0.0833333333333333,9,1,0.3339537934360793
0,40.009105,116.321616,143.0,2008-10-23,09:51:50,2008-10-23 09:51:50,9,23,Thursday,10,False,40.009075,116.32156,2008-10-23 09:51:45,0.0047698145915739,5.0,3.4342665059332695,40.0091_116.3216,0.0833333333333333,9,1,0.3326850482064459
0,40.00908,116.32156,143.0,2008-10-23,09:51:55,2008-10-23 09:51:55,9,23,Thursday,10,False,40.009105,116.321616,2008-10-23 09:51:50,0.004769705841658,5.0,3.434188205993826,40.0091_116.3216,0.0833333333333333,9,1,0.3326850482064459
0,40.009031,116.321491,142.0,2008-10-23,09:52:00,2008-10-23 09:52:00,9,23,Thursday,10,False,40.00908,116.32156,2008-10-23 09:51:55,0.0058774274695492,5.0,4.231747778075439,40.009_116.3215,0.0833333333333333,9,1,0.3358505740424659
0,40.008995,116.321407,142.0,2008-10-23,09:52:05,2008-10-23 09:52:05,9,23,Thursday,10,False,40.009031,116.321491,2008-10-23 09:52:00,0.007154538074665,5.0,5.151267413758821,40.009_116.3214,0.0833333333333333,9,1,0.33460223303989917
0,40.008995,116.321407,142.0,2008-10-23,09:52:08,2008-10-23 09:52:08,9,23,Thursday,10,False,40.008995,116.321407,2008-10-23 09:52:05,0.0,3.0,0.0,40.009_116.3214,0.05,9,1,0.3386224710584837
0,40.008999,116.321412,142.0,2008-10-23,09:52:10,2008-10-23 09:52:10,9,23,Thursday,10,False,40.008995,116.321407,2008-10-23 09:52:08,0.0004259159058485,2.0,0.7666486305274423,40.009_116.3214,0.0333333333333333,9,1,0.3393059595398858
0,40.008997,116.321399,142.0,2008-10-23,09:52:15,2008-10-23 09:52:15,9,23,Thursday,10,False,40.008999,116.321412,2008-10-23 09:52:10,0.0011072041915105,5.0,0.7971870178875871,40.009_116.3214,0.0833333333333333,9,1,0.33918074075392657
0,40.008994,116.321389,143.0,2008-10-23,09:52:20,2008-10-23 09:52:20,9,23,Thursday,10,False,40.008997,116.321399,2008-10-23 09:52:15,0.0008517102301477,5.0,0.6132313657063885,40.009_116.3214,0.0833333333333333,9,1,0.33918074075392657
0,40.008994,116.321389,143.0,2008-10-23,09:52:23,2008-10-23 09:52:23,9,23,Thursday,10,False,40.008994,116.321389,2008-10-23 09:52:20,0.0,3.0,0.0,40.009_116.3214,0.05,9,1,0.3386224710584837
0,40.008995,116.321392,143.0,2008-10-23,09:52:25,2008-10-23 09:52:25,9,23,Thursday,10,False,40.008994,116.321389,2008-10-23 09:52:23,0.0002555144736129,2.0,0.4599260525033452,40.009_116.3214,0.0333333333333333,9,1,0.3386224710584837
0,40.009235,116.321472,143.0,2008-10-23,09:52:30,2008-10-23 09:52:30,9,23,Thursday,10,False,40.008995,116.321392,2008-10-23 09:52:25,0.0068294122718174,5.0,4.91717683570857,40.0092_116.3215,0.0833333333333333,9,1,0.33365053660441285
0,40.009268,116.321446,146.0,2008-10-23,09:52:35,2008-10-23 09:52:35,9,23,Thursday,10,False,40.009235,116.321472,2008-10-23 09:52:30,0.002215312484123,5.0,1.5950249885686236,40.0093_116.3214,0.0833333333333333,9,1,0.33833865719216116
0,40.00927,116.321447,146.0,2008-10-23,09:52:40,2008-10-23 09:52:40,9,23,Thursday,10,False,40.009268,116.321446,2008-10-23 09:52:35,8.525709215830555e-05,5.0,0.0613851063539799,40.0093_116.3214,0.0833333333333333,9,1,0.3386224710584837
0,40.00927,116.321447,146.0,2008-10-23,09:52:43,2008-10-23 09:52:43,9,23,Thursday,10,False,40.00927,116.321447,2008-10-23 09:52:40,0.0,3.0,0.0,40.0093_116.3214,0.05,9,1,0.3386224710584837
0,40.009272,116.321451,146.0,2008-10-23,09:52:45,2008-10-23 09:52:45,9,23,Thursday,10,False,40.00927,116.321447,2008-10-23 09:52:43,0.0003406968667728,2.0,0.6132543601910656,40.0093_116.3215,0.0333333333333333,9,1,0.3386224710584837
0,40.00928,116.321473,146.0,2008-10-23,09:52:50,2008-10-23 09:52:50,9,23,Thursday,10,False,40.009272,116.321451,2008-10-23 09:52:45,0.0018737753492632,5.0,1.3491182514695357,40.0093_116.3215,0.0833333333333333,9,1,0.33833865719216116
0,40.009278,116.32147,146.0,2008-10-23,09:52:51,2008-10-23 09:52:51,9,23,Thursday,10,False,40.00928,116.321473,2008-10-23 09:52:50,0.0002555355172468,1.0,0.9199278620887263,40.0093_116.3215,0.0166666666666666,9,1,0.3386224710584837
0,40.009242,116.321445,145.0,2008-10-23,09:52:56,2008-10-23 09:52:56,9,23,Thursday,10,False,40.009278,116.32147,2008-10-23 09:52:51,0.0021303635176261,5.0,1.53386173269083,40.0092_116.3214,0.0833333333333333,9,1,0.33833865719216116
0,40.009187,116.32143,144.0,2008-10-23,09:53:01,2008-10-23 09:53:01,9,23,Thursday,10,False,40.009242,116.321445,2008-10-23 09:52:56,0.0012819827534945,5.0,0.923027582516074,40.0092_116.3214,0.0833333333333333,9,1,0.33815439761201593
0,40.009098,116.321437,142.0,2008-10-23,09:53:06,2008-10-23 09:53:06,9,23,Thursday,10,False,40.009187,116.32143,2008-10-23 09:53:01,0.0006206983544053,5.0,0.4469028151718643,40.0091_116.3214,0.0833333333333333,9,1,0.3393059595398858
0,40.009045,116.321485,143.0,2008-10-23,09:53:11,2008-10-23 09:53:11,9,23,Thursday,10,False,40.009098,116.321437,2008-10-23 09:53:06,0.0040894027962624,5.0,2.9443700133089545,40.009_116.3215,0.0833333333333333,9,1,0.3307149626011725
0,40.009008,116.321449,140.0,2008-10-23,09:53:16,2008-10-23 09:53:16,9,23,Thursday,10,False,40.009045,116.321485,2008-10-23 09:53:11,0.0030669245212705,5.0,2.208185655314802,40.009_116.3214,0.0833333333333333,9,1,0.3335936412459525
0,40.008993,116.321501,139.0,2008-10-23,09:53:21,2008-10-23 09:53:21,9,23,Thursday,10,False,40.009008,116.321449,2008-10-23 09:53:16,0.0044288850638875,5.0,3.188797245999,40.009_116.3215,0.0833333333333333,9,1,0.3326850482064459
0,40.009017,116.321558,138.0,2008-10-23,09:53:26,2008-10-23 09:53:26,9,23,Thursday,10,False,40.008993,116.321501,2008-10-23 09:53:21,0.0048548576399358,5.0,3.495497500753819,40.009_116.3216,0.0833333333333333,9,1,0.33529346606346155
0,40.008999,116.321511,135.0,2008-10-23,09:53:31,2008-10-23 09:53:31,9,23,Thursday,10,False,40.009017,116.321558,2008-10-23 09:53:26,0.0040030962410507,5.0,2.8822292935565224,40.009_116.3215,0.0833333333333333,9,1,0.3339537934360793
0,40.008999,116.321511,135.0,2008-10-23,09:53:34,2008-10-23 09:53:34,9,23,Thursday,10,False,40.008999,116.321511,2008-10-23 09:53:31,0.0,3.0,0.0,40.009_116.3215,0.05,9,1,0.3386224710584837
0,40.008997,116.321518,135.0,2008-10-23,09:53:36,2008-10-23 09:53:36,9,23,Thursday,10,False,40.008999,116.321511,2008-10-23 09:53:34,0.0005961958437273,2.0,1.073152518709202,40.009_116.3215,0.0333333333333333,9,1,0.33912604528988183
0,40.008999,116.321537,135.0,2008-10-23,09:53:41,2008-10-23 09:53:41,9,23,Thursday,10,False,40.008997,116.321518,2008-10-23 09:53:36,0.0016182162234795,5.0,1.1651156809053007,40.009_116.3215,0.0833333333333333,9,1,0.3379738570653594
0,40.009026,116.321518,133.0,2008-10-23,09:53:46,2008-10-23 09:53:46,9,23,Thursday,10,False,40.008999,116.321537,2008-10-23 09:53:41,0.0016190593758003,5.0,1.1657227505762595,40.009_116.3215,0.0833333333333333,9,1,0.3379738570653594
0,40.009009,116.321499,133.0,2008-10-23,09:53:51,2008-10-23 09:53:51,9,23,Thursday,10,False,40.009026,116.321518,2008-10-23 09:53:46,0.0016185473936682,5.0,1.1653541234411295,40.009_116.3215,0.0833333333333333,9,1,0.3379738570653594
0,40.009009,116.321499,133.0,2008-10-23,09:53:54,2008-10-23 09:53:54,9,23,Thursday,10,False,40.009009,116.321499,2008-10-23 09:53:51,0.0,3.0,0.0,40.009_116.3215,0.05,9,1,0.3386224710584837
0,40.009011,116.321506,133.0,2008-10-23,09:53:56,2008-10-23 09:53:56,9,23,Thursday,10,False,40.009009,116.321499,2008-10-23 09:53:54,0.0005961957389225,2.0,1.073152330060532,40.009_116.3215,0.0333333333333333,9,1,0.33912604528988183
0,40.009013,116.321522,133.0,2008-10-23,09:54:01,2008-10-23 09:54:01,9,23,Thursday,10,False,40.009011,116.321506,2008-10-23 09:53:56,0.0013627097265952,5.0,0.9811510031485552,40.009_116.3215,0.0833333333333333,9,1,0.33815439761201593
0,40.009012,116.321576,133.0,2008-10-23,09:54:06,2008-10-23 09:54:06,9,23,Thursday,10,False,40.009013,116.321522,2008-10-23 09:54:01,0.0045991270453567,5.0,3.311371472656827,40.009_116.3216,0.0833333333333333,9,1,0.3326850482064459
0,40.009034,116.321569,133.0,2008-10-23,09:54:11,2008-10-23 09:54:11,9,23,Thursday,10,False,40.009012,116.321576,2008-10-23 09:54:06,0.0005977098697516,5.0,0.430351106221159,40.009_116.3216,0.0833333333333333,9,1,0.3393059595398858
0,40.009034,116.321569,133.0,2008-10-23,09:54:14,2008-10-23 09:54:14,9,23,Thursday,10,False,40.009034,116.321569,2008-10-23 09:54:11,0.0,3.0,0.0,40.009_116.3216,0.05,9,1,0.3386224710584837
0,40.009038,116.321575,133.0,2008-10-23,09:54:16,2008-10-23 09:54:16,9,23,Thursday,10,False,40.009034,116.321569,2008-10-23 09:54:14,0.0005110728546507,2.0,0.9199311383713838,40.009_116.3216,0.0333333333333333,9,1,0.3393059595398858
0,40.009024,116.321614,132.0,2008-10-23,09:54:21,2008-10-23 09:54:21,9,23,Thursday,10,False,40.009038,116.321575,2008-10-23 09:54:16,0.0033217016809613,5.0,2.391625210292174,40.009_116.3216,0.0833333333333333,9,1,0.3347138337626579
0,40.009015,116.321526,134.0,2008-10-23,09:54:26,2008-10-23 09:54:26,9,23,Thursday,10,False,40.009024,116.321614,2008-10-23 09:54:21,0.0074948926204469,5.0,5.39632268672181,40.009_116.3215,0.0833333333333333,9,1,0.335274005574766
0,40.008997,116.321432,131.0,2008-10-23,09:54:31,2008-10-23 09:54:31,9,23,Thursday,10,False,40.009015,116.321526,2008-10-23 09:54:26,0.0080059640837146,5.0,5.764294140274544,40.009_116.3214,0.0833333333333333,9,1,0.335274005574766
0,40.008995,116.321455,131.0,2008-10-23,09:54:36,2008-10-23 09:54:36,9,23,Thursday,10,False,40.008997,116.321432,2008-10-23 09:54:31,0.0019588915899748,5.0,1.4104019447819107,40.009_116.3215,0.0833333333333333,9,1,0.33833865719216116
0,40.008997,116.321485,132.0,2008-10-23,09:54:41,2008-10-23 09:54:41,9,23,Thursday,10,False,40.008995,116.321455,2008-10-23 09:54:36,0.0025550739190475,5.0,1.8396532217142416,40.009_116.3215,0.0833333333333333,9,1,0.336444349431037
0,40.009032,116.32151,130.0,2008-10-23,09:54:46,2008-10-23 09:54:46,9,23,Thursday,10,False,40.008997,116.321485,2008-10-23 09:54:41,0.0021303084082379,5.0,1.5338220539313212,40.009_116.3215,0.0833333333333333,9,1,0.33833865719216116
0,40.009074,116.32148,129.0,2008-10-23,09:54:51,2008-10-23 09:54:51,9,23,Thursday,10,False,40.009032,116.32151,2008-10-23 09:54:46,0.0025563686495206,5.0,1.8405854276548888,40.0091_116.3215,0.0833333333333333,9,1,0.336444349431037
0,40.009101,116.32153,128.0,2008-10-23,09:54:56,2008-10-23 09:54:56,9,23,Thursday,10,False,40.009074,116.32148,2008-10-23 09:54:51,0.0042587682807182,5.0,3.066313162117142,40.0091_116.3215,0.0833333333333333,9,1,0.3326850482064459
0,40.009157,116.321596,127.0,2008-10-23,09:55:01,2008-10-23 09:55:01,9,23,Thursday,10,False,40.009101,116.32153,2008-10-23 09:54:56,0.0056221957073011,5.0,4.047980909256836,40.0092_116.3216,0.0833333333333333,9,1,0.3358505740424659
0,40.009219,116.321657,130.0,2008-10-23,09:55:06,2008-10-23 09:55:06,9,23,Thursday,10,False,40.009157,116.321596,2008-10-23 09:55:01,0.005196689549328,5.0,3.7416164755161785,40.0092_116.3217,0.0833333333333333,9,1,0.33529346606346155
0,40.009247,116.321721,139.0,2008-10-23,09:55:11,2008-10-23 09:55:11,9,23,Thursday,10,False,40.009219,116.321657,2008-10-23 09:55:06,0.0054510700032457,5.0,3.9247704023369314,40.0092_116.3217,0.0833333333333333,9,1,0.3358505740424659
0,40.009273,116.321781,145.0,2008-10-23,09:55:16,2008-10-23 09:55:16,9,23,Thursday,10,False,40.009247,116.321721,2008-10-23 09:55:11,0.0051103712941049,5.0,3.6794673317555993,40.0093_116.3218,0.0833333333333333,9,1,0.33529346606346155
0,40.009313,116.321871,154.0,2008-10-23,09:55:21,2008-10-23 09:55:21,9,23,Thursday,10,False,40.009273,116.321781,2008-10-23 09:55:16,0.0076655726428973,5.0,5.519212302886058,40.0093_116.3219,0.0833333333333333,9,1,0.335274005574766
0,40.009344,116.321952,159.0,2008-10-23,09:55:26,2008-10-23 09:55:26,9,23,Thursday,10,False,40.009313,116.321871,2008-10-23 09:55:21,0.006898920346459,5.0,4.967222649450505,40.0093_116.322,0.0833333333333333,9,1,0.33460223303989917
0,40.009356,116.322007,164.0,2008-10-23,09:55:31,2008-10-23 09:55:31,9,23,Thursday,10,False,40.009344,116.321952,2008-10-23 09:55:26,0.0046843303792765,5.0,3.3727178730791327,40.0094_116.322,0.0833333333333333,9,1,0.3326850482064459
0,40.009386,116.322103,163.0,2008-10-23,09:55:36,2008-10-23 09:55:36,9,23,Thursday,10,False,40.009356,116.322007,2008-10-23 09:55:31,0.0081763894818968,5.0,5.887000426965733,40.0094_116.3221,0.0833333333333333,9,1,0.335274005574766
0,40.009356,116.322121,165.0,2008-10-23,09:55:41,2008-10-23 09:55:41,9,23,Thursday,10,False,40.009386,116.322103,2008-10-23 09:55:36,0.0015341393298963,5.0,1.1045803175253797,40.0094_116.3221,0.0833333333333333,9,1,0.3379738570653594
0,40.009353,116.322135,165.0,2008-10-23,09:55:46,2008-10-23 09:55:46,9,23,Thursday,10,False,40.009356,116.322121,2008-10-23 09:55:41,0.0011923744059979,5.0,0.8585095723185436,40.0094_116.3221,0.0833333333333333,9,1,0.33815439761201593
0,40.009319,116.322152,165.0,2008-10-23,09:55:51,2008-10-23 09:55:51,9,23,Thursday,10,False,40.009353,116.322135,2008-10-23 09:55:46,0.0014493691300931,5.0,1.0435457736670353,40.0093_116.3222,0.0833333333333333,9,1,0.3379738570653594
0,40.009394,116.322162,168.0,2008-10-23,09:55:56,2008-10-23 09:55:56,9,23,Thursday,10,False,40.009319,116.322152,2008-10-23 09:55:51,0.0008640339463254,5.0,0.6221044413543129,40.0094_116.3222,0.0833333333333333,9,1,0.33918074075392657
0,40.009399,116.322179,168.0,2008-10-23,09:56:01,2008-10-23 09:56:01,9,23,Thursday,10,False,40.009394,116.322162,2008-10-23 09:55:56,0.0014478975716966,5.0,1.0424862516216016,40.0094_116.3222,0.0833333333333333,9,1,0.3379738570653594
0,40.009344,116.32219,167.0,2008-10-23,09:56:06,2008-10-23 09:56:06,9,23,Thursday,10,False,40.009399,116.322179,2008-10-23 09:56:01,0.0009429152192125,5.0,0.6788989578330378,40.0093_116.3222,0.0833333333333333,9,1,0.33918074075392657
0,40.009342,116.322177,166.0,2008-10-23,09:56:11,2008-10-23 09:56:11,9,23,Thursday,10,False,40.009344,116.32219,2008-10-23 09:56:06,0.0011071985967886,5.0,0.797182989687842,40.0093_116.3222,0.0833333333333333,9,1,0.33918074075392657
0,40.009318,116.32219,164.0,2008-10-23,09:56:16,2008-10-23 09:56:16,9,23,Thursday,10,False,40.009342,116.322177,2008-10-23 09:56:11,0.0011081712736435,5.0,0.7978833170233832,40.0093_116.3222,0.0833333333333333,9,1,0.33918074075392657
0,40.009287,116.322206,162.0,2008-10-23,09:56:21,2008-10-23 09:56:21,9,23,Thursday,10,False,40.009318,116.32219,2008-10-23 09:56:16,0.0013640258136505,5.0,0.9820985858284254,40.0093_116.3222,0.0833333333333333,9,1,0.33815439761201593
0,40.00927,116.32222,165.0,2008-10-23,09:56:26,2008-10-23 09:56:26,9,23,Thursday,10,False,40.009287,116.322206,2008-10-23 09:56:21,0.0011928178728019,5.0,0.8588288684174362,40.0093_116.3222,0.0833333333333333,9,1,0.33815439761201593
0,40.009351,116.321916,158.0,2008-10-23,10:02:04,2008-10-23 10:02:04,10,23,Thursday,10,False,40.00927,116.32222,2008-10-23 09:56:26,0.0258917437592478,338.0,0.2757700518736456,40.0094_116.3219,5.633333333333334,9,1,0.2850218098473069
0,40.009336,116.321838,157.0,2008-10-23,10:02:09,2008-10-23 10:02:09,10,23,Thursday,10,False,40.009351,116.321916,2008-10-23 10:02:04,0.0066432144888316,5.0,4.783114431958814,40.0093_116.3218,0.0833333333333333,9,1,0.3329465648857649
0,40.009331,116.321811,150.0,2008-10-23,10:02:14,2008-10-23 10:02:14,10,23,Thursday,10,False,40.009336,116.321838,2008-10-23 10:02:09,0.0022995729780458,5.0,1.6556925441930124,40.0093_116.3218,0.0833333333333333,9,1,0.33930499243207946
0,40.009314,116.321823,152.0,2008-10-23,10:02:19,2008-10-23 10:02:19,10,23,Thursday,10,False,40.009331,116.321811,2008-10-23 10:02:14,0.0010225558759352,5.0,0.7362402306733814,40.0093_116.3218,0.0833333333333333,9,1,0.33879178489783535
0,40.009314,116.321833,151.0,2008-10-23,10:02:24,2008-10-23 10:02:24,10,23,Thursday,10,False,40.009314,116.321823,2008-10-23 10:02:19,0.0008516863563242,5.0,0.6132141765534578,40.0093_116.3218,0.0833333333333333,9,1,0.33879178489783535
0,40.009316,116.32185,150.0,2008-10-23,10:02:29,2008-10-23 10:02:29,10,23,Thursday,10,False,40.009314,116.321833,2008-10-23 10:02:24,0.0014478719867141,5.0,1.0424678304341757,40.0093_116.3218,0.0833333333333333,9,1,0.3375834827116825
0,40.009428,116.320888,140.0,2008-10-23,10:03:39,2008-10-23 10:03:39,10,23,Thursday,10,False,40.009316,116.32185,2008-10-23 10:02:29,0.0819324461552431,70.0,4.213668659412503,40.0094_116.3209,1.1666666666666667,9,1,0.23767051893130686
0,40.008854,116.321493,172.0,2008-10-23,10:03:44,2008-10-23 10:03:44,10,23,Thursday,10,False,40.009428,116.320888,2008-10-23 10:03:39,0.0515391952729542,5.0,37.10822059652709,40.0089_116.3215,0.0833333333333333,9,1,0.2551759113039605
0,40.008848,116.321349,180.0,2008-10-23,10:03:49,2008-10-23 10:03:49,10,23,Thursday,10,False,40.008854,116.321493,2008-10-23 10:03:44,0.0122643722424531,5.0,8.830348014566297,40.0088_116.3213,0.0833333333333333,9,1,0.3280638578994871
0,40.008874,116.32116,130.0,2008-10-23,10:03:54,2008-10-23 10:03:54,10,23,Thursday,10,False,40.008848,116.321349,2008-10-23 10:03:49,0.0160970580388049,5.0,11.589881787939534,40.0089_116.3212,0.0833333333333333,9,1,0.316247809411242
0,40.008852,116.321109,112.0,2008-10-23,10:03:59,2008-10-23 10:03:59,10,23,Thursday,10,False,40.008874,116.32116,2008-10-23 10:03:54,0.0043438389487288,5.0,3.1275640430847886,40.0089_116.3211,0.0833333333333333,9,1,0.33339931316741794
0,40.008786,116.321037,120.0,2008-10-23,10:04:04,2008-10-23 10:04:04,10,23,Thursday,10,False,40.008852,116.321109,2008-10-23 10:03:59,0.0061335238123059,5.0,4.416137144860274,40.0088_116.321,0.0833333333333333,9,1,0.3329465648857649
0,40.008767,116.321012,127.0,2008-10-23,10:04:09,2008-10-23 10:04:09,10,23,Thursday,10,False,40.008786,116.321037,2008-10-23 10:04:04,0.0021295519180819,5.0,1.5332773810189873,40.0088_116.321,0.0833333333333333,9,1,0.33930499243207946
0,40.008735,116.320977,118.0,2008-10-23,10:04:14,2008-10-23 10:04:14,10,23,Thursday,10,False,40.008767,116.321012,2008-10-23 10:04:09,0.0029815736709402,5.0,2.146733043076947,40.0087_116.321,0.0833333333333333,9,1,0.3343059828954151
0,40.008694,116.320964,117.0,2008-10-23,10:04:19,2008-10-23 10:04:19,10,23,Thursday,10,False,40.008735,116.320977,2008-10-23 10:04:14,0.001110057445169,5.0,0.7992413605217298,40.0087_116.321,0.0833333333333333,9,1,0.33879178489783535
0,40.008665,116.320937,121.0,2008-10-23,10:04:24,2008-10-23 10:04:24,10,23,Thursday,10,False,40.008694,116.320964,2008-10-23 10:04:19,0.0023002631542889,5.0,1.6561894710880507,40.0087_116.3209,0.0833333333333333,9,1,0.33930499243207946
0,40.008635,116.320886,118.0,2008-10-23,10:04:29,2008-10-23 10:04:29,10,23,Thursday,10,False,40.008665,116.320937,2008-10-23 10:04:24,0.0043440328467269,5.0,3.1277036496434394,40.0086_116.3209,0.0833333333333333,9,1,0.33339931316741794
0,40.008612,116.32083,120.0,2008-10-23,10:04:34,2008-10-23 10:04:34,10,23,Thursday,10,False,40.008635,116.320886,2008-10-23 10:04:29,0.0047697007065759,5.0,3.43418450873471,40.0086_116.3208,0.0833333333333333,9,1,0.33339931316741794
0,40.008591,116.3208,119.0,2008-10-23,10:04:39,2008-10-23 10:04:39,10,23,Thursday,10,False,40.008612,116.32083,2008-10-23 10:04:34,0.002555410749968,5.0,1.839895739976962,40.0086_116.3208,0.0833333333333333,9,1,0.33715065669588107
0,40.008574,116.320772,119.0,2008-10-23,10:04:44,2008-10-23 10:04:44,10,23,Thursday,10,False,40.008591,116.3208,2008-10-23 10:04:39,0.0023849755596175,5.0,1.7171824029246523,40.0086_116.3208,0.0833333333333333,9,1,0.33715065669588107
0,40.008521,116.320688,118.0,2008-10-23,10:04:49,2008-10-23 10:04:49,10,23,Thursday,10,False,40.008574,116.320772,2008-10-23 10:04:44,0.0071549850925307,5.0,5.151589266622105,40.0085_116.3207,0.0833333333333333,9,1,0.3339002525400102
0,40.008471,116.320669,118.0,2008-10-23,10:04:54,2008-10-23 10:04:54,10,23,Thursday,10,False,40.008521,116.320688,2008-10-23 10:04:49,0.0016211302099152,5.0,1.1672137511389498,40.0085_116.3207,0.0833333333333333,9,1,0.3375834827116825
0,40.008419,116.320654,118.0,2008-10-23,10:04:59,2008-10-23 10:04:59,10,23,Thursday,10,False,40.008471,116.320669,2008-10-23 10:04:54,0.0012815254846649,5.0,0.9226983489587678,40.0084_116.3207,0.0833333333333333,9,1,0.33776423545470224
0,40.008362,116.320619,119.0,2008-10-23,10:05:04,2008-10-23 10:05:04,10,23,Thursday,10,False,40.008419,116.320654,2008-10-23 10:04:59,0.0029829944057438,5.0,2.147755972135578,40.0084_116.3206,0.0833333333333333,9,1,0.3343059828954151
0,40.008348,116.320573,119.0,2008-10-23,10:05:09,2008-10-23 10:05:09,10,23,Thursday,10,False,40.008362,116.320619,2008-10-23 10:05:04,0.0039179064896723,5.0,2.8208926725640686,40.0083_116.3206,0.0833333333333333,9,1,0.3346653727146869
0,40.008309,116.320547,118.0,2008-10-23,10:05:14,2008-10-23 10:05:14,10,23,Thursday,10,False,40.008348,116.320573,2008-10-23 10:05:09,0.0022157096117124,5.0,1.5953109204329832,40.0083_116.3205,0.0833333333333333,9,1,0.33930499243207946
0,40.008281,116.320543,114.0,2008-10-23,10:05:19,2008-10-23 10:05:19,10,23,Thursday,10,False,40.008309,116.320547,2008-10-23 10:05:14,0.0003449861661397,5.0,0.2483900396206277,40.0083_116.3205,0.0833333333333333,9,1,0.33823285904619227
0,40.008234,116.320499,115.0,2008-10-23,10:05:24,2008-10-23 10:05:24,10,23,Thursday,10,False,40.008281,116.320543,2008-10-23 10:05:19,0.0037485878753646,5.0,2.6989832702625556,40.0082_116.3205,0.0833333333333333,9,1,0.3346653727146869
0,40.008163,116.320473,123.0,2008-10-23,10:05:29,2008-10-23 10:05:29,10,23,Thursday,10,False,40.008234,116.320499,2008-10-23 10:05:24,0.0022187035482111,5.0,1.597466554712019,40.0082_116.3205,0.0833333333333333,9,1,0.33930499243207946
0,40.008129,116.320418,123.0,2008-10-23,10:05:34,2008-10-23 10:05:34,10,23,Thursday,10,False,40.008163,116.320473,2008-10-23 10:05:29,0.0046848198196352,5.0,3.37307027013737,40.0081_116.3204,0.0833333333333333,9,1,0.33339931316741794
0,40.008121,116.320359,122.0,2008-10-23,10:05:39,2008-10-23 10:05:39,10,23,Thursday,10,False,40.008129,116.320418,2008-10-23 10:05:34,0.0050250610131317,5.0,3.618043929454839,40.0081_116.3204,0.0833333333333333,9,1,0.3357410470594795
0,40.008069,116.320335,125.0,2008-10-23,10:05:44,2008-10-23 10:05:44,10,23,Thursday,10,False,40.008121,116.320359,2008-10-23 10:05:39,0.002046573406705,5.0,1.473532852827645,40.0081_116.3203,0.0833333333333333,9,1,0.33794871160233614
0,40.008027,116.320309,125.0,2008-10-23,10:05:49,2008-10-23 10:05:49,10,23,Thursday,10,False,40.008069,116.320335,2008-10-23 10:05:44,0.0022159252288453,5.0,1.595466164768642,40.008_116.3203,0.0833333333333333,9,1,0.33930499243207946
0,40.00801,116.320287,126.0,2008-10-23,10:05:54,2008-10-23 10:05:54,10,23,Thursday,10,False,40.008027,116.320309,2008-10-23 10:05:49,0.0018740359784938,5.0,1.3493059045155755,40.008_116.3203,0.0833333333333333,9,1,0.33794871160233614
0,40.007959,116.320241,130.0,2008-10-23,10:05:59,2008-10-23 10:05:59,10,23,Thursday,10,False,40.00801,116.320287,2008-10-23 10:05:54,0.0039190835709471,5.0,2.8217401710819323,40.008_116.3202,0.0833333333333333,9,1,0.3346653727146869
0,40.007947,116.320238,131.0,2008-10-23,10:06:04,2008-10-23 10:06:04,10,23,Thursday,10,False,40.007959,116.320241,2008-10-23 10:05:59,0.0002565701283835,5.0,0.1847304924361235,40.0079_116.3202,0.0833333333333333,9,1,0.33823285904619227
0,40.007879,116.320237,134.0,2008-10-23,10:06:09,2008-10-23 10:06:09,10,23,Thursday,10,False,40.007947,116.320238,2008-10-23 10:06:04,0.0001570660918429,5.0,0.113087586126915,40.0079_116.3202,0.0833333333333333,9,1,0.33823285904619227
0,40.007826,116.320239,136.0,2008-10-23,10:06:14,2008-10-23 10:06:14,10,23,Thursday,10,False,40.007879,116.320237,2008-10-23 10:06:09,0.0001989869417342,5.0,0.1432705980486807,40.0078_116.3202,0.0833333333333333,9,1,0.33823285904619227
0,40.007818,116.320239,137.0,2008-10-23,10:06:19,2008-10-23 10:06:19,10,23,Thursday,10,False,40.007826,116.320239,2008-10-23 10:06:14,1.552574065135221e-05,5.0,0.0111785332689735,40.0078_116.3202,0.0833333333333333,9,1,0.33823285904619227
0,40.007818,116.320239,137.0,2008-10-23,10:06:22,2008-10-23 10:06:22,10,23,Thursday,10,False,40.007818,116.320239,2008-10-23 10:06:19,0.0,3.0,0.0,40.0078_116.3202,0.05,9,1,0.33823285904619227
0,40.007819,116.32024,138.0,2008-10-23,10:06:24,2008-10-23 10:06:24,10,23,Thursday,10,False,40.007818,116.320239,2008-10-23 10:06:22,8.519260929571767e-05,2.0,0.1533466967322918,40.0078_116.3202,0.0333333333333333,9,1,0.33823285904619227
0,40.007817,116.32023,138.0,2008-10-23,10:06:29,2008-10-23 10:06:29,10,23,Thursday,10,False,40.007819,116.32024,2008-10-23 10:06:24,0.0008517138660834,5.0,0.6132339835800599,40.0078_116.3202,0.0833333333333333,9,1,0.33879178489783535
0,40.007834,116.320181,138.0,2008-10-23,10:06:34,2008-10-23 10:06:34,10,23,Thursday,10,False,40.007817,116.32023,2008-10-23 10:06:29,0.0041734845529451,5.0,3.004908878120513,40.0078_116.3202,0.0833333333333333,9,1,0.33339931316741794
0,40.007761,116.320093,135.0,2008-10-23,10:06:39,2008-10-23 10:06:39,10,23,Thursday,10,False,40.007834,116.320181,2008-10-23 10:06:34,0.0074963452834611,5.0,5.3973686040920015,40.0078_116.3201,0.0833333333333333,9,1,0.3345734306134745
0,40.007661,116.319986,134.0,2008-10-23,10:06:44,2008-10-23 10:06:44,10,23,Thursday,10,False,40.007761,116.320093,2008-10-23 10:06:39,0.0091153242121043,5.0,6.563033432715159,40.0077_116.32,0.0833333333333333,9,1,0.33096098034088883
0,40.007623,116.319953,134.0,2008-10-23,10:06:49,2008-10-23 10:06:49,10,23,Thursday,10,False,40.007661,116.319986,2008-10-23 10:06:44,0.0028116011659592,5.0,2.0243528394906543,40.0076_116.32,0.0833333333333333,9,1,0.3343059828954151
0,40.007623,116.319953,134.0,2008-10-23,10:06:52,2008-10-23 10:06:52,10,23,Thursday,10,False,40.007623,116.319953,2008-10-23 10:06:49,0.0,3.0,0.0,40.0076_116.32,0.05,9,1,0.33823285904619227
0,40.007621,116.31995,134.0,2008-10-23,10:06:54,2008-10-23 10:06:54,10,23,Thursday,10,False,40.007623,116.319953,2008-10-23 10:06:52,0.0002555417187909,2.0,0.4599750938236444,40.0076_116.32,0.0333333333333333,9,1,0.33823285904619227
0,40.007575,116.31987,134.0,2008-10-23,10:06:59,2008-10-23 10:06:59,10,23,Thursday,10,False,40.007621,116.31995,2008-10-23 10:06:54,0.0068142469371286,5.0,4.906257794732593,40.0076_116.3199,0.0833333333333333,9,1,0.3329465648857649
0,40.007551,116.319732,133.0,2008-10-23,10:07:04,2008-10-23 10:07:04,10,23,Thursday,10,False,40.007575,116.31987,2008-10-23 10:06:59,0.0117536654898535,5.0,8.462639152694537,40.0076_116.3197,0.0833333333333333,9,1,0.3280638578994871
0,40.007526,116.31965,132.0,2008-10-23,10:07:09,2008-10-23 10:07:09,10,23,Thursday,10,False,40.007551,116.319732,2008-10-23 10:07:04,0.0069841782973962,5.0,5.028608374125275,40.0075_116.3196,0.0833333333333333,9,1,0.3339002525400102
0,40.007468,116.319517,132.0,2008-10-23,10:07:14,2008-10-23 10:07:14,10,23,Thursday,10,False,40.007526,116.31965,2008-10-23 10:07:09,0.0113282892906112,5.0,8.15636828924008,40.0075_116.3195,0.0833333333333333,9,1,0.3280638578994871
0,40.007465,116.319506,132.0,2008-10-23,10:07:19,2008-10-23 10:07:19,10,23,Thursday,10,False,40.007468,116.319517,2008-10-23 10:07:14,0.000936898438261,5.0,0.6745668755479375,40.0075_116.3195,0.0833333333333333,9,1,0.33879178489783535
0,40.007462,116.319493,132.0,2008-10-23,10:07:21,2008-10-23 10:07:21,10,23,Thursday,10,False,40.007465,116.319506,2008-10-23 10:07:19,0.0011072375860125,2.0,1.993027654822535,40.0075_116.3195,0.0333333333333333,9,1,0.33827094984476047
0,40.007459,116.319436,131.0,2008-10-23,10:07:26,2008-10-23 10:07:26,10,23,Thursday,10,False,40.007462,116.319493,2008-10-23 10:07:21,0.0048547475380109,5.0,3.4954182273678738,40.0075_116.3194,0.0833333333333333,9,1,0.3357410470594795
0,40.007453,116.319403,131.0,2008-10-23,10:07:31,2008-10-23 10:07:31,10,23,Thursday,10,False,40.007459,116.319436,2008-10-23 10:07:26,0.0028106655965084,5.0,2.0236792294860932,40.0075_116.3194,0.0833333333333333,9,1,0.3343059828954151
0,40.007454,116.319391,130.0,2008-10-23,10:07:36,2008-10-23 10:07:36,10,23,Thursday,10,False,40.007453,116.319403,2008-10-23 10:07:31,0.0010220533255185,5.0,0.7358783943733891,40.0075_116.3194,0.0833333333333333,9,1,0.33879178489783535
0,40.007474,116.319376,130.0,2008-10-23,10:07:41,2008-10-23 10:07:41,10,23,Thursday,10,False,40.007454,116.319391,2008-10-23 10:07:36,0.0012781536402514,5.0,0.9202706209810508,40.0075_116.3194,0.0833333333333333,9,1,0.33776423545470224
0,40.0075,116.319364,130.0,2008-10-23,10:07:46,2008-10-23 10:07:46,10,23,Thursday,10,False,40.007474,116.319376,2008-10-23 10:07:41,0.0010232957964971,5.0,0.7367729734779768,40.0075_116.3194,0.0833333333333333,9,1,0.33879178489783535
0,40.007524,116.319357,130.0,2008-10-23,10:07:51,2008-10-23 10:07:51,10,23,Thursday,10,False,40.0075,116.319364,2008-10-23 10:07:46,0.0005980128186951,5.0,0.4305692294605003,40.0075_116.3194,0.0833333333333333,9,1,0.33891715085832946
0,40.007524,116.319321,130.0,2008-10-23,10:07:56,2008-10-23 10:07:56,10,23,Thursday,10,False,40.007524,116.319357,2008-10-23 10:07:51,0.0030661512823072,5.0,2.207628923261199,40.0075_116.3193,0.0833333333333333,9,1,0.3343059828954151
0,40.007517,116.319312,130.0,2008-10-23,10:08:01,2008-10-23 10:08:01,10,23,Thursday,10,False,40.007524,116.319321,2008-10-23 10:07:56,0.0007666582318126,5.0,0.5519939269051025,40.0075_116.3193,0.0833333333333333,9,1,0.33891715085832946
0,40.007551,116.319307,130.0,2008-10-23,10:08:06,2008-10-23 10:08:06,10,23,Thursday,10,False,40.007517,116.319312,2008-10-23 10:08:01,0.0004309359705847,5.0,0.3102738988210309,40.0076_116.3193,0.0833333333333333,9,1,0.33891715085832946
0,40.007551,116.319307,130.0,2008-10-23,10:08:09,2008-10-23 10:08:09,10,23,Thursday,10,False,40.007551,116.319307,2008-10-23 10:08:06,0.0,3.0,0.0,40.0076_116.3193,0.05,9,1,0.33823285904619227
0,40.007555,116.319313,130.0,2008-10-23,10:08:11,2008-10-23 10:08:11,10,23,Thursday,10,False,40.007551,116.319307,2008-10-23 10:08:09,0.0005110839552662,2.0,0.9199511194791704,40.0076_116.3193,0.0333333333333333,9,1,0.33891715085832946
0,40.00759,116.31934,130.0,2008-10-23,10:08:16,2008-10-23 10:08:16,10,23,Thursday,10,False,40.007555,116.319313,2008-10-23 10:08:11,0.0023006147837378,5.0,1.6564426442912838,40.0076_116.3193,0.0833333333333333,9,1,0.33930499243207946
0,40.00761,116.319355,130.0,2008-10-23,10:08:21,2008-10-23 10:08:21,10,23,Thursday,10,False,40.00759,116.31934,2008-10-23 10:08:16,0.0012781510973992,5.0,0.9202687901274595,40.0076_116.3194,0.0833333333333333,9,1,0.33776423545470224
0,40.007615,116.319369,130.0,2008-10-23,10:08:26,2008-10-23 10:08:26,10,23,Thursday,10,False,40.00761,116.319355,2008-10-23 10:08:21,0.0011924301019723,5.0,0.8585496734200692,40.0076_116.3194,0.0833333333333333,9,1,0.33776423545470224
0,40.007621,116.319385,130.0,2008-10-23,10:08:31,2008-10-23 10:08:31,10,23,Thursday,10,False,40.007615,116.319369,2008-10-23 10:08:26,0.001362781775525,5.0,0.9812028783780352,40.0076_116.3194,0.0833333333333333,9,1,0.33776423545470224
0,40.007644,116.319403,130.0,2008-10-23,10:08:36,2008-10-23 10:08:36,10,23,Thursday,10,False,40.007621,116.319385,2008-10-23 10:08:31,0.0015337228784115,5.0,1.1042804724563045,40.0076_116.3194,0.0833333333333333,9,1,0.3375834827116825
0,40.007663,116.319417,130.0,2008-10-23,10:08:41,2008-10-23 10:08:41,10,23,Thursday,10,False,40.007644,116.319403,2008-10-23 10:08:36,0.0011929599106251,5.0,0.8589311356500762,40.0077_116.3194,0.0833333333333333,9,1,0.33776423545470224
0,40.007663,116.319417,130.0,2008-10-23,10:08:44,2008-10-23 10:08:44,10,23,Thursday,10,False,40.007663,116.319417,2008-10-23 10:08:41,0.0,3.0,0.0,40.0077_116.3194,0.05,9,1,0.33823285904619227
0,40.007669,116.319414,130.0,2008-10-23,10:08:46,2008-10-23 10:08:46,10,23,Thursday,10,False,40.007663,116.319417,2008-10-23 10:08:44,0.000255777267971,2.0,0.460399082347933,40.0077_116.3194,0.0333333333333333,9,1,0.33823285904619227
0,40.007661,116.319384,130.0,2008-10-23,10:08:51,2008-10-23 10:08:51,10,23,Thursday,10,False,40.007669,116.319414,2008-10-23 10:08:46,0.0025551679602374,5.0,1.839720931370997,40.0077_116.3194,0.0833333333333333,9,1,0.33715065669588107
0,40.007654,116.319321,130.0,2008-10-23,10:08:56,2008-10-23 10:08:56,10,23,Thursday,10,False,40.007661,116.319384,2008-10-23 10:08:51,0.0053657714484077,5.0,3.863355442853577,40.0077_116.3193,0.0833333333333333,9,1,0.3351512054258719
0,40.007654,116.319266,130.0,2008-10-23,10:09:01,2008-10-23 10:09:01,10,23,Thursday,10,False,40.007654,116.319321,2008-10-23 10:08:56,0.0046843888726096,5.0,3.3727599882789425,40.0077_116.3193,0.0833333333333333,9,1,0.33339931316741794
0,40.00767,116.319215,130.0,2008-10-23,10:09:06,2008-10-23 10:09:06,10,23,Thursday,10,False,40.007654,116.319266,2008-10-23 10:09:01,0.0043438165222664,5.0,3.127547896031839,40.0077_116.3192,0.0833333333333333,9,1,0.33339931316741794
0,40.007694,116.319181,130.0,2008-10-23,10:09:11,2008-10-23 10:09:11,10,23,Thursday,10,False,40.00767,116.319215,2008-10-23 10:09:06,0.0028961774012156,5.0,2.085247728875248,40.0077_116.3192,0.0833333333333333,9,1,0.3343059828954151
0,40.007699,116.319151,130.0,2008-10-23,10:09:16,2008-10-23 10:09:16,10,23,Thursday,10,False,40.007694,116.319181,2008-10-23 10:09:11,0.002555138037525,5.0,1.839699387018064,40.0077_116.3192,0.0833333333333333,9,1,0.33715065669588107
0,40.007272,116.319756,129.0,2008-10-23,10:09:26,2008-10-23 10:09:26,10,23,Thursday,10,False,40.007699,116.319151,2008-10-23 10:09:16,0.0515350678742051,10.0,18.55262443471386,40.0073_116.3198,0.1666666666666666,9,1,0.256680889770095
0,40.007331,116.319657,129.0,2008-10-23,10:09:31,2008-10-23 10:09:31,10,23,Thursday,10,False,40.007272,116.319756,2008-10-23 10:09:26,0.0084327209213821,5.0,6.071559063395147,40.0073_116.3197,0.0833333333333333,9,1,0.33202984899291
0,40.007428,116.319432,130.0,2008-10-23,10:09:41,2008-10-23 10:09:41,10,23,Thursday,10,False,40.007331,116.319657,2008-10-23 10:09:31,0.0191644106805081,10.0,6.899187844982951,40.0074_116.3194,0.1666666666666666,9,1,0.31284204151907985
0,40.007395,116.319354,125.0,2008-10-23,10:09:46,2008-10-23 10:09:46,10,23,Thursday,10,False,40.007428,116.319432,2008-10-23 10:09:41,0.0066436474202846,5.0,4.783426142604913,40.0074_116.3194,0.0833333333333333,9,1,0.3329465648857649
0,40.007447,116.319379,121.0,2008-10-23,10:09:51,2008-10-23 10:09:51,10,23,Thursday,10,False,40.007395,116.319354,2008-10-23 10:09:46,0.0021316650906978,5.0,1.5347988653024442,40.0074_116.3194,0.0833333333333333,9,1,0.33930499243207946
0,40.007479,116.319371,117.0,2008-10-23,10:09:56,2008-10-23 10:09:56,10,23,Thursday,10,False,40.007447,116.319379,2008-10-23 10:09:51,0.0006841918809033,5.0,0.4926181542503802,40.0075_116.3194,0.0833333333333333,9,1,0.33891715085832946
0,40.007516,116.319316,112.0,2008-10-23,10:10:01,2008-10-23 10:10:01,10,23,Thursday,10,False,40.007479,116.319371,2008-10-23 10:09:56,0.0046849499361888,5.0,3.3731639540559835,40.0075_116.3193,0.0833333333333333,9,1,0.33339931316741794
0,40.007575,116.319238,111.0,2008-10-23,10:10:06,2008-10-23 10:10:06,10,23,Thursday,10,False,40.007516,116.319316,2008-10-23 10:10:01,0.0066443123776321,5.0,4.783904911895142,40.0076_116.3192,0.0833333333333333,9,1,0.3329465648857649
0,40.007288,116.319088,125.0,2008-10-23,10:10:31,2008-10-23 10:10:31,10,23,Thursday,10,False,40.007575,116.319238,2008-10-23 10:10:06,0.0127877834822978,25.0,1.8414408214508888,40.0073_116.3191,0.4166666666666667,9,1,0.32087933122667023
0,40.007288,116.319088,125.0,2008-10-23,10:10:34,2008-10-23 10:10:34,10,23,Thursday,10,False,40.007288,116.319088,2008-10-23 10:10:31,0.0,3.0,0.0,40.0073_116.3191,0.05,9,1,0.33823285904619227
0,40.007284,116.319084,133.0,2008-10-23,10:10:36,2008-10-23 10:10:36,10,23,Thursday,10,False,40.007288,116.319088,2008-10-23 10:10:34,0.0003407730940208,2.0,0.6133915692375688,40.0073_116.3191,0.0333333333333333,9,1,0.33823285904619227
0,40.007298,116.319036,138.0,2008-10-23,10:10:41,2008-10-23 10:10:41,10,23,Thursday,10,False,40.007284,116.319084,2008-10-23 10:10:36,0.0040883059490834,5.0,2.9435802833400904,40.0073_116.319,0.0833333333333333,9,1,0.3314333978431773
0,40.007365,116.31903,144.0,2008-10-23,10:10:46,2008-10-23 10:10:46,10,23,Thursday,10,False,40.007298,116.319036,2008-10-23 10:10:41,0.0005273097220219,5.0,0.3796629998558313,40.0074_116.319,0.0833333333333333,9,1,0.33891715085832946
0,40.007416,116.319007,147.0,2008-10-23,10:10:51,2008-10-23 10:10:51,10,23,Thursday,10,False,40.007365,116.31903,2008-10-23 10:10:46,0.00196143265659,5.0,1.4122315127448688,40.0074_116.319,0.0833333333333333,9,1,0.33794871160233614
0,40.007482,116.318957,147.0,2008-10-23,10:10:56,2008-10-23 10:10:56,10,23,Thursday,10,False,40.007416,116.319007,2008-10-23 10:10:51,0.0042604739787383,5.0,3.067541264691625,40.0075_116.319,0.0833333333333333,9,1,0.33339931316741794
0,40.007548,116.318852,144.0,2008-10-23,10:11:01,2008-10-23 10:11:01,10,23,Thursday,10,False,40.007482,116.318957,2008-10-23 10:10:56,0.0089438596530856,5.0,6.439578950221636,40.0075_116.3189,0.0833333333333333,9,1,0.3309294503373144
0,40.007627,116.318775,139.0,2008-10-23,10:11:06,2008-10-23 10:11:06,10,23,Thursday,10,False,40.007548,116.318852,2008-10-23 10:11:01,0.006559942687107,5.0,4.7231587347171,40.0076_116.3188,0.0833333333333333,9,1,0.3329465648857649
0,40.007718,116.318705,135.0,2008-10-23,10:11:11,2008-10-23 10:11:11,10,23,Thursday,10,False,40.007627,116.318775,2008-10-23 10:11:06,0.0059645629934915,5.0,4.294485355313942,40.0077_116.3187,0.0833333333333333,9,1,0.33180770819853594
0,40.007808,116.318623,131.0,2008-10-23,10:11:16,2008-10-23 10:11:16,10,23,Thursday,10,False,40.007718,116.318705,2008-10-23 10:11:11,0.0069861705803239,5.0,5.030042817833238,40.0078_116.3186,0.0833333333333333,9,1,0.33276461716514244
0,40.007877,116.318546,127.0,2008-10-23,10:11:21,2008-10-23 10:11:21,10,23,Thursday,10,False,40.007808,116.318623,2008-10-23 10:11:16,0.0065594933101828,5.0,4.722835183331641,40.0079_116.3185,0.0833333333333333,9,1,0.33180770819853594
0,40.007945,116.318487,125.0,2008-10-23,10:11:26,2008-10-23 10:11:26,10,23,Thursday,10,False,40.007877,116.318546,2008-10-23 10:11:21,0.0050267853752368,5.0,3.619285470170519,40.0079_116.3185,0.0833333333333333,9,1,0.3327799470453528
0,40.00803,116.318444,123.0,2008-10-23,10:11:31,2008-10-23 10:11:31,10,23,Thursday,10,False,40.007945,116.318487,2008-10-23 10:11:26,0.0036660357633935,5.0,2.639545749643335,40.008_116.3184,0.0833333333333333,9,1,0.33169474680100397
0,40.008125,116.318365,122.0,2008-10-23,10:11:36,2008-10-23 10:11:36,10,23,Thursday,10,False,40.00803,116.318444,2008-10-23 10:11:31,0.0067309695825384,5.0,4.846298099427692,40.0081_116.3184,0.0833333333333333,9,1,0.3299607176452799
0,40.008215,116.318248,120.0,2008-10-23,10:11:41,2008-10-23 10:11:41,10,23,Thursday,10,False,40.008125,116.318365,2008-10-23 10:11:36,0.0099664280093294,5.0,7.175828166717205,40.0082_116.3182,0.0833333333333333,9,1,0.3272567090416691
0,40.008168,116.318293,120.0,2008-10-23,10:11:46,2008-10-23 10:11:46,10,23,Thursday,10,False,40.008215,116.318248,2008-10-23 10:11:41,0.0038337368759536,5.0,2.7602905506866233,40.0082_116.3183,0.0833333333333333,9,1,0.33169474680100397
0,40.008015,116.318471,117.0,2008-10-23,10:11:51,2008-10-23 10:11:51,10,23,Thursday,10,False,40.008168,116.318293,2008-10-23 10:11:46,0.0151631962011666,5.0,10.917501264840007,40.008_116.3185,0.0833333333333333,9,1,0.3105041019945744
0,40.008049,116.318444,114.0,2008-10-23,10:11:56,2008-10-23 10:11:56,10,23,Thursday,10,False,40.008015,116.318471,2008-10-23 10:11:51,0.0023005428295012,5.0,1.6563908372409086,40.008_116.3184,0.0833333333333333,9,1,0.3363754538155144
0,40.008064,116.31838,111.0,2008-10-23,10:12:01,2008-10-23 10:12:01,10,23,Thursday,10,False,40.008049,116.318444,2008-10-23 10:11:56,0.0054509708259358,5.0,3.924698994673836,40.0081_116.3184,0.0833333333333333,9,1,0.33218488192363
0,40.008118,116.318326,109.0,2008-10-23,10:12:06,2008-10-23 10:12:06,10,23,Thursday,10,False,40.008064,116.31838,2008-10-23 10:12:01,0.0046003825592921,5.0,3.312275442690361,40.0081_116.3183,0.0833333333333333,9,1,0.3304174753510456
0,40.008197,116.318275,106.0,2008-10-23,10:12:11,2008-10-23 10:12:11,10,23,Thursday,10,False,40.008118,116.318326,2008-10-23 10:12:06,0.0043463789393266,5.0,3.129392836315174,40.0082_116.3183,0.0833333333333333,9,1,0.3304174753510456
0,40.008289,116.318251,104.0,2008-10-23,10:12:16,2008-10-23 10:12:16,10,23,Thursday,10,False,40.008197,116.318275,2008-10-23 10:12:11,0.002051862316849,5.0,1.4773408681313491,40.0083_116.3183,0.0833333333333333,9,1,0.3363754538155144
0,40.008305,116.318267,101.0,2008-10-23,10:12:21,2008-10-23 10:12:21,10,23,Thursday,10,False,40.008289,116.318251,2008-10-23 10:12:16,0.0013630722026171,5.0,0.9814119858843836,40.0083_116.3183,0.0833333333333333,9,1,0.3361901039139599
0,40.008276,116.318339,98.0,2008-10-23,10:12:26,2008-10-23 10:12:26,10,23,Thursday,10,False,40.008305,116.318267,2008-10-23 10:12:21,0.0061324919713446,5.0,4.415394219368128,40.0083_116.3183,0.0833333333333333,9,1,0.3299607176452799
0,40.008184,116.318474,95.0,2008-10-23,10:12:31,2008-10-23 10:12:31,10,23,Thursday,10,False,40.008276,116.318339,2008-10-23 10:12:26,0.011499334588024,5.0,8.27952090337729,40.0082_116.3185,0.0833333333333333,9,1,0.32503477064259884
0,40.008071,116.318568,91.0,2008-10-23,10:12:36,2008-10-23 10:12:36,10,23,Thursday,10,False,40.008184,116.318474,2008-10-23 10:12:31,0.0080089939019423,5.0,5.766475609398507,40.0081_116.3186,0.0833333333333333,9,1,0.3334400690615295
0,40.007954,116.318639,87.0,2008-10-23,10:12:41,2008-10-23 10:12:41,10,23,Thursday,10,False,40.008071,116.318568,2008-10-23 10:12:36,0.0060513499685573,5.0,4.356971977361306,40.008_116.3186,0.0833333333333333,9,1,0.33180770819853594
0,40.007884,116.318684,82.0,2008-10-23,10:12:46,2008-10-23 10:12:46,10,23,Thursday,10,False,40.007954,116.318639,2008-10-23 10:12:41,0.0038350738000821,5.0,2.7612531360591515,40.0079_116.3187,0.0833333333333333,9,1,0.3335323217195851
0,40.007867,116.318699,77.0,2008-10-23,10:12:51,2008-10-23 10:12:51,10,23,Thursday,10,False,40.007884,116.318684,2008-10-23 10:12:46,0.0012779823871264,5.0,0.9201473187310482,40.0079_116.3187,0.0833333333333333,9,1,0.3366416516233579
0,40.007835,116.318706,72.0,2008-10-23,10:12:56,2008-10-23 10:12:56,10,23,Thursday,10,False,40.007867,116.318699,2008-10-23 10:12:51,0.0005994190043685,5.0,0.4315816831453762,40.0078_116.3187,0.0833333333333333,9,1,0.3377984612795997
0,40.007717,116.318842,71.0,2008-10-23,10:13:01,2008-10-23 10:13:01,10,23,Thursday,10,False,40.007835,116.318706,2008-10-23 10:12:56,0.0115854589576321,5.0,8.34153044949516,40.0077_116.3188,0.0833333333333333,9,1,0.3280638578994871
0,40.007726,116.318826,66.0,2008-10-23,10:13:06,2008-10-23 10:13:06,10,23,Thursday,10,False,40.007717,116.318842,2008-10-23 10:13:01,0.0013628418924564,5.0,0.9812461625686516,40.0077_116.3188,0.0833333333333333,9,1,0.33776423545470224
0,40.007721,116.318792,61.0,2008-10-23,10:13:11,2008-10-23 10:13:11,10,23,Thursday,10,False,40.007726,116.318826,2008-10-23 10:13:06,0.0028958173397906,5.0,2.0849884846492355,40.0077_116.3188,0.0833333333333333,9,1,0.3343059828954151
0,40.007753,116.318741,58.0,2008-10-23,10:13:16,2008-10-23 10:13:16,10,23,Thursday,10,False,40.007721,116.318792,2008-10-23 10:13:11,0.0043441446918104,5.0,3.1277841781035565,40.0078_116.3187,0.0833333333333333,9,1,0.33339931316741794
0,40.007803,116.318672,59.0,2008-10-23,10:13:21,2008-10-23 10:13:21,10,23,Thursday,10,False,40.007753,116.318741,2008-10-23 10:13:16,0.0058775691544942,5.0,4.231849791235884,40.0078_116.3187,0.0833333333333333,9,1,0.33401979544909627
0,40.007852,116.318565,60.0,2008-10-23,10:13:26,2008-10-23 10:13:26,10,23,Thursday,10,False,40.007803,116.318672,2008-10-23 10:13:21,0.0091137385995229,5.0,6.5618917916565165,40.0079_116.3186,0.0833333333333333,9,1,0.32981541685819027
0,40.007925,116.318494,62.0,2008-10-23,10:13:31,2008-10-23 10:13:31,10,23,Thursday,10,False,40.007852,116.318565,2008-10-23 10:13:26,0.006048758741649,5.0,4.355106293987308,40.0079_116.3185,0.0833333333333333,9,1,0.33180770819853594
0,40.008019,116.318455,64.0,2008-10-23,10:13:36,2008-10-23 10:13:36,10,23,Thursday,10,False,40.007925,116.318494,2008-10-23 10:13:31,0.0033266478552283,5.0,2.3951864557643763,40.008_116.3185,0.0833333333333333,9,1,0.33245989474976645
0,40.006977,116.319607,134.0,2008-10-23,10:14:21,2008-10-23 10:14:21,10,23,Thursday,10,False,40.008019,116.318455,2008-10-23 10:13:36,0.098137715656455,45.0,7.851017252516407,40.007_116.3196,0.75,9,1,0.19062179000195378
0,40.007203,116.319334,139.0,2008-10-23,10:14:26,2008-10-23 10:14:26,10,23,Thursday,10,False,40.006977,116.319607,2008-10-23 10:14:21,0.0232559313955156,5.0,16.744270604771238,40.0072_116.3193,0.0833333333333333,9,1,0.2979571234255905
0,40.00735,116.319131,140.0,2008-10-23,10:14:31,2008-10-23 10:14:31,10,23,Thursday,10,False,40.007203,116.319334,2008-10-23 10:14:26,0.0172921025688903,5.0,12.450313849601033,40.0074_116.3191,0.0833333333333333,9,1,0.3145171237992664
0,40.007504,116.318956,140.0,2008-10-23,10:14:36,2008-10-23 10:14:36,10,23,Thursday,10,False,40.00735,116.319131,2008-10-23 10:14:31,0.0149079193924052,5.0,10.733701962531796,40.0075_116.319,0.0833333333333333,9,1,0.31895081823685467
0,40.007611,116.318793,140.0,2008-10-23,10:14:41,2008-10-23 10:14:41,10,23,Thursday,10,False,40.007504,116.318956,2008-10-23 10:14:36,0.0138843977858483,5.0,9.996766405810789,40.0076_116.3188,0.0833333333333333,9,1,0.3232233719095634
0,40.007773,116.31865,140.0,2008-10-23,10:14:46,2008-10-23 10:14:46,10,23,Thursday,10,False,40.007611,116.318793,2008-10-23 10:14:41,0.0121834614869789,5.0,8.772092270624837,40.0078_116.3186,0.0833333333333333,9,1,0.32690850868003174
0,40.007966,116.31854,140.0,2008-10-23,10:14:51,2008-10-23 10:14:51,10,23,Thursday,10,False,40.007773,116.31865,2008-10-23 10:14:46,0.0093762325228243,5.0,6.750887416433544,40.008_116.3185,0.0833333333333333,9,1,0.3291183821376524
0,40.007399,116.31912,131.0,2008-10-23,10:15:06,2008-10-23 10:15:06,10,23,Thursday,10,False,40.007966,116.31854,2008-10-23 10:14:51,0.0494112436116546,15.0,11.85869846679711,40.0074_116.3191,0.25,9,1,0.25946851959385514
0,40.007411,116.319124,112.0,2008-10-23,10:15:11,2008-10-23 10:15:11,10,23,Thursday,10,False,40.007399,116.31912,2008-10-23 10:15:06,0.0003414791282389,5.0,0.2458649723320391,40.0074_116.3191,0.0833333333333333,9,1,0.33823285904619227
0,40.00744,116.31909,92.0,2008-10-23,10:15:16,2008-10-23 10:15:16,10,23,Thursday,10,False,40.007411,116.319124,2008-10-23 10:15:11,0.0028963605868742,5.0,2.0853796225494534,40.0074_116.3191,0.0833333333333333,9,1,0.3343059828954151
0,40.007496,116.319085,70.0,2008-10-23,10:15:21,2008-10-23 10:15:21,10,23,Thursday,10,False,40.00744,116.31909,2008-10-23 10:15:16,0.0004395038147545,5.0,0.3164427466232438,40.0075_116.3191,0.0833333333333333,9,1,0.33891715085832946
0,40.00754,116.31909,61.0,2008-10-23,10:15:26,2008-10-23 10:15:26,10,23,Thursday,10,False,40.007496,116.319085,2008-10-23 10:15:21,0.0004343312973343,5.0,0.3127185340807262,40.0075_116.3191,0.0833333333333333,9,1,0.33891715085832946
0,40.007619,116.319094,59.0,2008-10-23,10:15:31,2008-10-23 10:15:31,10,23,Thursday,10,False,40.00754,116.31909,2008-10-23 10:15:26,0.0003735920895127,5.0,0.2689863044492151,40.0076_116.3191,0.0833333333333333,9,1,0.33560995780577224
0,40.007648,116.319041,22.0,2008-10-23,10:15:36,2008-10-23 10:15:36,10,23,Thursday,10,False,40.007619,116.319094,2008-10-23 10:15:31,0.0045143996538391,5.0,3.250367750764222,40.0076_116.319,0.0833333333333333,9,1,0.33339931316741794
0,40.007681,116.318962,-30.0,2008-10-23,10:15:41,2008-10-23 10:15:41,10,23,Thursday,10,False,40.007648,116.319041,2008-10-23 10:15:36,0.0067287895861293,5.0,4.844728502013116,40.0077_116.319,0.0833333333333333,9,1,0.3329465648857649
0,40.007724,116.318892,-76.0,2008-10-23,10:15:46,2008-10-23 10:15:46,10,23,Thursday,10,False,40.007681,116.318962,2008-10-23 10:15:41,0.0059625292502844,5.0,4.293021060204825,40.0077_116.3189,0.0833333333333333,9,1,0.3329465648857649
0,40.007766,116.318825,-155.0,2008-10-23,10:15:51,2008-10-23 10:15:51,10,23,Thursday,10,False,40.007724,116.318892,2008-10-23 10:15:46,0.0057070118587652,5.0,4.1090485383110105,40.0078_116.3188,0.0833333333333333,9,1,0.3351512054258719
0,40.007809,116.318799,-218.0,2008-10-23,10:15:56,2008-10-23 10:15:56,10,23,Thursday,10,False,40.007766,116.318825,2008-10-23 10:15:51,0.0022160059089769,5.0,1.5955242544634172,40.0078_116.3188,0.0833333333333333,9,1,0.33930499243207946
0,40.007849,116.318754,-278.0,2008-10-23,10:16:01,2008-10-23 10:16:01,10,23,Thursday,10,False,40.007809,116.318799,2008-10-23 10:15:56,0.0038334580623791,5.0,2.7600898049130156,40.0078_116.3188,0.0833333333333333,9,1,0.3346653727146869
0,40.007905,116.31869,-336.0,2008-10-23,10:16:06,2008-10-23 10:16:06,10,23,Thursday,10,False,40.007849,116.318754,2008-10-23 10:16:01,0.0054519907510867,5.0,3.9254333407824538,40.0079_116.3187,0.0833333333333333,9,1,0.33401979544909627
0,40.007878,116.318784,-145.0,2008-10-23,10:18:11,2008-10-23 10:18:11,10,23,Thursday,10,False,40.007905,116.31869,2008-10-23 10:16:06,0.0080061900563122,125.0,0.2305782736217936,40.0079_116.3188,2.0833333333333335,9,1,0.3293892227983652
0,40.007616,116.318863,119.0,2008-10-23,10:18:16,2008-10-23 10:18:16,10,23,Thursday,10,False,40.007878,116.318784,2008-10-23 10:18:11,0.0067476616680708,5.0,4.858316401011022,40.0076_116.3189,0.0833333333333333,9,1,0.3329465648857649
0,40.007692,116.318817,134.0,2008-10-23,10:18:21,2008-10-23 10:18:21,10,23,Thursday,10,False,40.007616,116.318863,2008-10-23 10:18:16,0.0039206278754414,5.0,2.8228520703178495,40.0077_116.3188,0.0833333333333333,9,1,0.3346653727146869
0,40.007794,116.318827,136.0,2008-10-23,10:18:26,2008-10-23 10:18:26,10,23,Thursday,10,False,40.007692,116.318817,2008-10-23 10:18:21,0.0008744075164645,5.0,0.6295734118544849,40.0078_116.3188,0.0833333333333333,9,1,0.33879178489783535
0,40.007898,116.318829,137.0,2008-10-23,10:18:31,2008-10-23 10:18:31,10,23,Thursday,10,False,40.007794,116.318827,2008-10-23 10:18:26,0.0002641084077626,5.0,0.1901580535891018,40.0079_116.3188,0.0833333333333333,9,1,0.33823285904619227
0,40.007981,116.318788,138.0,2008-10-23,10:18:36,2008-10-23 10:18:36,10,23,Thursday,10,False,40.007898,116.318829,2008-10-23 10:18:31,0.0034956975674168,5.0,2.516902248540121,40.008_116.3188,0.0833333333333333,9,1,0.3322778792190688
0,40.008009,116.318763,138.0,2008-10-23,10:18:41,2008-10-23 10:18:41,10,23,Thursday,10,False,40.007981,116.318788,2008-10-23 10:18:36,0.0021299503175513,5.0,1.5335642286369815,40.008_116.3188,0.0833333333333333,9,1,0.33930499243207946
0,40.008031,116.318756,138.0,2008-10-23,10:18:46,2008-10-23 10:18:46,10,23,Thursday,10,False,40.008009,116.318763,2008-10-23 10:18:41,0.0005977186086149,5.0,0.4303573982027484,40.008_116.3188,0.0833333333333333,9,1,0.33891715085832946
0,40.008055,116.318753,138.0,2008-10-23,10:18:51,2008-10-23 10:18:51,10,23,Thursday,10,False,40.008031,116.318756,2008-10-23 10:18:46,0.000259721267578,5.0,0.1869993126561612,40.0081_116.3188,0.0833333333333333,9,1,0.33823285904619227
0,40.008237,116.318816,135.0,2008-10-23,10:18:56,2008-10-23 10:18:56,10,23,Thursday,10,False,40.008055,116.318753,2008-10-23 10:18:51,0.0053773287370754,5.0,3.871676690694353,40.0082_116.3188,0.0833333333333333,9,1,0.3351512054258719
0,40.008306,116.318941,127.0,2008-10-23,10:19:01,2008-10-23 10:19:01,10,23,Thursday,10,False,40.008237,116.318816,2008-10-23 10:18:56,0.0106470841713968,5.0,7.6659006034057136,40.0083_116.3189,0.0833333333333333,9,1,0.33026629209910685
0,40.008283,116.318897,123.0,2008-10-23,10:19:06,2008-10-23 10:19:06,10,23,Thursday,10,False,40.008306,116.318941,2008-10-23 10:19:01,0.0037477417600396,5.0,2.6983740672285825,40.0083_116.3189,0.0833333333333333,9,1,0.3346653727146869
0,40.0083,116.318936,118.0,2008-10-23,10:19:11,2008-10-23 10:19:11,10,23,Thursday,10,False,40.008283,116.318897,2008-10-23 10:19:06,0.0033217903867255,5.0,2.3916890784424036,40.0083_116.3189,0.0833333333333333,9,1,0.33542380418642725
0,40.007645,116.319454,121.0,2008-10-23,10:19:16,2008-10-23 10:19:16,10,23,Thursday,10,False,40.0083,116.318936,2008-10-23 10:19:11,0.0441365294533025,5.0,31.778301206377833,40.0076_116.3195,0.0833333333333333,9,1,0.2582430729715859
0,40.007582,116.319409,127.0,2008-10-23,10:19:21,2008-10-23 10:19:21,10,23,Thursday,10,False,40.007645,116.319454,2008-10-23 10:19:16,0.0038346337539197,5.0,2.7609363028221883,40.0076_116.3194,0.0833333333333333,9,1,0.3346653727146869
0,40.007581,116.319385,138.0,2008-10-23,10:19:26,2008-10-23 10:19:26,10,23,Thursday,10,False,40.007582,116.319409,2008-10-23 10:19:21,0.0020441000543756,5.0,1.471752039150459,40.0076_116.3194,0.0833333333333333,9,1,0.33794871160233614
0,40.007612,116.319403,150.0,2008-10-23,10:19:31,2008-10-23 10:19:31,10,23,Thursday,10,False,40.007581,116.319385,2008-10-23 10:19:26,0.0015342540288068,5.0,1.104662900740955,40.0076_116.3194,0.0833333333333333,9,1,0.3375834827116825
0,40.007694,116.319429,161.0,2008-10-23,10:19:36,2008-10-23 10:19:36,10,23,Thursday,10,False,40.007612,116.319403,2008-10-23 10:19:31,0.0022201492377298,5.0,1.5985074511655029,40.0077_116.3194,0.0833333333333333,9,1,0.33930499243207946
0,40.007778,116.319475,174.0,2008-10-23,10:19:41,2008-10-23 10:19:41,10,23,Thursday,10,False,40.007694,116.319429,2008-10-23 10:19:36,0.0039212379465819,5.0,2.823291321539003,40.0078_116.3195,0.0833333333333333,9,1,0.3346653727146869
0,40.007876,116.319505,182.0,2008-10-23,10:19:46,2008-10-23 10:19:46,10,23,Thursday,10,False,40.007778,116.319475,2008-10-23 10:19:41,0.0025621833725782,5.0,1.8447720282563216,40.0079_116.3195,0.0833333333333333,9,1,0.33715065669588107
0,40.007974,116.319529,185.0,2008-10-23,10:19:51,2008-10-23 10:19:51,10,23,Thursday,10,False,40.007876,116.319505,2008-10-23 10:19:46,0.002052917819738,5.0,1.478100830211393,40.008_116.3195,0.0833333333333333,9,1,0.33794871160233614
0,40.008096,116.319537,188.0,2008-10-23,10:19:56,2008-10-23 10:19:56,10,23,Thursday,10,False,40.007974,116.319529,2008-10-23 10:19:51,0.0007213271393656,5.0,0.5193555403432449,40.0081_116.3195,0.0833333333333333,9,1,0.33891715085832946
0,40.008196,116.319549,188.0,2008-10-23,10:20:01,2008-10-23 10:20:01,10,23,Thursday,10,False,40.008096,116.319537,2008-10-23 10:19:56,0.0010403037477885,5.0,0.7490186984077625,40.0082_116.3195,0.0833333333333333,9,1,0.33879178489783535
0,40.008292,116.319591,185.0,2008-10-23,10:20:06,2008-10-23 10:20:06,10,23,Thursday,10,False,40.008196,116.319549,2008-10-23 10:20:01,0.0035819872646613,5.0,2.5790308305561873,40.0083_116.3196,0.0833333333333333,9,1,0.3346653727146869
0,40.008369,116.319618,183.0,2008-10-23,10:20:11,2008-10-23 10:20:11,10,23,Thursday,10,False,40.008292,116.319591,2008-10-23 10:20:06,0.0023044365942105,5.0,1.659194347831597,40.0084_116.3196,0.0833333333333333,9,1,0.33930499243207946
0,40.008421,116.319597,182.0,2008-10-23,10:20:16,2008-10-23 10:20:16,10,23,Thursday,10,False,40.008369,116.319618,2008-10-23 10:20:11,0.0017914102244697,5.0,1.289815361618184,40.0084_116.3196,0.0833333333333333,9,1,0.33794871160233614
0,40.008452,116.319548,180.0,2008-10-23,10:20:21,2008-10-23 10:20:21,10,23,Thursday,10,False,40.008421,116.319597,2008-10-23 10:20:16,0.004173750417824,5.0,3.0051003008333184,40.0085_116.3195,0.0833333333333333,9,1,0.33339931316741794
0,40.008503,116.319525,179.0,2008-10-23,10:20:26,2008-10-23 10:20:26,10,23,Thursday,10,False,40.008452,116.319548,2008-10-23 10:20:21,0.0019614015032059,5.0,1.412209082308276,40.0085_116.3195,0.0833333333333333,9,1,0.33794871160233614
0,40.008544,116.31949,178.0,2008-10-23,10:20:31,2008-10-23 10:20:31,10,23,Thursday,10,False,40.008503,116.319525,2008-10-23 10:20:26,0.0029819985411942,5.0,2.1470389496598656,40.0085_116.3195,0.0833333333333333,9,1,0.3343059828954151
0,40.008601,116.319482,175.0,2008-10-23,10:20:36,2008-10-23 10:20:36,10,23,Thursday,10,False,40.008544,116.31949,2008-10-23 10:20:31,0.0006902779485415,5.0,0.4970001229499157,40.0086_116.3195,0.0833333333333333,9,1,0.33891715085832946
0,40.008617,116.319483,175.0,2008-10-23,10:20:41,2008-10-23 10:20:41,10,23,Thursday,10,False,40.008601,116.319482,2008-10-23 10:20:36,9.06534113313654e-05,5.0,0.0652704561585831,40.0086_116.3195,0.0833333333333333,9,1,0.33823285904619227
0,40.008617,116.319483,175.0,2008-10-23,10:20:44,2008-10-23 10:20:44,10,23,Thursday,10,False,40.008617,116.319483,2008-10-23 10:20:41,0.0,3.0,0.0,40.0086_116.3195,0.05,9,1,0.33823285904619227
0,40.008625,116.319489,175.0,2008-10-23,10:20:46,2008-10-23 10:20:46,10,23,Thursday,10,False,40.008617,116.319483,2008-10-23 10:20:44,0.0005112527989572,2.0,0.92025503812313,40.0086_116.3195,0.0333333333333333,9,1,0.33891715085832946
0,40.00864,116.319488,175.0,2008-10-23,10:20:56,2008-10-23 10:20:56,10,23,Thursday,10,False,40.008625,116.319489,2008-10-23 10:20:46,9.000709893662856e-05,10.0,0.0324025556171862,40.0086_116.3195,0.1666666666666666,9,1,0.33823285904619227
0,40.008645,116.319484,174.0,2008-10-23,10:21:01,2008-10-23 10:21:01,10,23,Thursday,10,False,40.00864,116.319488,2008-10-23 10:20:56,0.000340816060576,5.0,0.2453875636147338,40.0086_116.3195,0.0833333333333333,9,1,0.33823285904619227
0,40.008645,116.319484,174.0,2008-10-23,10:21:04,2008-10-23 10:21:04,10,23,Thursday,10,False,40.008645,116.319484,2008-10-23 10:21:01,0.0,3.0,0.0,40.0086_116.3195,0.05,9,1,0.33823285904619227
0,40.008649,116.319481,174.0,2008-10-23,10:21:06,2008-10-23 10:21:06,10,23,Thursday,10,False,40.008645,116.319484,2008-10-23 10:21:04,0.0002556263028081,2.0,0.4601273450546889,40.0086_116.3195,0.0333333333333333,9,1,0.33823285904619227
0,40.008669,116.319455,174.0,2008-10-23,10:21:16,2008-10-23 10:21:16,10,23,Thursday,10,False,40.008649,116.319481,2008-10-23 10:21:06,0.0022147459183822,10.0,0.7973085306176271,40.0087_116.3195,0.1666666666666666,9,1,0.33912126953397803
0,40.006747,116.318549,7584.0,2008-10-23,10:26:35,2008-10-23 10:26:35,10,23,Thursday,10,False,40.008669,116.319455,2008-10-23 10:21:16,0.0772547003271084,319.0,0.8718398782996563,40.0067_116.3185,5.316666666666666,9,1,0.22697256919263847
0,40.006747,116.318549,7584.0,2008-10-23,10:26:43,2008-10-23 10:26:43,10,23,Thursday,10,False,40.006747,116.318549,2008-10-23 10:26:35,0.0,8.0,0.0,40.0067_116.3185,0.1333333333333333,9,1,0.33711185810518035
0,40.006755,116.318544,7558.0,2008-10-23,10:26:45,2008-10-23 10:26:45,10,23,Thursday,10,False,40.006747,116.318549,2008-10-23 10:26:43,0.0004261420876529,2.0,0.767055757775337,40.0068_116.3185,0.0333333333333333,9,1,0.3377984612795997
0,40.006742,116.318571,7547.0,2008-10-23,10:26:50,2008-10-23 10:26:50,10,23,Thursday,10,False,40.006755,116.318544,2008-10-23 10:26:45,0.002299777977569,5.0,1.655840143849716,40.0067_116.3186,0.0833333333333333,9,1,0.3381876128827396
0,40.006744,116.31856,7546.0,2008-10-23,10:26:55,2008-10-23 10:26:55,10,23,Thursday,10,False,40.006742,116.318571,2008-10-23 10:26:50,0.0009368983174312,5.0,0.6745667885505015,40.0067_116.3186,0.0833333333333333,9,1,0.33767267186503613
0,40.006745,116.318572,7544.0,2008-10-23,10:27:00,2008-10-23 10:27:00,10,23,Thursday,10,False,40.006744,116.31856,2008-10-23 10:26:55,0.0010220639405346,5.0,0.7358860371849392,40.0067_116.3186,0.0833333333333333,9,1,0.33767267186503613
0,40.006745,116.318581,7544.0,2008-10-23,10:27:05,2008-10-23 10:27:05,10,23,Thursday,10,False,40.006745,116.318572,2008-10-23 10:27:00,0.0007665465672761,5.0,0.5519135284388028,40.0067_116.3186,0.0833333333333333,9,1,0.3377984612795997
0,40.006739,116.318568,7545.0,2008-10-23,10:27:10,2008-10-23 10:27:10,10,23,Thursday,10,False,40.006745,116.318581,2008-10-23 10:27:05,0.0011072952072341,5.0,0.797252549208564,40.0067_116.3186,0.0833333333333333,9,1,0.33767267186503613
0,40.006722,116.318548,7545.0,2008-10-23,10:27:15,2008-10-23 10:27:15,10,23,Thursday,10,False,40.006739,116.318568,2008-10-23 10:27:10,0.0017037566456919,5.0,1.2267047848981922,40.0067_116.3185,0.0833333333333333,9,1,0.336826750884117
0,40.006719,116.318565,7544.0,2008-10-23,10:27:20,2008-10-23 10:27:20,10,23,Thursday,10,False,40.006722,116.318548,2008-10-23 10:27:15,0.001447933520242,5.0,1.0425121345742416,40.0067_116.3186,0.0833333333333333,9,1,0.3364602883439189
0,40.006724,116.318625,7544.0,2008-10-23,10:27:25,2008-10-23 10:27:25,10,23,Thursday,10,False,40.006719,116.318565,2008-10-23 10:27:20,0.0051103214244185,5.0,3.679431425581328,40.0067_116.3186,0.0833333333333333,9,1,0.334611629416501
0,40.006745,116.318817,7339.0,2008-10-23,10:27:30,2008-10-23 10:27:30,10,23,Thursday,10,False,40.006724,116.318625,2008-10-23 10:27:25,0.0163530467507801,5.0,11.774193660561712,40.0067_116.3188,0.0833333333333333,9,1,0.3145171237992664
0,40.006715,116.318884,7316.0,2008-10-23,10:27:35,2008-10-23 10:27:35,10,23,Thursday,10,False,40.006745,116.318817,2008-10-23 10:27:30,0.0057068115925443,5.0,4.108904346631915,40.0067_116.3189,0.0833333333333333,9,1,0.3351512054258719
0,40.006721,116.318965,7307.0,2008-10-23,10:27:40,2008-10-23 10:27:40,10,23,Thursday,10,False,40.006715,116.318884,2008-10-23 10:27:35,0.006898931668224,5.0,4.967230801121342,40.0067_116.319,0.0833333333333333,9,1,0.3339002525400102
0,40.006753,116.319072,7295.0,2008-10-23,10:27:45,2008-10-23 10:27:45,10,23,Thursday,10,False,40.006721,116.318965,2008-10-23 10:27:40,0.0091135996402068,5.0,6.561791740948908,40.0068_116.3191,0.0833333333333333,9,1,0.33096098034088883
0,40.006785,116.319175,7286.0,2008-10-23,10:27:50,2008-10-23 10:27:50,10,23,Thursday,10,False,40.006753,116.319072,2008-10-23 10:27:45,0.0087729163414045,5.0,6.316499765811241,40.0068_116.3192,0.0833333333333333,9,1,0.3309294503373144
0,40.00681,116.319239,7281.0,2008-10-23,10:27:55,2008-10-23 10:27:55,10,23,Thursday,10,False,40.006785,116.319175,2008-10-23 10:27:50,0.0054512095431455,5.0,3.9248708710647806,40.0068_116.3192,0.0833333333333333,9,1,0.3351512054258719
0,40.006849,116.319286,7278.0,2008-10-23,10:28:00,2008-10-23 10:28:00,10,23,Thursday,10,False,40.00681,116.319239,2008-10-23 10:27:55,0.0040037870380519,5.0,2.882726667397398,40.0068_116.3193,0.0833333333333333,9,1,0.3346653727146869
0,40.006811,116.319309,7257.0,2008-10-23,10:28:05,2008-10-23 10:28:05,10,23,Thursday,10,False,40.006849,116.319286,2008-10-23 10:28:00,0.0019603375665809,5.0,1.4114430479382971,40.0068_116.3193,0.0833333333333333,9,1,0.33794871160233614
0,40.006789,116.319351,7242.0,2008-10-23,10:28:10,2008-10-23 10:28:10,10,23,Thursday,10,False,40.006811,116.319309,2008-10-23 10:28:05,0.0035774692230925,5.0,2.5757778406266554,40.0068_116.3194,0.0833333333333333,9,1,0.3346653727146869
0,40.006791,116.319398,7231.0,2008-10-23,10:28:15,2008-10-23 10:28:15,10,23,Thursday,10,False,40.006789,116.319351,2008-10-23 10:28:10,0.004003075765547,5.0,2.8822145511938593,40.0068_116.3194,0.0833333333333333,9,1,0.3346653727146869
0,40.006828,116.319424,7235.0,2008-10-23,10:28:20,2008-10-23 10:28:20,10,23,Thursday,10,False,40.006791,116.319398,2008-10-23 10:28:15,0.0022156296683969,5.0,1.5952533612458166,40.0068_116.3194,0.0833333333333333,9,1,0.33930499243207946
0,40.006872,116.319419,7241.0,2008-10-23,10:28:25,2008-10-23 10:28:25,10,23,Thursday,10,False,40.006828,116.319424,2008-10-23 10:28:20,0.0004343353831759,5.0,0.3127214758866857,40.0069_116.3194,0.0833333333333333,9,1,0.33891715085832946
0,40.006893,116.319381,7247.0,2008-10-23,10:28:30,2008-10-23 10:28:30,10,23,Thursday,10,False,40.006872,116.319419,2008-10-23 10:28:25,0.0032367800224908,5.0,2.3304816161934063,40.0069_116.3194,0.0833333333333333,9,1,0.33542380418642725
0,40.006975,116.319294,7270.0,2008-10-23,10:28:35,2008-10-23 10:28:35,10,23,Thursday,10,False,40.006893,116.319381,2008-10-23 10:28:30,0.0074116383131063,5.0,5.336379585436573,40.007_116.3193,0.0833333333333333,9,1,0.3345734306134745
0,40.007457,116.319674,573.0,2008-10-23,10:28:45,2008-10-23 10:28:45,10,23,Thursday,10,False,40.006975,116.319294,2008-10-23 10:28:35,0.0323785914017733,10.0,11.656292904638406,40.0075_116.3197,0.1666666666666666,9,1,0.2690473121001389
0,40.007457,116.319674,573.0,2008-10-23,10:28:48,2008-10-23 10:28:48,10,23,Thursday,10,False,40.007457,116.319674,2008-10-23 10:28:45,0.0,3.0,0.0,40.0075_116.3197,0.05,9,1,0.33823285904619227
0,40.007458,116.319676,576.0,2008-10-23,10:28:50,2008-10-23 10:28:50,10,23,Thursday,10,False,40.007457,116.319674,2008-10-23 10:28:48,0.0001703529584506,2.0,0.306635325211099,40.0075_116.3197,0.0333333333333333,9,1,0.33823285904619227
0,40.007479,116.319695,577.0,2008-10-23,10:28:55,2008-10-23 10:28:55,10,23,Thursday,10,False,40.007458,116.319676,2008-10-23 10:28:50,0.0016187609460992,5.0,1.1655078811914714,40.0075_116.3197,0.0833333333333333,9,1,0.3375834827116825
0,40.007572,116.319786,574.0,2008-10-23,10:29:00,2008-10-23 10:29:00,10,23,Thursday,10,False,40.007479,116.319695,2008-10-23 10:28:55,0.0077526501144338,5.0,5.581908082392361,40.0076_116.3198,0.0833333333333333,9,1,0.3345734306134745
0,40.007582,116.319816,526.0,2008-10-23,10:29:05,2008-10-23 10:29:05,10,23,Thursday,10,False,40.007572,116.319786,2008-10-23 10:29:00,0.0025551977875288,5.0,1.8397424070207464,40.0076_116.3198,0.0833333333333333,9,1,0.33715065669588107
0,40.007621,116.319834,460.0,2008-10-23,10:29:10,2008-10-23 10:29:10,10,23,Thursday,10,False,40.007582,116.319816,2008-10-23 10:29:05,0.0015349411246239,5.0,1.105157609729216,40.0076_116.3198,0.0833333333333333,9,1,0.3375834827116825
0,40.007629,116.31989,429.0,2008-10-23,10:29:15,2008-10-23 10:29:15,10,23,Thursday,10,False,40.007621,116.319834,2008-10-23 10:29:10,0.0047695868747829,5.0,3.434102549843695,40.0076_116.3199,0.0833333333333333,9,1,0.33339931316741794
0,40.007634,116.319966,403.0,2008-10-23,10:29:20,2008-10-23 10:29:20,10,23,Thursday,10,False,40.007629,116.31989,2008-10-23 10:29:15,0.0064729831206824,5.0,4.660547846891379,40.0076_116.32,0.0833333333333333,9,1,0.3329465648857649
0,40.007646,116.32005,387.0,2008-10-23,10:29:25,2008-10-23 10:29:25,10,23,Thursday,10,False,40.007634,116.319966,2008-10-23 10:29:20,0.0071543787401217,5.0,5.151152692887664,40.0076_116.32,0.0833333333333333,9,1,0.3339002525400102
0,40.00766,116.320119,352.0,2008-10-23,10:29:30,2008-10-23 10:29:30,10,23,Thursday,10,False,40.007646,116.32005,2008-10-23 10:29:25,0.0058768416612448,5.0,4.231325996096306,40.0077_116.3201,0.0833333333333333,9,1,0.3351512054258719
0,40.007686,116.320243,286.0,2008-10-23,10:29:35,2008-10-23 10:29:35,10,23,Thursday,10,False,40.00766,116.320119,2008-10-23 10:29:30,0.0105612852387601,5.0,7.604125371907282,40.0077_116.3202,0.0833333333333333,9,1,0.33026629209910685
0,40.007748,116.320301,248.0,2008-10-23,10:29:40,2008-10-23 10:29:40,10,23,Thursday,10,False,40.007686,116.320243,2008-10-23 10:29:35,0.0049413616296065,5.0,3.557780373316719,40.0077_116.3203,0.0833333333333333,9,1,0.3357410470594795
0,40.007802,116.320389,228.0,2008-10-23,10:29:45,2008-10-23 10:29:45,10,23,Thursday,10,False,40.007748,116.320301,2008-10-23 10:29:40,0.0074957415479523,5.0,5.396933914525674,40.0078_116.3204,0.0833333333333333,9,1,0.3345734306134745
0,40.007819,116.320364,212.0,2008-10-23,10:29:50,2008-10-23 10:29:50,10,23,Thursday,10,False,40.007802,116.320389,2008-10-23 10:29:45,0.002129518374491,5.0,1.533253229633548,40.0078_116.3204,0.0833333333333333,9,1,0.33930499243207946
0,40.007853,116.320343,192.0,2008-10-23,10:29:55,2008-10-23 10:29:55,10,23,Thursday,10,False,40.007819,116.320364,2008-10-23 10:29:50,0.0017897968101092,5.0,1.2886537032786618,40.0079_116.3203,0.0833333333333333,9,1,0.33794871160233614
0,40.007912,116.320328,172.0,2008-10-23,10:30:00,2008-10-23 10:30:00,10,23,Thursday,10,False,40.007853,116.320343,2008-10-23 10:29:55,0.0012826772575881,5.0,0.923527625463486,40.0079_116.3203,0.0833333333333333,9,1,0.33776423545470224
0,40.007978,116.320325,150.0,2008-10-23,10:30:05,2008-10-23 10:30:05,10,23,Thursday,10,False,40.007912,116.320328,2008-10-23 10:30:00,0.0002858185773995,5.0,0.2057893757276547,40.008_116.3203,0.0833333333333333,9,1,0.33823285904619227
0,40.007999,116.320339,142.0,2008-10-23,10:30:10,2008-10-23 10:30:10,10,23,Thursday,10,False,40.007978,116.320325,2008-10-23 10:30:05,0.0011930803428253,5.0,0.8590178468342363,40.008_116.3203,0.0833333333333333,9,1,0.33776423545470224
0,40.008036,116.320394,132.0,2008-10-23,10:30:15,2008-10-23 10:30:15,10,23,Thursday,10,False,40.007999,116.320339,2008-10-23 10:30:10,0.004684914255794,5.0,3.373138264171731,40.008_116.3204,0.0833333333333333,9,1,0.33339931316741794
0,40.008125,116.320486,146.0,2008-10-23,10:30:20,2008-10-23 10:30:20,10,23,Thursday,10,False,40.008036,116.320394,2008-10-23 10:30:15,0.0078375595398018,5.0,5.643042868657351,40.0081_116.3205,0.0833333333333333,9,1,0.3345734306134745
0,40.008172,116.320571,150.0,2008-10-23,10:30:25,2008-10-23 10:30:25,10,23,Thursday,10,False,40.008125,116.320486,2008-10-23 10:30:20,0.0072400322344356,5.0,5.21282320879367,40.0082_116.3206,0.0833333333333333,9,1,0.3339002525400102
0,40.008182,116.320646,147.0,2008-10-23,10:30:30,2008-10-23 10:30:30,10,23,Thursday,10,False,40.008172,116.320571,2008-10-23 10:30:25,0.0063877835485208,5.0,4.599204154935025,40.0082_116.3206,0.0833333333333333,9,1,0.3329465648857649
0,40.008226,116.320738,134.0,2008-10-23,10:30:35,2008-10-23 10:30:35,10,23,Thursday,10,False,40.008182,116.320646,2008-10-23 10:30:30,0.007836107169301,5.0,5.641997161896738,40.0082_116.3207,0.0833333333333333,9,1,0.3345734306134745
0,40.008236,116.32081,143.0,2008-10-23,10:30:40,2008-10-23 10:30:40,10,23,Thursday,10,False,40.008226,116.320738,2008-10-23 10:30:35,0.0061322697626626,5.0,4.41523422911711,40.0082_116.3208,0.0833333333333333,9,1,0.3329465648857649
0,40.008306,116.320851,147.0,2008-10-23,10:30:45,2008-10-23 10:30:45,10,23,Thursday,10,False,40.008236,116.32081,2008-10-23 10:30:40,0.0034946089508503,5.0,2.5161184446122866,40.0083_116.3209,0.0833333333333333,9,1,0.3322778792190688
0,40.008373,116.320857,139.0,2008-10-23,10:30:50,2008-10-23 10:30:50,10,23,Thursday,10,False,40.008306,116.320851,2008-10-23 10:30:45,0.0005273024091163,5.0,0.379657734563766,40.0084_116.3209,0.0833333333333333,9,1,0.33891715085832946
0,40.008418,116.320872,125.0,2008-10-23,10:30:55,2008-10-23 10:30:55,10,23,Thursday,10,False,40.008373,116.320857,2008-10-23 10:30:50,0.0012805282346265,5.0,0.9219803289311064,40.0084_116.3209,0.0833333333333333,9,1,0.33776423545470224
0,40.00846,116.320864,109.0,2008-10-23,10:31:00,2008-10-23 10:31:00,10,23,Thursday,10,False,40.008418,116.320872,2008-10-23 10:30:55,0.0006862159857716,5.0,0.4940755097555727,40.0085_116.3209,0.0833333333333333,9,1,0.33891715085832946
0,40.008507,116.320918,104.0,2008-10-23,10:31:05,2008-10-23 10:31:05,10,23,Thursday,10,False,40.00846,116.320864,2008-10-23 10:31:00,0.00460006669631,5.0,3.312048021343218,40.0085_116.3209,0.0833333333333333,9,1,0.33339931316741794
0,40.008535,116.320997,102.0,2008-10-23,10:31:10,2008-10-23 10:31:10,10,23,Thursday,10,False,40.008507,116.320918,2008-10-23 10:31:05,0.0067286198053772,5.0,4.844606259871628,40.0085_116.321,0.0833333333333333,9,1,0.3329465648857649
0,40.008565,116.321079,102.0,2008-10-23,10:31:15,2008-10-23 10:31:15,10,23,Thursday,10,False,40.008535,116.320997,2008-10-23 10:31:10,0.0069841489633919,5.0,5.028587253642174,40.0086_116.3211,0.0833333333333333,9,1,0.3339002525400102
0,40.008619,116.321168,94.0,2008-10-23,10:31:20,2008-10-23 10:31:20,10,23,Thursday,10,False,40.008565,116.321079,2008-10-23 10:31:15,0.0075808131584554,5.0,5.458185474087943,40.0086_116.3212,0.0833333333333333,9,1,0.3345734306134745
0,40.008663,116.321249,93.0,2008-10-23,10:31:25,2008-10-23 10:31:25,10,23,Thursday,10,False,40.008619,116.321168,2008-10-23 10:31:20,0.0068992559623395,5.0,4.967464292884498,40.0087_116.3212,0.0833333333333333,9,1,0.3339002525400102
0,40.008684,116.321297,88.0,2008-10-23,10:31:30,2008-10-23 10:31:30,10,23,Thursday,10,False,40.008663,116.321249,2008-10-23 10:31:25,0.0040883360099491,5.0,2.9436019271633533,40.0087_116.3213,0.0833333333333333,9,1,0.3314333978431773
0,40.008724,116.321395,92.0,2008-10-23,10:31:35,2008-10-23 10:31:35,10,23,Thursday,10,False,40.008684,116.321297,2008-10-23 10:31:30,0.0083469618668931,5.0,6.009812544163035,40.0087_116.3214,0.0833333333333333,9,1,0.33202984899291
0,40.008776,116.321462,91.0,2008-10-23,10:31:40,2008-10-23 10:31:40,10,23,Thursday,10,False,40.008724,116.321395,2008-10-23 10:31:35,0.0057072380307024,5.0,4.109211382105788,40.0088_116.3215,0.0833333333333333,9,1,0.3351512054258719
0,40.008804,116.321504,86.0,2008-10-23,10:31:45,2008-10-23 10:31:45,10,23,Thursday,10,False,40.008776,116.321462,2008-10-23 10:31:40,0.0035775228735199,5.0,2.575816468934382,40.0088_116.3215,0.0833333333333333,9,1,0.3346653727146869
0,40.008839,116.321516,82.0,2008-10-23,10:31:50,2008-10-23 10:31:50,10,23,Thursday,10,False,40.008804,116.321504,2008-10-23 10:31:45,0.001024285696659,5.0,0.7374857015944967,40.0088_116.3215,0.0833333333333333,9,1,0.33879178489783535
0,40.008879,116.321555,89.0,2008-10-23,10:31:55,2008-10-23 10:31:55,10,23,Thursday,10,False,40.008839,116.321516,2008-10-23 10:31:50,0.0033225059310961,5.0,2.3922042703892212,40.0089_116.3216,0.0833333333333333,9,1,0.33542380418642725
0,40.008891,116.321571,94.0,2008-10-23,10:32:00,2008-10-23 10:32:00,10,23,Thursday,10,False,40.008879,116.321555,2008-10-23 10:31:55,0.0013629057203758,5.0,0.9812921186706,40.0089_116.3216,0.0833333333333333,9,1,0.33776423545470224
0,40.008873,116.321615,97.0,2008-10-23,10:32:05,2008-10-23 10:32:05,10,23,Thursday,10,False,40.008891,116.321571,2008-10-23 10:32:00,0.0037476064973042,5.0,2.698276678059035,40.0089_116.3216,0.0833333333333333,9,1,0.3346653727146869
0,40.008858,116.321677,90.0,2008-10-23,10:32:10,2008-10-23 10:32:10,10,23,Thursday,10,False,40.008873,116.321615,2008-10-23 10:32:05,0.0052805703440669,5.0,3.80201064772817,40.0089_116.3217,0.0833333333333333,9,1,0.3351512054258719
0,40.008864,116.321766,88.0,2008-10-23,10:32:15,2008-10-23 10:32:15,10,23,Thursday,10,False,40.008858,116.321677,2008-10-23 10:32:10,0.007580067816676,5.0,5.457648828006745,40.0089_116.3218,0.0833333333333333,9,1,0.3345734306134745
0,40.00887,116.321858,86.0,2008-10-23,10:32:20,2008-10-23 10:32:20,10,23,Thursday,10,False,40.008864,116.321766,2008-10-23 10:32:15,0.0078355744393124,5.0,5.641613596304951,40.0089_116.3219,0.0833333333333333,9,1,0.3345734306134745
0,40.008864,116.321933,84.0,2008-10-23,10:32:25,2008-10-23 10:32:25,10,23,Thursday,10,False,40.00887,116.321858,2008-10-23 10:32:20,0.0063877001126868,5.0,4.59914408113453,40.0089_116.3219,0.0833333333333333,9,1,0.3329465648857649
0,40.008862,116.322009,83.0,2008-10-23,10:32:30,2008-10-23 10:32:30,10,23,Thursday,10,False,40.008864,116.321933,2008-10-23 10:32:25,0.0064728602354854,5.0,4.660459369549551,40.0089_116.322,0.0833333333333333,9,1,0.3329465648857649
0,40.008855,116.322087,82.0,2008-10-23,10:32:35,2008-10-23 10:32:35,10,23,Thursday,10,False,40.008862,116.322009,2008-10-23 10:32:30,0.0066432117974498,5.0,4.783112494163902,40.0089_116.3221,0.0833333333333333,9,1,0.3329465648857649
0,40.008873,116.322144,84.0,2008-10-23,10:32:40,2008-10-23 10:32:40,10,23,Thursday,10,False,40.008855,116.322087,2008-10-23 10:32:35,0.0048547699160242,5.0,3.4954343395374576,40.0089_116.3221,0.0833333333333333,9,1,0.3357410470594795
0,40.008874,116.322234,80.0,2008-10-23,10:32:45,2008-10-23 10:32:45,10,23,Thursday,10,False,40.008873,116.322144,2008-10-23 10:32:40,0.0076652269154482,5.0,5.518963379122705,40.0089_116.3222,0.0833333333333333,9,1,0.3345734306134745
0,40.008869,116.322306,80.0,2008-10-23,10:32:50,2008-10-23 10:32:50,10,23,Thursday,10,False,40.008874,116.322234,2008-10-23 10:32:45,0.0061321891932183,5.0,4.415176219117195,40.0089_116.3223,0.0833333333333333,9,1,0.3329465648857649
0,40.008835,116.322331,82.0,2008-10-23,10:32:55,2008-10-23 10:32:55,10,23,Thursday,10,False,40.008869,116.322306,2008-10-23 10:32:50,0.0021302524777265,5.0,1.5337817839631496,40.0088_116.3223,0.0833333333333333,9,1,0.33930499243207946
0,40.008814,116.322311,84.0,2008-10-23,10:33:00,2008-10-23 10:33:00,10,23,Thursday,10,False,40.008835,116.322331,2008-10-23 10:32:55,0.0017038724093952,5.0,1.2267881347645548,40.0088_116.3223,0.0833333333333333,9,1,0.33794871160233614
0,40.008813,116.3223,85.0,2008-10-23,10:33:05,2008-10-23 10:33:05,10,23,Thursday,10,False,40.008814,116.322311,2008-10-23 10:33:00,0.0009368638710556,5.0,0.6745419871600851,40.0088_116.3223,0.0833333333333333,9,1,0.33879178489783535
0,40.008813,116.3223,85.0,2008-10-23,10:33:08,2008-10-23 10:33:08,10,23,Thursday,10,False,40.008813,116.3223,2008-10-23 10:33:05,0.0,3.0,0.0,40.0088_116.3223,0.05,9,1,0.33823285904619227
0,40.008821,116.322297,86.0,2008-10-23,10:33:10,2008-10-23 10:33:10,10,23,Thursday,10,False,40.008813,116.3223,2008-10-23 10:33:08,0.0002559790369607,2.0,0.4607622665294384,40.0088_116.3223,0.0333333333333333,9,1,0.33823285904619227
0,40.008833,116.322297,86.0,2008-10-23,10:33:15,2008-10-23 10:33:15,10,23,Thursday,10,False,40.008821,116.322297,2008-10-23 10:33:10,2.3288610983200873e-05,5.0,0.0167677999079046,40.0088_116.3223,0.0833333333333333,9,1,0.33823285904619227
0,40.008842,116.322298,87.0,2008-10-23,10:33:20,2008-10-23 10:33:20,10,23,Thursday,10,False,40.008833,116.322297,2008-10-23 10:33:15,8.694179023048338e-05,5.0,0.062598088965948,40.0088_116.3223,0.0833333333333333,9,1,0.33823285904619227
0,40.008761,116.323722,377.0,2008-10-23,10:44:31,2008-10-23 10:44:31,10,23,Thursday,10,False,40.008842,116.322298,2008-10-23 10:33:20,0.1212811495512192,671.0,0.6506887308262138,40.0088_116.3237,11.183333333333334,9,1,0.18022850109885036
0,40.008765,116.32369,384.0,2008-10-23,10:44:36,2008-10-23 10:44:36,10,23,Thursday,10,False,40.008761,116.323722,2008-10-23 10:44:31,0.0027254293948221,5.0,1.962309164271955,40.0088_116.3237,0.0833333333333333,9,1,0.3343059828954151
0,40.00865,116.323112,343.0,2008-10-23,10:44:41,2008-10-23 10:44:41,10,23,Thursday,10,False,40.008765,116.32369,2008-10-23 10:44:36,0.0492284146852426,5.0,35.44445857337471,40.0087_116.3231,0.0833333333333333,9,1,0.2562910484786129
0,40.008786,116.322741,272.0,2008-10-23,10:44:46,2008-10-23 10:44:46,10,23,Thursday,10,False,40.00865,116.323112,2008-10-23 10:44:41,0.0315989420163853,5.0,22.75123825179747,40.0088_116.3227,0.0833333333333333,9,1,0.2671768086807857
0,40.008889,116.322551,255.0,2008-10-23,10:44:51,2008-10-23 10:44:51,10,23,Thursday,10,False,40.008786,116.322741,2008-10-23 10:44:46,0.0161833882965344,5.0,11.652039573504837,40.0089_116.3226,0.0833333333333333,9,1,0.316247809411242
0,40.008962,116.322462,265.0,2008-10-23,10:44:56,2008-10-23 10:44:56,10,23,Thursday,10,False,40.008889,116.322551,2008-10-23 10:44:51,0.0075813755346007,5.0,5.458590384912575,40.009_116.3225,0.0833333333333333,9,1,0.3345734306134745
0,40.008988,116.322356,282.0,2008-10-23,10:45:01,2008-10-23 10:45:01,10,23,Thursday,10,False,40.008962,116.322462,2008-10-23 10:44:56,0.0090280612195763,5.0,6.500204078094937,40.009_116.3224,0.0833333333333333,9,1,0.33086578857635
0,40.009068,116.322259,301.0,2008-10-23,10:45:06,2008-10-23 10:45:06,10,23,Thursday,10,False,40.008988,116.322356,2008-10-23 10:45:01,0.0082628510247344,5.0,5.949252737808833,40.0091_116.3223,0.0833333333333333,9,1,0.3345734306134745
0,40.009107,116.322177,319.0,2008-10-23,10:45:11,2008-10-23 10:45:11,10,23,Thursday,10,False,40.009068,116.322259,2008-10-23 10:45:06,0.0069842614187676,5.0,5.028668221512683,40.0091_116.3222,0.0833333333333333,9,1,0.3339002525400102
0,40.009086,116.322088,329.0,2008-10-23,10:45:16,2008-10-23 10:45:16,10,23,Thursday,10,False,40.009107,116.322177,2008-10-23 10:45:11,0.0075801422833891,5.0,5.457702444040187,40.0091_116.3221,0.0833333333333333,9,1,0.3345734306134745
0,40.008929,116.321992,317.0,2008-10-23,10:45:21,2008-10-23 10:45:21,10,23,Thursday,10,False,40.009086,116.322088,2008-10-23 10:45:16,0.0081819010513682,5.0,5.890968756985142,40.0089_116.322,0.0833333333333333,9,1,0.3345734306134745
0,40.008849,116.32191,311.0,2008-10-23,10:45:26,2008-10-23 10:45:26,10,23,Thursday,10,False,40.008929,116.321992,2008-10-23 10:45:21,0.0069855971404224,5.0,5.029629941104129,40.0088_116.3219,0.0833333333333333,9,1,0.3339002525400102
0,40.008799,116.32185,307.0,2008-10-23,10:45:31,2008-10-23 10:45:31,10,23,Thursday,10,False,40.008849,116.32191,2008-10-23 10:45:26,0.0051110760352883,5.0,3.679974745407614,40.0088_116.3218,0.0833333333333333,9,1,0.3357410470594795
0,40.008827,116.321784,299.0,2008-10-23,10:45:36,2008-10-23 10:45:36,10,23,Thursday,10,False,40.008799,116.32185,2008-10-23 10:45:31,0.0056214338546927,5.0,4.0474323753787775,40.0088_116.3218,0.0833333333333333,9,1,0.3351512054258719
0,40.008862,116.321736,292.0,2008-10-23,10:45:41,2008-10-23 10:45:41,10,23,Thursday,10,False,40.008827,116.321784,2008-10-23 10:45:36,0.0040886868836079,5.0,2.9438545561977576,40.0089_116.3217,0.0833333333333333,9,1,0.3314333978431773
0,40.008898,116.321695,290.0,2008-10-23,10:45:46,2008-10-23 10:45:46,10,23,Thursday,10,False,40.008862,116.321736,2008-10-23 10:45:41,0.0034926351207223,5.0,2.514697286920063,40.0089_116.3217,0.0833333333333333,9,1,0.3322778792190688
0,40.008901,116.321684,292.0,2008-10-23,10:45:51,2008-10-23 10:45:51,10,23,Thursday,10,False,40.008898,116.321695,2008-10-23 10:45:46,0.0009368787714368,5.0,0.6745527154345139,40.0089_116.3217,0.0833333333333333,9,1,0.33879178489783535
0,40.008905,116.321683,295.0,2008-10-23,10:45:56,2008-10-23 10:45:56,10,23,Thursday,10,False,40.008901,116.321684,2008-10-23 10:45:51,8.552219692233311e-05,5.0,0.0615759817840798,40.0089_116.3217,0.0833333333333333,9,1,0.33823285904619227
0,40.008905,116.321683,295.0,2008-10-23,10:45:59,2008-10-23 10:45:59,10,23,Thursday,10,False,40.008905,116.321683,2008-10-23 10:45:56,0.0,3.0,0.0,40.0089_116.3217,0.05,9,1,0.33823285904619227
0,40.008905,116.321682,296.0,2008-10-23,10:46:01,2008-10-23 10:46:01,10,23,Thursday,10,False,40.008905,116.321683,2008-10-23 10:45:59,8.516914570193664e-05,2.0,0.1533044622634859,40.0089_116.3217,0.0333333333333333,9,1,0.33823285904619227
0,40.008934,116.321623,275.0,2008-10-23,10:46:06,2008-10-23 10:46:06,10,23,Thursday,10,False,40.008905,116.321682,2008-10-23 10:46:01,0.0050252937096422,5.0,3.61821147094245,40.0089_116.3216,0.0833333333333333,9,1,0.3357410470594795
0,40.008945,116.321551,269.0,2008-10-23,10:46:11,2008-10-23 10:46:11,10,23,Thursday,10,False,40.008934,116.321623,2008-10-23 10:46:06,0.0061322125659978,5.0,4.415193047518472,40.0089_116.3216,0.0833333333333333,9,1,0.3329465648857649
0,40.008851,116.321485,94.0,2008-10-23,11:08:22,2008-10-23 11:08:22,11,23,Thursday,10,False,40.008945,116.321551,2008-10-23 10:46:11,0.0056241236491343,1331.0,0.0152117544229027,40.0089_116.3215,22.183333333333337,9,1,0.3310706446595686
0,40.008607,116.321862,-355.0,2008-10-23,11:09:22,2008-10-23 11:09:22,11,23,Thursday,10,False,40.008851,116.321485,2008-10-23 11:08:22,0.0321123424097133,60.0,1.9267405445828032,40.0086_116.3219,1.0,9,1,0.269039868268014
0,40.008652,116.322251,-407.0,2008-10-23,11:09:27,2008-10-23 11:09:27,11,23,Thursday,10,False,40.008607,116.321862,2008-10-23 11:09:22,0.0331310465792125,5.0,23.85435353703305,40.0087_116.3223,0.0833333333333333,9,1,0.2644061538544166
0,40.008897,116.321603,-54.0,2008-10-23,11:10:27,2008-10-23 11:10:27,11,23,Thursday,10,False,40.008652,116.322251,2008-10-23 11:09:27,0.0551917602089332,60.0,3.3115056125359943,40.0089_116.3216,1.0,9,1,0.263108388981033
0,40.008928,116.32161,-21.0,2008-10-23,11:10:32,2008-10-23 11:10:32,11,23,Thursday,10,False,40.008897,116.321603,2008-10-23 11:10:27,0.0005992118207335,5.0,0.431432510928121,40.0089_116.3216,0.0833333333333333,9,1,0.33973696680684984
0,40.009013,116.321431,92.0,2008-10-23,11:10:37,2008-10-23 11:10:37,11,23,Thursday,10,False,40.008928,116.32161,2008-10-23 11:10:32,0.015246154942801,5.0,10.977231558816792,40.009_116.3214,0.0833333333333333,9,1,0.31227855585296643
0,40.009027,116.321399,93.0,2008-10-23,11:10:42,2008-10-23 11:10:42,11,23,Thursday,10,False,40.009013,116.321431,2008-10-23 11:10:37,0.0027255435061697,5.0,1.962391324442251,40.009_116.3214,0.0833333333333333,9,1,0.33376384461553077
0,40.009064,116.321326,90.0,2008-10-23,11:10:47,2008-10-23 11:10:47,11,23,Thursday,10,False,40.009027,116.321399,2008-10-23 11:10:42,0.0062177495027444,5.0,4.476779641976009,40.0091_116.3213,0.0833333333333333,9,1,0.33240223190534357
0,40.009172,116.321211,88.0,2008-10-23,11:10:52,2008-10-23 11:10:52,11,23,Thursday,10,False,40.009064,116.321326,2008-10-23 11:10:47,0.0097966636206442,5.0,7.05359780686387,40.0092_116.3212,0.0833333333333333,9,1,0.3289484985036867
0,40.009204,116.32113,86.0,2008-10-23,11:10:57,2008-10-23 11:10:57,11,23,Thursday,10,False,40.009172,116.321211,2008-10-23 11:10:52,0.0068989517436855,5.0,4.967245255453584,40.0092_116.3211,0.0833333333333333,9,1,0.33335745923229587
0,40.009243,116.32105,85.0,2008-10-23,11:11:02,2008-10-23 11:11:02,11,23,Thursday,10,False,40.009204,116.32113,2008-10-23 11:10:57,0.0068139202598513,5.0,4.906022587092947,40.0092_116.321,0.0833333333333333,9,1,0.33240223190534357
0,40.009269,116.320978,84.0,2008-10-23,11:11:07,2008-10-23 11:11:07,11,23,Thursday,10,False,40.009243,116.32105,2008-10-23 11:11:02,0.0061323545714688,5.0,4.415295291457571,40.0093_116.321,0.0833333333333333,9,1,0.33240223190534357
0,40.009328,116.320887,83.0,2008-10-23,11:11:12,2008-10-23 11:11:12,11,23,Thursday,10,False,40.009269,116.320978,2008-10-23 11:11:07,0.0077511933728096,5.0,5.580859228422927,40.0093_116.3209,0.0833333333333333,9,1,0.33327233850294335
0,40.008304,116.319876,492.0,2008-10-24,02:09:59,2008-10-24 02:09:59,2,24,Friday,10,False,40.009328,116.320887,2008-10-23 11:11:12,0.0861290487146632,53927.0,0.0057497093361912,40.0083_116.3199,898.7833333333333,9,1,0.19778766613864884
0,40.008413,116.319962,491.0,2008-10-24,02:10:04,2008-10-24 02:10:04,2,24,Friday,10,False,40.008304,116.319876,2008-10-24 02:09:59,0.0073276592174579,5.0,5.27591463656971,40.0084_116.32,0.0833333333333333,9,1,0.31120981871531567
0,40.007171,116.319458,-46.0,2008-10-24,02:10:09,2008-10-24 02:10:09,2,24,Friday,10,False,40.008413,116.319962,2008-10-24 02:10:04,0.0429935695654712,5.0,30.95537008713933,40.0072_116.3195,0.0833333333333333,9,1,0.22654018970974682
0,40.007209,116.319484,-48.0,2008-10-24,02:10:14,2008-10-24 02:10:14,2,24,Friday,10,False,40.007171,116.319458,2008-10-24 02:10:09,0.002215681079376,5.0,1.5952903771507283,40.0072_116.3195,0.0833333333333333,9,1,0.30921120808733377
0,40.007287,116.31959,-41.0,2008-10-24,02:10:19,2008-10-24 02:10:19,2,24,Friday,10,False,40.007209,116.319484,2008-10-24 02:10:14,0.0090294175918777,5.0,6.501180666151952,40.0073_116.3196,0.0833333333333333,9,1,0.3061578622176038
0,40.007366,116.319727,-40.0,2008-10-24,02:10:24,2008-10-24 02:10:24,2,24,Friday,10,False,40.007287,116.31959,2008-10-24 02:10:19,0.0116694500100659,5.0,8.40200400724746,40.0074_116.3197,0.0833333333333333,9,1,0.30586415426498603
0,40.007429,116.319873,-39.0,2008-10-24,02:10:29,2008-10-24 02:10:29,2,24,Friday,10,False,40.007366,116.319727,2008-10-24 02:10:24,0.0124355709759989,5.0,8.953611102719263,40.0074_116.3199,0.0833333333333333,9,1,0.3028182970823891
0,40.007499,116.320013,-39.0,2008-10-24,02:10:34,2008-10-24 02:10:34,2,24,Friday,10,False,40.007429,116.319873,2008-10-24 02:10:29,0.0119247059864987,5.0,8.585788310279103,40.0075_116.32,0.0833333333333333,9,1,0.30586415426498603
0,40.007514,116.320165,-39.0,2008-10-24,02:10:39,2008-10-24 02:10:39,2,24,Friday,10,False,40.007499,116.320013,2008-10-24 02:10:34,0.0129460081313439,5.0,9.32112585456763,40.0075_116.3202,0.0833333333333333,9,1,0.30565528534798003
0,40.007578,116.320176,-40.0,2008-10-24,02:10:44,2008-10-24 02:10:44,2,24,Friday,10,False,40.007514,116.320165,2008-10-24 02:10:39,0.0009450766390006,5.0,0.6804551800804625,40.0076_116.3202,0.0833333333333333,9,1,0.30767058882939435
0,40.007694,116.320214,-38.0,2008-10-24,02:10:49,2008-10-24 02:10:49,2,24,Friday,10,False,40.007578,116.320176,2008-10-24 02:10:44,0.0032443078115492,5.0,2.3359016243154302,40.0077_116.3202,0.0833333333333333,9,1,0.3088393016294223
0,40.007739,116.320357,-39.0,2008-10-24,02:10:54,2008-10-24 02:10:54,2,24,Friday,10,False,40.007694,116.320214,2008-10-24 02:10:49,0.0121797130202621,5.0,8.769393374588724,40.0077_116.3204,0.0833333333333333,9,1,0.30586415426498603
0,40.007834,116.320544,-20.0,2008-10-24,02:10:59,2008-10-24 02:10:59,2,24,Friday,10,False,40.007739,116.320357,2008-10-24 02:10:54,0.0159279583299274,5.0,11.468129997547727,40.0078_116.3205,0.0833333333333333,9,1,0.29171253789961893
0,40.007907,116.320708,-12.0,2008-10-24,02:11:04,2008-10-24 02:11:04,2,24,Friday,10,False,40.007834,116.320544,2008-10-24 02:10:59,0.013968670060207,5.0,10.057442443349055,40.0079_116.3207,0.0833333333333333,9,1,0.3011056911144228
0,40.007941,116.320861,-14.0,2008-10-24,02:11:09,2008-10-24 02:11:09,2,24,Friday,10,False,40.007907,116.320708,2008-10-24 02:11:04,0.0130312336531969,5.0,9.382488230301783,40.0079_116.3209,0.0833333333333333,9,1,0.30565528534798003
0,40.007989,116.320989,-14.0,2008-10-24,02:11:14,2008-10-24 02:11:14,2,24,Friday,10,False,40.007941,116.320861,2008-10-24 02:11:09,0.010902198788439,5.0,7.849583127676126,40.008_116.321,0.0833333333333333,9,1,0.30586415426498603
0,40.008131,116.321041,-11.0,2008-10-24,02:11:19,2008-10-24 02:11:19,2,24,Friday,10,False,40.007989,116.320989,2008-10-24 02:11:14,0.0044374160660734,5.0,3.194939567572892,40.0081_116.321,0.0833333333333333,9,1,0.30842657671349966
0,40.008316,116.321118,28.0,2008-10-24,02:11:24,2008-10-24 02:11:24,2,24,Friday,10,False,40.008131,116.321041,2008-10-24 02:11:19,0.0065679102575678,5.0,4.728895385448884,40.0083_116.3211,0.0833333333333333,9,1,0.306615665862071
0,40.008486,116.321152,63.0,2008-10-24,02:11:29,2008-10-24 02:11:29,2,24,Friday,10,False,40.008316,116.321118,2008-10-24 02:11:24,0.0029145061285079,5.0,2.098444412525694,40.0085_116.3212,0.0833333333333333,9,1,0.30851887659267613
0,40.00861,116.321191,71.0,2008-10-24,02:11:34,2008-10-24 02:11:34,2,24,Friday,10,False,40.008486,116.321152,2008-10-24 02:11:29,0.0033303200915067,5.0,2.397830465884834,40.0086_116.3212,0.0833333333333333,9,1,0.3088393016294223
0,40.008716,116.321251,77.0,2008-10-24,02:11:39,2008-10-24 02:11:39,2,24,Friday,10,False,40.00861,116.321191,2008-10-24 02:11:34,0.0051143058725893,5.0,3.682300228264365,40.0087_116.3213,0.0833333333333333,9,1,0.308992477829193
0,40.008816,116.321301,82.0,2008-10-24,02:11:44,2008-10-24 02:11:44,2,24,Friday,10,False,40.008716,116.321251,2008-10-24 02:11:39,0.0042628859055335,5.0,3.069277851984152,40.0088_116.3213,0.0833333333333333,9,1,0.30842657671349966
0,40.008875,116.321349,80.0,2008-10-24,02:11:49,2008-10-24 02:11:49,2,24,Friday,10,False,40.008816,116.321301,2008-10-24 02:11:44,0.0040897257739929,5.0,2.944602557274953,40.0089_116.3213,0.0833333333333333,9,1,0.30842657671349966
0,40.008912,116.321366,79.0,2008-10-24,02:11:54,2008-10-24 02:11:54,2,24,Friday,10,False,40.008875,116.321349,2008-10-24 02:11:49,0.0014496552328956,5.0,1.0437517676848544,40.0089_116.3214,0.0833333333333333,9,1,0.30807244180145466
0,40.008912,116.321366,79.0,2008-10-24,02:11:57,2008-10-24 02:11:57,2,24,Friday,10,False,40.008912,116.321366,2008-10-24 02:11:54,0.0,3.0,0.0,40.0089_116.3214,0.05,9,1,0.3066941827514599
0,40.008915,116.321366,77.0,2008-10-24,02:11:59,2008-10-24 02:11:59,2,24,Friday,10,False,40.008912,116.321366,2008-10-24 02:11:57,5.822152742713939e-06,2.0,0.010479874936885,40.0089_116.3214,0.0333333333333333,9,1,0.3066941827514599
0,40.008921,116.321375,77.0,2008-10-24,02:12:04,2008-10-24 02:12:04,2,24,Friday,10,False,40.008915,116.321366,2008-10-24 02:11:59,0.0007666106074881,5.0,0.5519596373914573,40.0089_116.3214,0.0833333333333333,9,1,0.30780773054152105
0,40.008931,116.321385,77.0,2008-10-24,02:12:09,2008-10-24 02:12:09,2,24,Friday,10,False,40.008921,116.321375,2008-10-24 02:12:04,0.0008519122808366,5.0,0.6133768422024197,40.0089_116.3214,0.0833333333333333,9,1,0.30767058882939435
0,40.00894,116.321394,78.0,2008-10-24,02:12:14,2008-10-24 02:12:14,2,24,Friday,10,False,40.008931,116.321385,2008-10-24 02:12:09,0.0007667209451349,5.0,0.5520390804971411,40.0089_116.3214,0.0833333333333333,9,1,0.30780773054152105
0,40.008948,116.321401,78.0,2008-10-24,02:12:19,2008-10-24 02:12:19,2,24,Friday,10,False,40.00894,116.321394,2008-10-24 02:12:14,0.0005963858059333,5.0,0.4293977802720224,40.0089_116.3214,0.0833333333333333,9,1,0.30780773054152105
0,40.008951,116.321405,79.0,2008-10-24,02:12:24,2008-10-24 02:12:24,2,24,Friday,10,False,40.008948,116.321401,2008-10-24 02:12:19,0.0003407261085369,5.0,0.2453227981466105,40.009_116.3214,0.0833333333333333,9,1,0.3070591625064587
0,40.008951,116.321405,79.0,2008-10-24,02:12:27,2008-10-24 02:12:27,2,24,Friday,10,False,40.008951,116.321405,2008-10-24 02:12:24,0.0,3.0,0.0,40.009_116.3214,0.05,9,1,0.3066941827514599
0,40.008951,116.321408,79.0,2008-10-24,02:12:29,2008-10-24 02:12:29,2,24,Friday,10,False,40.008951,116.321405,2008-10-24 02:12:27,0.0002555072661334,2.0,0.4599130790401513,40.009_116.3214,0.0333333333333333,9,1,0.3060993887370692
0,40.008946,116.321438,80.0,2008-10-24,02:12:34,2008-10-24 02:12:34,2,24,Friday,10,False,40.008951,116.321408,2008-10-24 02:12:29,0.0025550911748088,5.0,1.839665645862362,40.0089_116.3214,0.0833333333333333,9,1,0.30763233779645444
0,40.008954,116.321506,82.0,2008-10-24,02:12:39,2008-10-24 02:12:39,2,24,Friday,10,False,40.008946,116.321438,2008-10-24 02:12:34,0.0057915189148121,5.0,4.1698936186647755,40.009_116.3215,0.0833333333333333,9,1,0.308992477829193
0,40.008943,116.321554,82.0,2008-10-24,02:12:44,2008-10-24 02:12:44,2,24,Friday,10,False,40.008954,116.321506,2008-10-24 02:12:39,0.0040881721377022,5.0,2.943483939145631,40.0089_116.3216,0.0833333333333333,9,1,0.30842657671349966
0,40.008924,116.32159,83.0,2008-10-24,02:12:49,2008-10-24 02:12:49,2,24,Friday,10,False,40.008943,116.321554,2008-10-24 02:12:44,0.0030663096907076,5.0,2.207742977309522,40.0089_116.3216,0.0833333333333333,9,1,0.30861235746973825
0,40.008968,116.321514,80.0,2008-10-24,02:12:54,2008-10-24 02:12:54,2,24,Friday,10,False,40.008924,116.32159,2008-10-24 02:12:49,0.0064734144321188,5.0,4.6608583911255375,40.009_116.3215,0.0833333333333333,9,1,0.306615665862071
0,40.008999,116.321465,78.0,2008-10-24,02:12:59,2008-10-24 02:12:59,2,24,Friday,10,False,40.008968,116.321514,2008-10-24 02:12:54,0.0041737169781139,5.0,3.0050762242420364,40.009_116.3215,0.0833333333333333,9,1,0.30842657671349966
0,40.009019,116.321433,78.0,2008-10-24,02:13:04,2008-10-24 02:13:04,2,24,Friday,10,False,40.008999,116.321465,2008-10-24 02:12:59,0.0027256848938313,5.0,1.9624931235585843,40.009_116.3214,0.0833333333333333,9,1,0.3068750964070199
0,40.009052,116.321394,79.0,2008-10-24,02:13:09,2008-10-24 02:13:09,2,24,Friday,10,False,40.009019,116.321433,2008-10-24 02:13:04,0.0033222076973291,5.0,2.3919895420770105,40.0091_116.3214,0.0833333333333333,9,1,0.3088393016294223
0,40.009085,116.321351,82.0,2008-10-24,02:13:14,2008-10-24 02:13:14,2,24,Friday,10,False,40.009052,116.321394,2008-10-24 02:13:09,0.0036628244393179,5.0,2.6372335963089553,40.0091_116.3214,0.0833333333333333,9,1,0.30842657671349966
0,40.009086,116.321348,82.0,2008-10-24,02:13:19,2008-10-24 02:13:19,2,24,Friday,10,False,40.009085,116.321351,2008-10-24 02:13:14,0.0002555141329997,5.0,0.1839701757598273,40.0091_116.3213,0.0833333333333333,9,1,0.3060993887370692
0,40.009086,116.321346,82.0,2008-10-24,02:13:24,2008-10-24 02:13:24,2,24,Friday,10,False,40.009086,116.321348,2008-10-24 02:13:19,0.0001703378397355,5.0,0.1226432446095813,40.0091_116.3213,0.0833333333333333,9,1,0.3060993887370692
0,40.009089,116.321346,82.0,2008-10-24,02:13:29,2008-10-24 02:13:29,2,24,Friday,10,False,40.009086,116.321346,2008-10-24 02:13:24,5.822152742713939e-06,5.0,0.004191949974754,40.0091_116.3213,0.0833333333333333,9,1,0.3066941827514599
0,40.009089,116.321345,82.0,2008-10-24,02:13:34,2008-10-24 02:13:34,2,24,Friday,10,False,40.009089,116.321346,2008-10-24 02:13:29,8.516891733497298e-05,5.0,0.0613216204811805,40.0091_116.3213,0.0833333333333333,9,1,0.3066941827514599
0,40.009089,116.321346,83.0,2008-10-24,02:13:39,2008-10-24 02:13:39,2,24,Friday,10,False,40.009089,116.321345,2008-10-24 02:13:34,8.516891733497298e-05,5.0,0.0613216204811805,40.0091_116.3213,0.0833333333333333,9,1,0.3066941827514599
0,40.009088,116.321346,83.0,2008-10-24,02:13:44,2008-10-24 02:13:44,2,24,Friday,10,False,40.009089,116.321346,2008-10-24 02:13:39,1.9407175891347245e-06,5.0,0.001397316664177,40.0091_116.3213,0.0833333333333333,9,1,0.3066941827514599
0,40.009087,116.321347,83.0,2008-10-24,02:13:49,2008-10-24 02:13:49,2,24,Friday,10,False,40.009088,116.321346,2008-10-24 02:13:44,8.519102638985846e-05,5.0,0.061337539000698,40.0091_116.3213,0.0833333333333333,9,1,0.3066941827514599
0,40.009088,116.321346,83.0,2008-10-24,02:13:54,2008-10-24 02:13:54,2,24,Friday,10,False,40.009087,116.321347,2008-10-24 02:13:49,8.519102638985846e-05,5.0,0.061337539000698,40.0091_116.3213,0.0833333333333333,9,1,0.3066941827514599
0,40.009089,116.321344,83.0,2008-10-24,02:13:59,2008-10-24 02:13:59,2,24,Friday,10,False,40.009088,116.321346,2008-10-24 02:13:54,0.0001703488899803,5.0,0.1226512007858611,40.0091_116.3213,0.0833333333333333,9,1,0.3060993887370692
0,40.00909,116.321341,83.0,2008-10-24,02:14:04,2008-10-24 02:14:04,2,24,Friday,10,False,40.009089,116.321344,2008-10-24 02:13:59,0.0002555141168173,5.0,0.1839701641084921,40.0091_116.3213,0.0833333333333333,9,1,0.3060993887370692
0,40.009088,116.321344,83.0,2008-10-24,02:14:09,2008-10-24 02:14:09,2,24,Friday,10,False,40.00909,116.321341,2008-10-24 02:14:04,0.0002555362283582,5.0,0.183986084417963,40.0091_116.3213,0.0833333333333333,9,1,0.3060993887370692
0,40.009086,116.321346,83.0,2008-10-24,02:14:14,2008-10-24 02:14:14,2,24,Friday,10,False,40.009088,116.321344,2008-10-24 02:14:09,0.0001703820552371,5.0,0.1226750797707171,40.0091_116.3213,0.0833333333333333,9,1,0.3060993887370692
0,40.009084,116.321349,83.0,2008-10-24,02:14:19,2008-10-24 02:14:19,2,24,Friday,10,False,40.009086,116.321346,2008-10-24 02:14:14,0.000255536243329,5.0,0.1839860951968903,40.0091_116.3213,0.0833333333333333,9,1,0.3060993887370692
0,40.009084,116.321349,83.0,2008-10-24,02:14:22,2008-10-24 02:14:22,2,24,Friday,10,False,40.009084,116.321349,2008-10-24 02:14:19,0.0,3.0,0.0,40.0091_116.3213,0.05,9,1,0.3066941827514599
0,40.009077,116.321356,83.0,2008-10-24,02:14:24,2008-10-24 02:14:24,2,24,Friday,10,False,40.009084,116.321349,2008-10-24 02:14:22,0.0005963372470615,2.0,1.073407044710761,40.0091_116.3214,0.0333333333333333,9,1,0.30932835828334765
0,40.009055,116.321386,83.0,2008-10-24,02:14:29,2008-10-24 02:14:29,2,24,Friday,10,False,40.009077,116.321356,2008-10-24 02:14:24,0.0025554250552856,5.0,1.8399060398056435,40.0091_116.3214,0.0833333333333333,9,1,0.30763233779645444
0,40.009001,116.32146,85.0,2008-10-24,02:14:34,2008-10-24 02:14:34,2,24,Friday,10,False,40.009055,116.321386,2008-10-24 02:14:29,0.0063033766834048,5.0,4.538431212051517,40.009_116.3215,0.0833333333333333,9,1,0.306615665862071
0,40.008971,116.321519,91.0,2008-10-24,02:14:39,2008-10-24 02:14:39,2,24,Friday,10,False,40.009001,116.32146,2008-10-24 02:14:34,0.0050253109243871,5.0,3.618223865558777,40.009_116.3215,0.0833333333333333,9,1,0.308992477829193
0,40.008923,116.321581,95.0,2008-10-24,02:14:44,2008-10-24 02:14:44,2,24,Friday,10,False,40.008971,116.321519,2008-10-24 02:14:39,0.0052813054152792,5.0,3.8025398990010606,40.0089_116.3216,0.0833333333333333,9,1,0.308992477829193
0,40.008859,116.321706,100.0,2008-10-24,02:14:49,2008-10-24 02:14:49,2,24,Friday,10,False,40.008923,116.321581,2008-10-24 02:14:44,0.010646869939184,5.0,7.665746356212482,40.0089_116.3217,0.0833333333333333,9,1,0.30586415426498603
0,40.008809,116.321794,103.0,2008-10-24,02:14:54,2008-10-24 02:14:54,2,24,Friday,10,False,40.008859,116.321706,2008-10-24 02:14:49,0.0074955207677811,5.0,5.396774952802426,40.0088_116.3218,0.0833333333333333,9,1,0.31120981871531567
0,40.008779,116.321862,106.0,2008-10-24,02:14:59,2008-10-24 02:14:59,2,24,Friday,10,False,40.008809,116.321794,2008-10-24 02:14:54,0.0057918039803057,5.0,4.17009886582011,40.0088_116.3219,0.0833333333333333,9,1,0.308992477829193
0,40.008755,116.321897,112.0,2008-10-24,02:15:04,2008-10-24 02:15:04,2,24,Friday,10,False,40.008779,116.321862,2008-10-24 02:14:59,0.0029812899987244,5.0,2.1465287990815907,40.0088_116.3219,0.0833333333333333,9,1,0.30851887659267613
0,40.008755,116.321917,119.0,2008-10-24,02:15:09,2008-10-24 02:15:09,2,24,Friday,10,False,40.008755,116.321897,2008-10-24 02:15:04,0.0017033866607646,5.0,1.2264383957505516,40.0088_116.3219,0.0833333333333333,9,1,0.30921120808733377
0,40.008739,116.321948,125.0,2008-10-24,02:15:14,2008-10-24 02:15:14,2,24,Friday,10,False,40.008755,116.321917,2008-10-24 02:15:09,0.0026404322242612,5.0,1.901111201468089,40.0087_116.3219,0.0833333333333333,9,1,0.30763233779645444
0,40.008727,116.321975,127.0,2008-10-24,02:15:19,2008-10-24 02:15:19,2,24,Friday,10,False,40.008739,116.321948,2008-10-24 02:15:14,0.0022996906562041,5.0,1.655777272466999,40.0087_116.322,0.0833333333333333,9,1,0.30921120808733377
0,40.008708,116.321995,131.0,2008-10-24,02:15:24,2008-10-24 02:15:24,2,24,Friday,10,False,40.008727,116.321975,2008-10-24 02:15:19,0.0017037866571394,5.0,1.2267263931404064,40.0087_116.322,0.0833333333333333,9,1,0.30921120808733377
0,40.0087,116.322015,134.0,2008-10-24,02:15:29,2008-10-24 02:15:29,2,24,Friday,10,False,40.008708,116.321995,2008-10-24 02:15:24,0.0017034586875894,5.0,1.226490255064433,40.0087_116.322,0.0833333333333333,9,1,0.30921120808733377
0,40.008951,116.322054,114.0,2008-10-24,02:21:54,2008-10-24 02:21:54,2,24,Friday,10,False,40.0087,116.322015,2008-10-24 02:15:29,0.0033571291723974,385.0,0.0313913377159243,40.009_116.3221,6.416666666666667,9,1,0.3065583574765452
0,40.008965,116.322109,115.0,2008-10-24,02:21:59,2008-10-24 02:21:59,2,24,Friday,10,False,40.008951,116.322054,2008-10-24 02:21:54,0.0046843781843506,5.0,3.3727522927324785,40.009_116.3221,0.0833333333333333,9,1,0.30842657671349966
0,40.009025,116.322134,115.0,2008-10-24,02:22:04,2008-10-24 02:22:04,2,24,Friday,10,False,40.008965,116.322109,2008-10-24 02:21:59,0.0021324074817374,5.0,1.5353333868509909,40.009_116.3221,0.0833333333333333,9,1,0.30921120808733377
0,40.009199,116.322217,118.0,2008-10-24,02:22:09,2008-10-24 02:22:09,2,24,Friday,10,False,40.009025,116.322134,2008-10-24 02:22:04,0.0070770786297069,5.0,5.095496613389016,40.0092_116.3222,0.0833333333333333,9,1,0.31048976705927556
0,40.009279,116.322252,127.0,2008-10-24,02:22:14,2008-10-24 02:22:14,2,24,Friday,10,False,40.009199,116.322217,2008-10-24 02:22:09,0.0029849459954213,5.0,2.14916111670337,40.0093_116.3223,0.0833333333333333,9,1,0.30851887659267613
0,40.009314,116.322339,138.0,2008-10-24,02:22:19,2008-10-24 02:22:19,2,24,Friday,10,False,40.009279,116.322252,2008-10-24 02:22:14,0.0074099845279192,5.0,5.33518886010186,40.0093_116.3223,0.0833333333333333,9,1,0.31120981871531567
0,40.0093,116.322406,150.0,2008-10-24,02:22:24,2008-10-24 02:22:24,2,24,Friday,10,False,40.009314,116.322339,2008-10-24 02:22:19,0.0057063638543908,5.0,4.108581975161384,40.0093_116.3224,0.0833333333333333,9,1,0.308992477829193
0,40.009231,116.322459,161.0,2008-10-24,02:22:29,2008-10-24 02:22:29,2,24,Friday,10,False,40.0093,116.322406,2008-10-24 02:22:24,0.0045159267211288,5.0,3.25146723921274,40.0092_116.3225,0.0833333333333333,9,1,0.30842657671349966
0,40.009094,116.322483,170.0,2008-10-24,02:22:34,2008-10-24 02:22:34,2,24,Friday,10,False,40.009231,116.322459,2008-10-24 02:22:29,0.0020612712106252,5.0,1.4841152716501906,40.0091_116.3225,0.0833333333333333,9,1,0.30921120808733377
0,40.008968,116.322437,174.0,2008-10-24,02:22:39,2008-10-24 02:22:39,2,24,Friday,10,False,40.009094,116.322483,2008-10-24 02:22:34,0.0039253973271902,5.0,2.826286075576959,40.009_116.3224,0.0833333333333333,9,1,0.30842657671349966
0,40.008905,116.322394,174.0,2008-10-24,02:22:44,2008-10-24 02:22:44,2,24,Friday,10,False,40.008968,116.322437,2008-10-24 02:22:39,0.0036643119317771,5.0,2.638304590879539,40.0089_116.3224,0.0833333333333333,9,1,0.30842657671349966
0,40.008845,116.322382,170.0,2008-10-24,02:22:49,2008-10-24 02:22:49,2,24,Friday,10,False,40.008905,116.322394,2008-10-24 02:22:44,0.0010286421704248,5.0,0.7406223627058979,40.0088_116.3224,0.0833333333333333,9,1,0.30767058882939435
0,40.008764,116.322373,167.0,2008-10-24,02:22:54,2008-10-24 02:22:54,2,24,Friday,10,False,40.008845,116.322382,2008-10-24 02:22:49,0.000782476477464,5.0,0.5633830637741114,40.0088_116.3224,0.0833333333333333,9,1,0.30780773054152105
0,40.008735,116.322402,164.0,2008-10-24,02:22:59,2008-10-24 02:22:59,2,24,Friday,10,False,40.008764,116.322373,2008-10-24 02:22:54,0.0024705519981464,5.0,1.778797438665434,40.0087_116.3224,0.0833333333333333,9,1,0.30763233779645444
0,40.008735,116.322402,164.0,2008-10-24,02:23:02,2008-10-24 02:23:02,2,24,Friday,10,False,40.008735,116.322402,2008-10-24 02:22:59,0.0,3.0,0.0,40.0087_116.3224,0.05,9,1,0.3066941827514599
0,40.008727,116.3224,163.0,2008-10-24,02:23:04,2008-10-24 02:23:04,2,24,Friday,10,False,40.008735,116.322402,2008-10-24 02:23:02,0.0001710448188714,2.0,0.3078806739685262,40.0087_116.3224,0.0333333333333333,9,1,0.3060993887370692
0,40.008697,116.322429,160.0,2008-10-24,02:23:09,2008-10-24 02:23:09,2,24,Friday,10,False,40.008727,116.3224,2008-10-24 02:23:04,0.0024705983273164,5.0,1.7788307956678242,40.0087_116.3224,0.0833333333333333,9,1,0.30763233779645444
0,40.008694,116.322431,159.0,2008-10-24,02:23:14,2008-10-24 02:23:14,2,24,Friday,10,False,40.008697,116.322429,2008-10-24 02:23:09,0.0001704382852586,5.0,0.1227155653862572,40.0087_116.3224,0.0833333333333333,9,1,0.3060993887370692
0,40.008694,116.322432,159.0,2008-10-24,02:23:19,2008-10-24 02:23:19,2,24,Friday,10,False,40.008694,116.322431,2008-10-24 02:23:14,8.516941017644377e-05,5.0,0.0613219753270395,40.0087_116.3224,0.0833333333333333,9,1,0.3066941827514599
0,40.008697,116.322433,158.0,2008-10-24,02:23:24,2008-10-24 02:23:24,2,24,Friday,10,False,40.008694,116.322432,2008-10-24 02:23:19,8.536817537818364e-05,5.0,0.0614650862722922,40.0087_116.3224,0.0833333333333333,9,1,0.3066941827514599
0,40.008697,116.322433,158.0,2008-10-24,02:23:27,2008-10-24 02:23:27,2,24,Friday,10,False,40.008697,116.322433,2008-10-24 02:23:24,0.0,3.0,0.0,40.0087_116.3224,0.05,9,1,0.3066941827514599
0,40.008695,116.322432,158.0,2008-10-24,02:23:29,2008-10-24 02:23:29,2,24,Friday,10,False,40.008697,116.322433,2008-10-24 02:23:27,8.525780514080131e-05,2.0,0.1534640492534423,40.0087_116.3224,0.0333333333333333,9,1,0.3060993887370692
0,40.008685,116.322427,157.0,2008-10-24,02:23:34,2008-10-24 02:23:34,2,24,Friday,10,False,40.008695,116.322432,2008-10-24 02:23:29,0.0004262890643073,5.0,0.3069281263012993,40.0087_116.3224,0.0833333333333333,9,1,0.30780773054152105
0,40.008649,116.322456,158.0,2008-10-24,02:23:39,2008-10-24 02:23:39,2,24,Friday,10,False,40.008685,116.322427,2008-10-24 02:23:34,0.0024709017840702,5.0,1.7790492845305876,40.0086_116.3225,0.0833333333333333,9,1,0.30763233779645444
0,40.008633,116.322464,156.0,2008-10-24,02:23:44,2008-10-24 02:23:44,2,24,Friday,10,False,40.008649,116.322456,2008-10-24 02:23:39,0.0006820629907544,5.0,0.4910853533432328,40.0086_116.3225,0.0833333333333333,9,1,0.30780773054152105
0,40.008633,116.322464,156.0,2008-10-24,02:23:47,2008-10-24 02:23:47,2,24,Friday,10,False,40.008633,116.322464,2008-10-24 02:23:44,0.0,3.0,0.0,40.0086_116.3225,0.05,9,1,0.3066941827514599
0,40.008634,116.322467,157.0,2008-10-24,02:23:49,2008-10-24 02:23:49,2,24,Friday,10,False,40.008633,116.322464,2008-10-24 02:23:47,0.0002555158248308,2.0,0.4599284846954803,40.0086_116.3225,0.0333333333333333,9,1,0.3060993887370692
0,40.008644,116.322469,156.0,2008-10-24,02:23:54,2008-10-24 02:23:54,2,24,Friday,10,False,40.008634,116.322467,2008-10-24 02:23:49,0.0001714409464627,5.0,0.1234374814531973,40.0086_116.3225,0.0833333333333333,9,1,0.3060993887370692
0,40.008643,116.322468,155.0,2008-10-24,02:23:59,2008-10-24 02:23:59,2,24,Friday,10,False,40.008644,116.322469,2008-10-24 02:23:54,8.519158022455317e-05,5.0,0.0613379377616782,40.0086_116.3225,0.0833333333333333,9,1,0.3066941827514599
0,40.008644,116.322467,154.0,2008-10-24,02:24:04,2008-10-24 02:24:04,2,24,Friday,10,False,40.008643,116.322468,2008-10-24 02:23:59,8.519158022455317e-05,5.0,0.0613379377616782,40.0086_116.3225,0.0833333333333333,9,1,0.3066941827514599
0,40.008644,116.322467,154.0,2008-10-24,02:24:07,2008-10-24 02:24:07,2,24,Friday,10,False,40.008644,116.322467,2008-10-24 02:24:04,0.0,3.0,0.0,40.0086_116.3225,0.05,9,1,0.3066941827514599
0,40.008644,116.322467,153.0,2008-10-24,02:24:09,2008-10-24 02:24:09,2,24,Friday,10,False,40.008644,116.322467,2008-10-24 02:24:07,0.0,2.0,0.0,40.0086_116.3225,0.0333333333333333,9,1,0.3066941827514599
0,40.00865,116.322455,151.0,2008-10-24,02:24:14,2008-10-24 02:24:14,2,24,Friday,10,False,40.008644,116.322467,2008-10-24 02:24:09,0.0010220999449226,5.0,0.7359119603443054,40.0087_116.3225,0.0833333333333333,9,1,0.30767058882939435
0,40.008678,116.322475,149.0,2008-10-24,02:24:19,2008-10-24 02:24:19,2,24,Friday,10,False,40.00865,116.322455,2008-10-24 02:24:14,0.0017042554673006,5.0,1.2270639364564744,40.0087_116.3225,0.0833333333333333,9,1,0.30921120808733377
0,40.008707,116.322496,143.0,2008-10-24,02:24:24,2008-10-24 02:24:24,2,24,Friday,10,False,40.008678,116.322475,2008-10-24 02:24:19,0.0017894429116594,5.0,1.2883988963947814,40.0087_116.3225,0.0833333333333333,9,1,0.30921120808733377
0,40.008734,116.322494,137.0,2008-10-24,02:24:29,2008-10-24 02:24:29,2,24,Friday,10,False,40.008707,116.322496,2008-10-24 02:24:24,0.0001782161183363,5.0,0.1283156052021921,40.0087_116.3225,0.0833333333333333,9,1,0.3060993887370692
0,40.008742,116.32246,130.0,2008-10-24,02:24:34,2008-10-24 02:24:34,2,24,Friday,10,False,40.008734,116.322494,2008-10-24 02:24:29,0.0028957996662466,5.0,2.0849757596975755,40.0087_116.3225,0.0833333333333333,9,1,0.30851887659267613
0,40.008729,116.322438,129.0,2008-10-24,02:24:39,2008-10-24 02:24:39,2,24,Friday,10,False,40.008742,116.32246,2008-10-24 02:24:34,0.0018738957090794,5.0,1.349204910537237,40.0087_116.3224,0.0833333333333333,9,1,0.30921120808733377
0,40.008726,116.322436,128.0,2008-10-24,02:24:44,2008-10-24 02:24:44,2,24,Friday,10,False,40.008729,116.322438,2008-10-24 02:24:39,0.0001704382066624,5.0,0.1227155087969438,40.0087_116.3224,0.0833333333333333,9,1,0.3060993887370692
0,40.008726,116.322436,128.0,2008-10-24,02:24:47,2008-10-24 02:24:47,2,24,Friday,10,False,40.008726,116.322436,2008-10-24 02:24:44,0.0,3.0,0.0,40.0087_116.3224,0.05,9,1,0.3066941827514599
0,40.00872,116.322439,127.0,2008-10-24,02:24:49,2008-10-24 02:24:49,2,24,Friday,10,False,40.008726,116.322436,2008-10-24 02:24:47,0.0002557733156752,2.0,0.4603919682153646,40.0087_116.3224,0.0333333333333333,9,1,0.3060993887370692
0,40.008703,116.322436,126.0,2008-10-24,02:24:54,2008-10-24 02:24:54,2,24,Friday,10,False,40.00872,116.322439,2008-10-24 02:24:49,0.0002576293972832,5.0,0.1854931660439287,40.0087_116.3224,0.0833333333333333,9,1,0.3060993887370692
0,40.008686,116.322443,124.0,2008-10-24,02:24:59,2008-10-24 02:24:59,2,24,Friday,10,False,40.008703,116.322436,2008-10-24 02:24:54,0.0005970980370294,5.0,0.4299105866612088,40.0087_116.3224,0.0833333333333333,9,1,0.30780773054152105
0,40.008679,116.322454,125.0,2008-10-24,02:25:04,2008-10-24 02:25:04,2,24,Friday,10,False,40.008686,116.322443,2008-10-24 02:24:59,0.0009369621475364,5.0,0.674612746226272,40.0087_116.3225,0.0833333333333333,9,1,0.30767058882939435
0,40.008679,116.322466,128.0,2008-10-24,02:25:09,2008-10-24 02:25:09,2,24,Friday,10,False,40.008679,116.322454,2008-10-24 02:25:04,0.0010220331358093,5.0,0.7358638577827538,40.0087_116.3225,0.0833333333333333,9,1,0.30767058882939435
0,40.008679,116.322476,128.0,2008-10-24,02:25:14,2008-10-24 02:25:14,2,24,Friday,10,False,40.008679,116.322466,2008-10-24 02:25:09,0.0008516942780256,5.0,0.6132198801784717,40.0087_116.3225,0.0833333333333333,9,1,0.30767058882939435
0,40.008676,116.322481,128.0,2008-10-24,02:25:19,2008-10-24 02:25:19,2,24,Friday,10,False,40.008679,116.322476,2008-10-24 02:25:14,0.0004258869471506,5.0,0.3066386019484607,40.0087_116.3225,0.0833333333333333,9,1,0.30780773054152105
0,40.008676,116.322481,128.0,2008-10-24,02:25:22,2008-10-24 02:25:22,2,24,Friday,10,False,40.008676,116.322481,2008-10-24 02:25:19,0.0,3.0,0.0,40.0087_116.3225,0.05,9,1,0.3066941827514599
0,40.008671,116.322488,127.0,2008-10-24,02:25:24,2008-10-24 02:25:24,2,24,Friday,10,False,40.008676,116.322481,2008-10-24 02:25:22,0.0005962650073166,2.0,1.0732770131699578,40.0087_116.3225,0.0333333333333333,9,1,0.30932835828334765
0,40.008665,116.322499,126.0,2008-10-24,02:25:29,2008-10-24 02:25:29,2,24,Friday,10,False,40.008671,116.322488,2008-10-24 02:25:24,0.000936936217573,5.0,0.6745940766526254,40.0087_116.3225,0.0833333333333333,9,1,0.30767058882939435
0,40.008673,116.322483,122.0,2008-10-24,02:25:34,2008-10-24 02:25:34,2,24,Friday,10,False,40.008665,116.322499,2008-10-24 02:25:29,0.0013627994865968,5.0,0.9812156303497072,40.0087_116.3225,0.0833333333333333,9,1,0.3073030861502802
0,40.008693,116.322461,117.0,2008-10-24,02:25:39,2008-10-24 02:25:39,2,24,Friday,10,False,40.008673,116.322483,2008-10-24 02:25:34,0.0018741292815037,5.0,1.3493730826827148,40.0087_116.3225,0.0833333333333333,9,1,0.30921120808733377
0,40.008725,116.322421,120.0,2008-10-24,02:25:44,2008-10-24 02:25:44,2,24,Friday,10,False,40.008693,116.322461,2008-10-24 02:25:39,0.0034073416166812,5.0,2.453285964010478,40.0087_116.3224,0.0833333333333333,9,1,0.3088393016294223
0,40.008725,116.322421,120.0,2008-10-24,02:25:47,2008-10-24 02:25:47,2,24,Friday,10,False,40.008725,116.322421,2008-10-24 02:25:44,0.0,3.0,0.0,40.0087_116.3224,0.05,9,1,0.3066941827514599
0,40.008732,116.322419,119.0,2008-10-24,02:25:49,2008-10-24 02:25:49,2,24,Friday,10,False,40.008725,116.322421,2008-10-24 02:25:47,0.0001708795974642,2.0,0.3075832754357107,40.0087_116.3224,0.0333333333333333,9,1,0.3060993887370692
0,40.008736,116.322397,118.0,2008-10-24,02:25:54,2008-10-24 02:25:54,2,24,Friday,10,False,40.008732,116.322419,2008-10-24 02:25:49,0.0018737419848903,5.0,1.3490942291210255,40.0087_116.3224,0.0833333333333333,9,1,0.30921120808733377
0,40.008723,116.322384,117.0,2008-10-24,02:25:59,2008-10-24 02:25:59,2,24,Friday,10,False,40.008736,116.322397,2008-10-24 02:25:54,0.0011074891507797,5.0,0.7973921885614432,40.0087_116.3224,0.0833333333333333,9,1,0.30842481520810383
0,40.008718,116.322383,117.0,2008-10-24,02:26:04,2008-10-24 02:26:04,2,24,Friday,10,False,40.008723,116.322384,2008-10-24 02:25:59,8.572037219861833e-05,5.0,0.0617186679830051,40.0087_116.3224,0.0833333333333333,9,1,0.3066941827514599
0,40.008718,116.322383,117.0,2008-10-24,02:26:09,2008-10-24 02:26:09,2,24,Friday,10,False,40.008718,116.322383,2008-10-24 02:26:04,0.0,5.0,0.0,40.0087_116.3224,0.0833333333333333,9,1,0.3066941827514599
0,40.008719,116.322384,117.0,2008-10-24,02:26:14,2008-10-24 02:26:14,2,24,Friday,10,False,40.008718,116.322383,2008-10-24 02:26:09,8.519148667147282e-05,5.0,0.0613378704034604,40.0087_116.3224,0.0833333333333333,9,1,0.3066941827514599
0,40.008714,116.322383,117.0,2008-10-24,02:26:19,2008-10-24 02:26:19,2,24,Friday,10,False,40.008719,116.322384,2008-10-24 02:26:14,8.572037715732012e-05,5.0,0.0617186715532704,40.0087_116.3224,0.0833333333333333,9,1,0.3066941827514599
0,40.008712,116.322382,118.0,2008-10-24,02:26:24,2008-10-24 02:26:24,2,24,Friday,10,False,40.008714,116.322383,2008-10-24 02:26:19,8.525778395197757e-05,5.0,0.0613856044454238,40.0087_116.3224,0.0833333333333333,9,1,0.3066941827514599
0,40.008711,116.322382,118.0,2008-10-24,02:26:29,2008-10-24 02:26:29,2,24,Friday,10,False,40.008712,116.322382,2008-10-24 02:26:24,1.9407175891347245e-06,5.0,0.001397316664177,40.0087_116.3224,0.0833333333333333,9,1,0.3066941827514599
0,40.008711,116.322382,118.0,2008-10-24,02:26:32,2008-10-24 02:26:32,2,24,Friday,10,False,40.008711,116.322382,2008-10-24 02:26:29,0.0,3.0,0.0,40.0087_116.3224,0.05,9,1,0.3066941827514599
0,40.008714,116.322384,117.0,2008-10-24,02:26:34,2008-10-24 02:26:34,2,24,Friday,10,False,40.008711,116.322382,2008-10-24 02:26:32,0.0001704382428618,2.0,0.3067888371512711,40.0087_116.3224,0.0333333333333333,9,1,0.3060993887370692
0,40.008715,116.322396,116.0,2008-10-24,02:26:39,2008-10-24 02:26:39,2,24,Friday,10,False,40.008714,116.322384,2008-10-24 02:26:34,0.0010220344456745,5.0,0.7358648008857053,40.0087_116.3224,0.0833333333333333,9,1,0.30767058882939435
0,40.00871,116.3224,116.0,2008-10-24,02:26:44,2008-10-24 02:26:44,2,24,Friday,10,False,40.008715,116.322396,2008-10-24 02:26:39,0.0003408157113632,5.0,0.2453873121815229,40.0087_116.3224,0.0833333333333333,9,1,0.3070591625064587
0,40.00871,116.3224,116.0,2008-10-24,02:26:47,2008-10-24 02:26:47,2,24,Friday,10,False,40.00871,116.3224,2008-10-24 02:26:44,0.0,3.0,0.0,40.0087_116.3224,0.05,9,1,0.3066941827514599
0,40.008712,116.322402,117.0,2008-10-24,02:26:49,2008-10-24 02:26:49,2,24,Friday,10,False,40.00871,116.3224,2008-10-24 02:26:47,0.0001703829920543,2.0,0.3066893856978521,40.0087_116.3224,0.0333333333333333,9,1,0.3060993887370692
0,40.008722,116.322417,115.0,2008-10-24,02:26:54,2008-10-24 02:26:54,2,24,Friday,10,False,40.008712,116.322402,2008-10-24 02:26:49,0.0012776881067857,5.0,0.9199354368857392,40.0087_116.3224,0.0833333333333333,9,1,0.3073030861502802
0,40.008723,116.32242,116.0,2008-10-24,02:26:59,2008-10-24 02:26:59,2,24,Friday,10,False,40.008722,116.322417,2008-10-24 02:26:54,0.0002555154904958,5.0,0.1839711531569993,40.0087_116.3224,0.0833333333333333,9,1,0.3060993887370692
0,40.00873,116.322421,117.0,2008-10-24,02:27:04,2008-10-24 02:27:04,2,24,Friday,10,False,40.008723,116.32242,2008-10-24 02:26:59,8.624601077238642e-05,5.0,0.0620971277561182,40.0087_116.3224,0.0833333333333333,9,1,0.3066941827514599
0,40.00873,116.322421,117.0,2008-10-24,02:27:07,2008-10-24 02:27:07,2,24,Friday,10,False,40.00873,116.322421,2008-10-24 02:27:04,0.0,3.0,0.0,40.0087_116.3224,0.05,9,1,0.3066941827514599
0,40.008735,116.322416,117.0,2008-10-24,02:27:09,2008-10-24 02:27:09,2,24,Friday,10,False,40.00873,116.322421,2008-10-24 02:27:07,0.0004259573472533,2.0,0.7667232250559773,40.0087_116.3224,0.0333333333333333,9,1,0.30780773054152105
0,40.008749,116.322429,118.0,2008-10-24,02:27:14,2008-10-24 02:27:14,2,24,Friday,10,False,40.008735,116.322416,2008-10-24 02:27:09,0.001107534858373,5.0,0.7974250980286183,40.0087_116.3224,0.0833333333333333,9,1,0.30842481520810383
0,40.008757,116.322453,118.0,2008-10-24,02:27:19,2008-10-24 02:27:19,2,24,Friday,10,False,40.008749,116.322429,2008-10-24 02:27:14,0.0020441230155202,5.0,1.4717685711746047,40.0088_116.3225,0.0833333333333333,9,1,0.30921120808733377
0,40.008791,116.322437,114.0,2008-10-24,02:27:24,2008-10-24 02:27:24,2,24,Friday,10,False,40.008757,116.322453,2008-10-24 02:27:19,0.0013643055461527,5.0,0.9822999932299514,40.0088_116.3224,0.0833333333333333,9,1,0.3073030861502802
0,40.0088,116.322416,113.0,2008-10-24,02:27:29,2008-10-24 02:27:29,2,24,Friday,10,False,40.008791,116.322437,2008-10-24 02:27:24,0.0017886402163578,5.0,1.2878209557776346,40.0088_116.3224,0.0833333333333333,9,1,0.30921120808733377
0,40.008807,116.322382,110.0,2008-10-24,02:27:34,2008-10-24 02:27:34,2,24,Friday,10,False,40.0088,116.322416,2008-10-24 02:27:29,0.0028957871328611,5.0,2.084966735660007,40.0088_116.3224,0.0833333333333333,9,1,0.30851887659267613
0,40.008813,116.322378,110.0,2008-10-24,02:27:39,2008-10-24 02:27:39,2,24,Friday,10,False,40.008807,116.322382,2008-10-24 02:27:34,0.0003408760006164,5.0,0.2454307204438391,40.0088_116.3224,0.0833333333333333,9,1,0.3070591625064587
0,40.008807,116.322376,109.0,2008-10-24,02:27:44,2008-10-24 02:27:44,2,24,Friday,10,False,40.008813,116.322378,2008-10-24 02:27:39,0.0001707360657008,5.0,0.1229299673046217,40.0088_116.3224,0.0833333333333333,9,1,0.3060993887370692
0,40.008804,116.322379,108.0,2008-10-24,02:27:49,2008-10-24 02:27:49,2,24,Friday,10,False,40.008807,116.322376,2008-10-24 02:27:44,0.0002555741344512,5.0,0.184013376804903,40.0088_116.3224,0.0833333333333333,9,1,0.3060993887370692
0,40.008801,116.322381,108.0,2008-10-24,02:27:54,2008-10-24 02:27:54,2,24,Friday,10,False,40.008804,116.322379,2008-10-24 02:27:49,0.0001704380184075,5.0,0.1227153732534231,40.0088_116.3224,0.0833333333333333,9,1,0.3060993887370692
0,40.0088,116.322383,108.0,2008-10-24,02:27:59,2008-10-24 02:27:59,2,24,Friday,10,False,40.008801,116.322381,2008-10-24 02:27:54,0.0001703496086095,5.0,0.1226517181988588,40.0088_116.3224,0.0833333333333333,9,1,0.3060993887370692
0,40.0088,116.322383,108.0,2008-10-24,02:28:02,2008-10-24 02:28:02,2,24,Friday,10,False,40.0088,116.322383,2008-10-24 02:27:59,0.0,3.0,0.0,40.0088_116.3224,0.05,9,1,0.3066941827514599
0,40.008805,116.322388,108.0,2008-10-24,02:28:04,2008-10-24 02:28:04,2,24,Friday,10,False,40.0088,116.322383,2008-10-24 02:28:02,0.000425956910673,2.0,0.7667224392115557,40.0088_116.3224,0.0333333333333333,9,1,0.30780773054152105
0,40.008806,116.322412,109.0,2008-10-24,02:28:09,2008-10-24 02:28:09,2,24,Friday,10,False,40.008805,116.322388,2008-10-24 02:28:04,0.0020440634024915,5.0,1.471725649793905,40.0088_116.3224,0.0833333333333333,9,1,0.30921120808733377
0,40.008809,116.322414,109.0,2008-10-24,02:28:14,2008-10-24 02:28:14,2,24,Friday,10,False,40.008806,116.322412,2008-10-24 02:28:09,0.0001704380059378,5.0,0.1227153642752428,40.0088_116.3224,0.0833333333333333,9,1,0.3060993887370692
0,40.008803,116.322408,110.0,2008-10-24,02:28:19,2008-10-24 02:28:19,2,24,Friday,10,False,40.008809,116.322414,2008-10-24 02:28:14,0.0005111482663706,5.0,0.3680267517868902,40.0088_116.3224,0.0833333333333333,9,1,0.30780773054152105
0,40.008803,116.322408,110.0,2008-10-24,02:28:22,2008-10-24 02:28:22,2,24,Friday,10,False,40.008803,116.322408,2008-10-24 02:28:19,0.0,3.0,0.0,40.0088_116.3224,0.05,9,1,0.3066941827514599
0,40.008802,116.322402,110.0,2008-10-24,02:28:24,2008-10-24 02:28:24,2,24,Friday,10,False,40.008803,116.322408,2008-10-24 02:28:22,0.0005110193279386,2.0,0.9198347902895306,40.0088_116.3224,0.0333333333333333,9,1,0.3085616715333035
0,40.008772,116.322417,114.0,2008-10-24,02:28:29,2008-10-24 02:28:29,2,24,Friday,10,False,40.008802,116.322402,2008-10-24 02:28:24,0.0012788653794061,5.0,0.9207830731724158,40.0088_116.3224,0.0833333333333333,9,1,0.3073030861502802
0,40.008773,116.322411,113.0,2008-10-24,02:28:31,2008-10-24 02:28:31,2,24,Friday,10,False,40.008772,116.322417,2008-10-24 02:28:29,0.0005110195525225,2.0,0.9198351945405124,40.0088_116.3224,0.0333333333333333,9,1,0.3085616715333035
0,40.008763,116.322406,114.0,2008-10-24,02:28:36,2008-10-24 02:28:36,2,24,Friday,10,False,40.008773,116.322411,2008-10-24 02:28:31,0.00042628857821,5.0,0.3069277763112034,40.0088_116.3224,0.0833333333333333,9,1,0.30780773054152105
0,40.008763,116.322406,114.0,2008-10-24,02:28:39,2008-10-24 02:28:39,2,24,Friday,10,False,40.008763,116.322406,2008-10-24 02:28:36,0.0,3.0,0.0,40.0088_116.3224,0.05,9,1,0.3066941827514599
0,40.008764,116.322414,115.0,2008-10-24,02:28:41,2008-10-24 02:28:41,2,24,Friday,10,False,40.008763,116.322406,2008-10-24 02:28:39,0.0006813573431095,2.0,1.226443217597277,40.0088_116.3224,0.0333333333333333,9,1,0.30932835828334765
0,40.008768,116.322393,117.0,2008-10-24,02:28:46,2008-10-24 02:28:46,2,24,Friday,10,False,40.008764,116.322414,2008-10-24 02:28:41,0.0017885725519215,5.0,1.2877722373834806,40.0088_116.3224,0.0833333333333333,9,1,0.30921120808733377
0,40.008765,116.32239,117.0,2008-10-24,02:28:51,2008-10-24 02:28:51,2,24,Friday,10,False,40.008768,116.322393,2008-10-24 02:28:46,0.0002555742816042,5.0,0.1840134827550494,40.0088_116.3224,0.0833333333333333,9,1,0.3060993887370692
0,40.008765,116.32239,117.0,2008-10-24,02:28:54,2008-10-24 02:28:54,2,24,Friday,10,False,40.008765,116.32239,2008-10-24 02:28:51,0.0,3.0,0.0,40.0088_116.3224,0.05,9,1,0.3066941827514599
0,40.008768,116.32239,117.0,2008-10-24,02:28:56,2008-10-24 02:28:56,2,24,Friday,10,False,40.008765,116.32239,2008-10-24 02:28:54,5.822152755059056e-06,2.0,0.0104798749591063,40.0088_116.3224,0.0333333333333333,9,1,0.3066941827514599
0,40.008742,116.322304,116.0,2008-10-24,02:29:01,2008-10-24 02:29:01,2,24,Friday,10,False,40.008768,116.32239,2008-10-24 02:28:56,0.0073247364457334,5.0,5.273810240928117,40.0087_116.3223,0.0833333333333333,9,1,0.31120981871531567
0,40.008722,116.322292,116.0,2008-10-24,02:29:06,2008-10-24 02:29:06,2,24,Friday,10,False,40.008742,116.322304,2008-10-24 02:29:01,0.0010227691137664,5.0,0.736393761911824,40.0087_116.3223,0.0833333333333333,9,1,0.30767058882939435
0,40.008715,116.322265,115.0,2008-10-24,02:29:11,2008-10-24 02:29:11,2,24,Friday,10,False,40.008722,116.322292,2008-10-24 02:29:06,0.0022996133500673,5.0,1.6557216120485143,40.0087_116.3223,0.0833333333333333,9,1,0.30921120808733377
0,40.008702,116.322221,115.0,2008-10-24,02:29:16,2008-10-24 02:29:16,2,24,Friday,10,False,40.008715,116.322265,2008-10-24 02:29:11,0.00374753813408,5.0,2.698227456537668,40.0087_116.3222,0.0833333333333333,9,1,0.30842657671349966
0,40.008692,116.322194,115.0,2008-10-24,02:29:21,2008-10-24 02:29:21,2,24,Friday,10,False,40.008702,116.322221,2008-10-24 02:29:16,0.002299655838714,5.0,1.6557522038741013,40.0087_116.3222,0.0833333333333333,9,1,0.30921120808733377
0,40.008671,116.322162,115.0,2008-10-24,02:29:26,2008-10-24 02:29:26,2,24,Friday,10,False,40.008692,116.322194,2008-10-24 02:29:21,0.0027257262940458,5.0,1.9625229317129924,40.0087_116.3222,0.0833333333333333,9,1,0.3068750964070199
0,40.008963,116.322994,-466.0,2008-10-24,02:41:31,2008-10-24 02:41:31,2,24,Friday,10,False,40.008671,116.322162,2008-10-24 02:29:26,0.0708630866868696,725.0,0.3518718787210078,40.009_116.323,12.083333333333334,9,1,0.21088260451053292
0,40.008716,116.322254,79.0,2008-10-24,02:41:36,2008-10-24 02:41:36,2,24,Friday,10,False,40.008963,116.322994,2008-10-24 02:41:31,0.063027051374689,5.0,45.37947698977613,40.0087_116.3223,0.0833333333333333,9,1,0.2149550655679059
0,40.008829,116.322251,98.0,2008-10-24,02:41:41,2008-10-24 02:41:41,2,24,Friday,10,False,40.008716,116.322254,2008-10-24 02:41:36,0.0003367154156099,5.0,0.2424350992391588,40.0088_116.3223,0.0833333333333333,9,1,0.3070591625064587
0,40.008745,116.322172,96.0,2008-10-24,02:41:46,2008-10-24 02:41:46,2,24,Friday,10,False,40.008829,116.322251,2008-10-24 02:41:41,0.0067303487596595,5.0,4.8458511069548615,40.0087_116.3222,0.0833333333333333,9,1,0.3089942461279686
0,40.00871,116.322158,95.0,2008-10-24,02:41:51,2008-10-24 02:41:51,2,24,Friday,10,False,40.008745,116.322172,2008-10-24 02:41:46,0.0011943043010148,5.0,0.8598990967307059,40.0087_116.3222,0.0833333333333333,9,1,0.3073030861502802
0,40.008768,116.322217,96.0,2008-10-24,02:41:56,2008-10-24 02:41:56,2,24,Friday,10,False,40.00871,116.322158,2008-10-24 02:41:51,0.0050262523806952,5.0,3.6189017141005615,40.0088_116.3222,0.0833333333333333,9,1,0.308992477829193
0,40.008795,116.322319,96.0,2008-10-24,02:42:01,2008-10-24 02:42:01,2,24,Friday,10,False,40.008768,116.322217,2008-10-24 02:41:56,0.0086874266289953,5.0,6.254947172876637,40.0088_116.3223,0.0833333333333333,9,1,0.30622616058874275
0,40.008818,116.322352,97.0,2008-10-24,02:42:06,2008-10-24 02:42:06,2,24,Friday,10,False,40.008795,116.322319,2008-10-24 02:42:01,0.002810940297514,5.0,2.023877014210151,40.0088_116.3224,0.0833333333333333,9,1,0.30851887659267613
0,40.008851,116.322365,98.0,2008-10-24,02:42:11,2008-10-24 02:42:11,2,24,Friday,10,False,40.008818,116.322352,2008-10-24 02:42:06,0.0011090507311961,5.0,0.7985165264612394,40.0089_116.3224,0.0833333333333333,9,1,0.30842481520810383
0,40.008821,116.322432,108.0,2008-10-24,02:42:16,2008-10-24 02:42:16,2,24,Friday,10,False,40.008851,116.322365,2008-10-24 02:42:11,0.0057066355528117,5.0,4.1087775980244805,40.0088_116.3224,0.0833333333333333,9,1,0.308992477829193
0,40.008907,116.322517,106.0,2008-10-24,02:42:21,2008-10-24 02:42:21,2,24,Friday,10,False,40.008821,116.322432,2008-10-24 02:42:16,0.0072413054291956,5.0,5.213739909020858,40.0089_116.3225,0.0833333333333333,9,1,0.31048976705927556
0,40.008927,116.322489,100.0,2008-10-24,02:42:26,2008-10-24 02:42:26,2,24,Friday,10,False,40.008907,116.322517,2008-10-24 02:42:21,0.0023850515199605,5.0,1.717237094371614,40.0089_116.3225,0.0833333333333333,9,1,0.30763233779645444
0,40.00892,116.322484,99.0,2008-10-24,02:42:31,2008-10-24 02:42:31,2,24,Friday,10,False,40.008927,116.322489,2008-10-24 02:42:26,0.0004260622490631,5.0,0.3067648193254373,40.0089_116.3225,0.0833333333333333,9,1,0.30780773054152105
0,40.008919,116.322484,99.0,2008-10-24,02:42:36,2008-10-24 02:42:36,2,24,Friday,10,False,40.00892,116.322484,2008-10-24 02:42:31,1.9407175891347245e-06,5.0,0.001397316664177,40.0089_116.3225,0.0833333333333333,9,1,0.3066941827514599
0,40.008919,116.322484,99.0,2008-10-24,02:42:39,2008-10-24 02:42:39,2,24,Friday,10,False,40.008919,116.322484,2008-10-24 02:42:36,0.0,3.0,0.0,40.0089_116.3225,0.05,9,1,0.3066941827514599
0,40.008927,116.322487,99.0,2008-10-24,02:42:41,2008-10-24 02:42:41,2,24,Friday,10,False,40.008919,116.322484,2008-10-24 02:42:39,0.0002559786409236,2.0,0.4607615536625276,40.0089_116.3225,0.0333333333333333,9,1,0.3060993887370692
0,40.008946,116.322495,97.0,2008-10-24,02:42:46,2008-10-24 02:42:46,2,24,Friday,10,False,40.008927,116.322487,2008-10-24 02:42:41,0.000682349892664,5.0,0.4912919227181436,40.0089_116.3225,0.0833333333333333,9,1,0.30780773054152105
0,40.008953,116.3225,98.0,2008-10-24,02:42:51,2008-10-24 02:42:51,2,24,Friday,10,False,40.008946,116.322495,2008-10-24 02:42:46,0.0004260620869444,5.0,0.3067647025999964,40.009_116.3225,0.0833333333333333,9,1,0.30780773054152105
0,40.008947,116.322496,99.0,2008-10-24,02:42:56,2008-10-24 02:42:56,2,24,Friday,10,False,40.008953,116.3225,2008-10-24 02:42:51,0.0003408753023115,5.0,0.2454302176643517,40.0089_116.3225,0.0833333333333333,9,1,0.3070591625064587
0,40.008942,116.322495,100.0,2008-10-24,02:43:01,2008-10-24 02:43:01,2,24,Friday,10,False,40.008947,116.322496,2008-10-24 02:42:56,8.572009451066707e-05,5.0,0.0617184680476802,40.0089_116.3225,0.0833333333333333,9,1,0.3066941827514599
0,40.008943,116.322494,100.0,2008-10-24,02:43:06,2008-10-24 02:43:06,2,24,Friday,10,False,40.008942,116.322495,2008-10-24 02:43:01,8.519120726014032e-05,5.0,0.061337669227301,40.0089_116.3225,0.0833333333333333,9,1,0.3066941827514599
0,40.008946,116.322494,102.0,2008-10-24,02:43:11,2008-10-24 02:43:11,2,24,Friday,10,False,40.008943,116.322494,2008-10-24 02:43:06,5.822152742713939e-06,5.0,0.004191949974754,40.0089_116.3225,0.0833333333333333,9,1,0.3066941827514599
0,40.008951,116.322494,104.0,2008-10-24,02:43:16,2008-10-24 02:43:16,2,24,Friday,10,False,40.008946,116.322494,2008-10-24 02:43:11,9.703587908638273e-06,5.0,0.0069865832942195,40.009_116.3225,0.0833333333333333,9,1,0.3066941827514599
0,40.008956,116.322493,106.0,2008-10-24,02:43:21,2008-10-24 02:43:21,2,24,Friday,10,False,40.008951,116.322494,2008-10-24 02:43:16,8.572008455468331e-05,5.0,0.0617184608793719,40.009_116.3225,0.0833333333333333,9,1,0.3066941827514599
0,40.00896,116.322492,109.0,2008-10-24,02:43:26,2008-10-24 02:43:26,2,24,Friday,10,False,40.008956,116.322493,2008-10-24 02:43:21,8.552212737786086e-05,5.0,0.0615759317120598,40.009_116.3225,0.0833333333333333,9,1,0.3066941827514599
0,40.008963,116.322493,111.0,2008-10-24,02:43:31,2008-10-24 02:43:31,2,24,Friday,10,False,40.00896,116.322492,2008-10-24 02:43:26,8.536784426320165e-05,5.0,0.0614648478695051,40.009_116.3225,0.0833333333333333,9,1,0.3066941827514599
0,40.008964,116.322494,114.0,2008-10-24,02:43:36,2008-10-24 02:43:36,2,24,Friday,10,False,40.008963,116.322493,2008-10-24 02:43:31,8.519118227493847e-05,5.0,0.0613376512379557,40.009_116.3225,0.0833333333333333,9,1,0.3066941827514599
0,40.008967,116.322494,118.0,2008-10-24,02:43:41,2008-10-24 02:43:41,2,24,Friday,10,False,40.008964,116.322494,2008-10-24 02:43:36,5.822152742713939e-06,5.0,0.004191949974754,40.009_116.3225,0.0833333333333333,9,1,0.3066941827514599
0,40.008972,116.322495,121.0,2008-10-24,02:43:46,2008-10-24 02:43:46,2,24,Friday,10,False,40.008967,116.322494,2008-10-24 02:43:41,8.572006351862872e-05,5.0,0.0617184457334126,40.009_116.3225,0.0833333333333333,9,1,0.3066941827514599
0,40.008977,116.322496,125.0,2008-10-24,02:43:51,2008-10-24 02:43:51,2,24,Friday,10,False,40.008972,116.322495,2008-10-24 02:43:46,8.572005732021914e-05,5.0,0.0617184412705577,40.009_116.3225,0.0833333333333333,9,1,0.3066941827514599
0,40.008981,116.322497,129.0,2008-10-24,02:43:56,2008-10-24 02:43:56,2,24,Friday,10,False,40.008977,116.322496,2008-10-24 02:43:51,8.552210128428545e-05,5.0,0.0615759129246855,40.009_116.3225,0.0833333333333333,9,1,0.3066941827514599
0,40.008982,116.322492,135.0,2008-10-24,02:44:01,2008-10-24 02:44:01,2,24,Friday,10,False,40.008981,116.322497,2008-10-24 02:43:56,0.0004258496746971,5.0,0.3066117657819271,40.009_116.3225,0.0833333333333333,9,1,0.30780773054152105
0,40.008987,116.322488,141.0,2008-10-24,02:44:06,2008-10-24 02:44:06,2,24,Friday,10,False,40.008982,116.322492,2008-10-24 02:44:01,0.000340814353207,5.0,0.2453863343090977,40.009_116.3225,0.0833333333333333,9,1,0.3070591625064587
0,40.008993,116.322486,146.0,2008-10-24,02:44:11,2008-10-24 02:44:11,2,24,Friday,10,False,40.008987,116.322488,2008-10-24 02:44:06,0.0001707356187804,5.0,0.1229296455219476,40.009_116.3225,0.0833333333333333,9,1,0.3060993887370692
0,40.008998,116.322484,151.0,2008-10-24,02:44:16,2008-10-24 02:44:16,2,24,Friday,10,False,40.008993,116.322486,2008-10-24 02:44:11,0.0001706142321156,5.0,0.1228422471232426,40.009_116.3225,0.0833333333333333,9,1,0.3060993887370692
0,40.009001,116.32249,155.0,2008-10-24,02:44:21,2008-10-24 02:44:21,2,24,Friday,10,False,40.008998,116.322484,2008-10-24 02:44:16,0.0005110473337509,5.0,0.367954080300679,40.009_116.3225,0.0833333333333333,9,1,0.30780773054152105
0,40.009001,116.32249,155.0,2008-10-24,02:44:24,2008-10-24 02:44:24,2,24,Friday,10,False,40.009001,116.32249,2008-10-24 02:44:21,0.0,3.0,0.0,40.009_116.3225,0.05,9,1,0.3066941827514599
0,40.009005,116.32249,158.0,2008-10-24,02:44:26,2008-10-24 02:44:26,2,24,Friday,10,False,40.009001,116.32249,2008-10-24 02:44:24,7.762870331848663e-06,2.0,0.0139731665973275,40.009_116.3225,0.0333333333333333,9,1,0.3066941827514599
0,40.009001,116.322503,151.0,2008-10-24,02:44:31,2008-10-24 02:44:31,2,24,Friday,10,False,40.009005,116.32249,2008-10-24 02:44:26,0.0011072245204683,5.0,0.7972016547372329,40.009_116.3225,0.0833333333333333,9,1,0.30842481520810383
0,40.009001,116.322503,151.0,2008-10-24,02:44:34,2008-10-24 02:44:34,2,24,Friday,10,False,40.009001,116.322503,2008-10-24 02:44:31,0.0,3.0,0.0,40.009_116.3225,0.05,9,1,0.3066941827514599
0,40.009007,116.322505,152.0,2008-10-24,02:44:36,2008-10-24 02:44:36,2,24,Friday,10,False,40.009001,116.322503,2008-10-24 02:44:34,0.0001707355839261,2.0,0.307324051067074,40.009_116.3225,0.0333333333333333,9,1,0.3060993887370692
0,40.009053,116.322478,152.0,2008-10-24,02:44:41,2008-10-24 02:44:41,2,24,Friday,10,False,40.009007,116.322505,2008-10-24 02:44:36,0.0023012949430142,5.0,1.6569323589702365,40.0091_116.3225,0.0833333333333333,9,1,0.30921120808733377
0,40.009112,116.322452,150.0,2008-10-24,02:44:46,2008-10-24 02:44:46,2,24,Friday,10,False,40.009053,116.322478,2008-10-24 02:44:41,0.0022173504177358,5.0,1.5964923007698155,40.0091_116.3225,0.0833333333333333,9,1,0.30921120808733377
0,40.009211,116.322405,150.0,2008-10-24,02:44:51,2008-10-24 02:44:51,2,24,Friday,10,False,40.009112,116.322452,2008-10-24 02:44:46,0.004007543072474,5.0,2.8854310121812934,40.0092_116.3224,0.0833333333333333,9,1,0.30842657671349966
0,40.009311,116.322358,163.0,2008-10-24,02:44:56,2008-10-24 02:44:56,2,24,Friday,10,False,40.009211,116.322405,2008-10-24 02:44:51,0.004007630757007,5.0,2.885494145045104,40.0093_116.3224,0.0833333333333333,9,1,0.30842657671349966
0,40.009415,116.322349,176.0,2008-10-24,02:45:01,2008-10-24 02:45:01,2,24,Friday,10,False,40.009311,116.322358,2008-10-24 02:44:56,0.000792644805928,5.0,0.570704260268196,40.0094_116.3223,0.0833333333333333,9,1,0.30780773054152105
0,40.009464,116.322313,179.0,2008-10-24,02:45:06,2008-10-24 02:45:06,2,24,Friday,10,False,40.009415,116.322349,2008-10-24 02:45:01,0.0030675395968988,5.0,2.2086285097671894,40.0095_116.3223,0.0833333333333333,9,1,0.30861235746973825
0,40.009424,116.322241,174.0,2008-10-24,02:45:11,2008-10-24 02:45:11,2,24,Friday,10,False,40.009464,116.322313,2008-10-24 02:45:06,0.006132621428325,5.0,4.415487428394009,40.0094_116.3222,0.0833333333333333,9,1,0.306615665862071
0,40.009403,116.322183,165.0,2008-10-24,02:45:16,2008-10-24 02:45:16,2,24,Friday,10,False,40.009424,116.322241,2008-10-24 02:45:11,0.0049399417851953,5.0,3.5567580853406566,40.0094_116.3222,0.0833333333333333,9,1,0.308992477829193
0,40.009329,116.322155,147.0,2008-10-24,02:45:21,2008-10-24 02:45:21,2,24,Friday,10,False,40.009403,116.322183,2008-10-24 02:45:16,0.0023890404155824,5.0,1.720109099219398,40.0093_116.3222,0.0833333333333333,9,1,0.30763233779645444
0,40.009298,116.322086,138.0,2008-10-24,02:45:26,2008-10-24 02:45:26,2,24,Friday,10,False,40.009329,116.322155,2008-10-24 02:45:21,0.0058769438478744,5.0,4.231399570469579,40.0093_116.3221,0.0833333333333333,9,1,0.308992477829193
0,40.009256,116.322052,128.0,2008-10-24,02:45:31,2008-10-24 02:45:31,2,24,Friday,10,False,40.009298,116.322086,2008-10-24 02:45:26,0.0028968821405511,5.0,2.085755141196848,40.0093_116.3221,0.0833333333333333,9,1,0.30851887659267613
0,40.009191,116.322007,125.0,2008-10-24,02:45:36,2008-10-24 02:45:36,2,24,Friday,10,False,40.009256,116.322052,2008-10-24 02:45:31,0.0038346691276617,5.0,2.7609617719164654,40.0092_116.322,0.0833333333333333,9,1,0.30842657671349966
0,40.009162,116.32196,119.0,2008-10-24,02:45:41,2008-10-24 02:45:41,2,24,Friday,10,False,40.009191,116.322007,2008-10-24 02:45:36,0.004003329567789,5.0,2.882397288808095,40.0092_116.322,0.0833333333333333,9,1,0.30842657671349966
0,40.009167,116.321946,111.0,2008-10-24,02:45:46,2008-10-24 02:45:46,2,24,Friday,10,False,40.009162,116.32196,2008-10-24 02:45:41,0.00119240299434,5.0,0.8585301559248317,40.0092_116.3219,0.0833333333333333,9,1,0.3073030861502802
0,40.009144,116.321887,106.0,2008-10-24,02:45:51,2008-10-24 02:45:51,2,24,Friday,10,False,40.009167,116.321946,2008-10-24 02:45:46,0.0050251594162043,5.0,3.618114779667136,40.0091_116.3219,0.0833333333333333,9,1,0.308992477829193
0,40.009108,116.321798,99.0,2008-10-24,02:45:56,2008-10-24 02:45:56,2,24,Friday,10,False,40.009144,116.321887,2008-10-24 02:45:51,0.0075803514188498,5.0,5.457853021571856,40.0091_116.3218,0.0833333333333333,9,1,0.31120981871531567
0,40.009038,116.321719,91.0,2008-10-24,02:46:01,2008-10-24 02:46:01,2,24,Friday,10,False,40.009108,116.321798,2008-10-24 02:45:56,0.0067297172859474,5.0,4.845396445882189,40.009_116.3217,0.0833333333333333,9,1,0.3089942461279686
0,40.00893,116.321666,89.0,2008-10-24,02:46:06,2008-10-24 02:46:06,2,24,Friday,10,False,40.009038,116.321719,2008-10-24 02:46:01,0.0045188230293984,5.0,3.253552581166866,40.0089_116.3217,0.0833333333333333,9,1,0.30842657671349966
0,40.008848,116.321644,89.0,2008-10-24,02:46:11,2008-10-24 02:46:11,2,24,Friday,10,False,40.00893,116.321666,2008-10-24 02:46:06,0.0018804674913704,5.0,1.3539365937867425,40.0088_116.3216,0.0833333333333333,9,1,0.30921120808733377
0,40.008809,116.321615,90.0,2008-10-24,02:46:16,2008-10-24 02:46:16,2,24,Friday,10,False,40.008848,116.321644,2008-10-24 02:46:11,0.0024710674217417,5.0,1.7791685436540663,40.0088_116.3216,0.0833333333333333,9,1,0.30763233779645444
0,40.008773,116.321572,87.0,2008-10-24,02:46:21,2008-10-24 02:46:21,2,24,Friday,10,False,40.008809,116.321615,2008-10-24 02:46:16,0.0036629457495453,5.0,2.6373209396726813,40.0088_116.3216,0.0833333333333333,9,1,0.30842657671349966
0,40.008725,116.321582,85.0,2008-10-24,02:46:26,2008-10-24 02:46:26,2,24,Friday,10,False,40.008773,116.321572,2008-10-24 02:46:21,0.0008567726699578,5.0,0.616876322369669,40.0087_116.3216,0.0833333333333333,9,1,0.30767058882939435
0,40.00871,116.321586,82.0,2008-10-24,02:46:31,2008-10-24 02:46:31,2,24,Friday,10,False,40.008725,116.321582,2008-10-24 02:46:26,0.0003419190082918,5.0,0.2461816859701396,40.0087_116.3216,0.0833333333333333,9,1,0.3070591625064587
0,40.009134,116.321215,183.0,2008-10-24,02:46:51,2008-10-24 02:46:51,2,24,Friday,10,False,40.00871,116.321586,2008-10-24 02:46:31,0.0316084579101077,20.0,5.689522423819391,40.0091_116.3212,0.3333333333333333,9,1,0.2457207719836204
0,40.009199,116.321111,92.0,2008-10-24,02:46:56,2008-10-24 02:46:56,2,24,Friday,10,False,40.009134,116.321215,2008-10-24 02:46:51,0.0088584554677987,5.0,6.378087936815088,40.0092_116.3211,0.0833333333333333,9,1,0.30622616058874275
0,40.009215,116.321158,84.0,2008-10-24,02:47:01,2008-10-24 02:47:01,2,24,Friday,10,False,40.009199,116.321111,2008-10-24 02:46:56,0.0040030525819759,5.0,2.8821978590226576,40.0092_116.3212,0.0833333333333333,9,1,0.30842657671349966
0,40.009209,116.321162,84.0,2008-10-24,02:47:06,2008-10-24 02:47:06,2,24,Friday,10,False,40.009215,116.321158,2008-10-24 02:47:01,0.00034087399548,5.0,0.245429276745661,40.0092_116.3212,0.0833333333333333,9,1,0.3070591625064587
0,39.907414,116.370017,92.0,2008-10-26,13:44:07,2008-10-26 13:44:07,13,26,Sunday,10,True,40.009209,116.321162,2008-10-24 02:47:06,4.168701869038331,212221.0,0.0707155593863849,39.9074_116.37,3537.016666666667,1,1,0.05878353845267392
0,39.907374,116.370074,93.0,2008-10-26,13:44:12,2008-10-26 13:44:12,13,26,Sunday,10,True,39.907414,116.370017,2008-10-26 13:44:07,0.0048624727515641,5.0,3.5009803811261815,39.9074_116.3701,0.0833333333333333,1,1,0.3243754821441921
0,39.907027,116.37036,91.0,2008-10-26,13:44:17,2008-10-26 13:44:17,13,26,Sunday,10,True,39.907374,116.370074,2008-10-26 13:44:12,0.0244039232469104,5.0,17.570824737775496,39.907_116.3704,0.0833333333333333,1,1,0.27544524310740454
0,39.907006,116.370415,89.0,2008-10-26,13:44:22,2008-10-26 13:44:22,13,26,Sunday,10,True,39.907027,116.37036,2008-10-26 13:44:17,0.004691464585498,5.0,3.3778545015585855,39.907_116.3704,0.0833333333333333,1,1,0.32267995650569625
0,39.907014,116.370454,91.0,2008-10-26,13:44:27,2008-10-26 13:44:27,13,26,Sunday,10,True,39.907006,116.370415,2008-10-26 13:44:22,0.0033265859087369,5.0,2.395141854290571,39.907_116.3705,0.0833333333333333,1,1,0.3247688979436518
0,39.907008,116.370534,91.0,2008-10-26,13:44:32,2008-10-26 13:44:32,13,26,Sunday,10,True,39.907014,116.370454,2008-10-26 13:44:27,0.0068237014833814,5.0,4.913065068034656,39.907_116.3705,0.0833333333333333,1,1,0.3200678850040439
0,39.906936,116.370624,97.0,2008-10-26,13:44:37,2008-10-26 13:44:37,13,26,Sunday,10,True,39.907008,116.370534,2008-10-26 13:44:32,0.0076779289637857,5.0,5.528108853925711,39.9069_116.3706,0.0833333333333333,1,1,0.3209697709981115
0,39.906806,116.370794,96.0,2008-10-26,13:44:42,2008-10-26 13:44:42,13,26,Sunday,10,True,39.906936,116.370624,2008-10-26 13:44:37,0.0145025688402617,5.0,10.441849564988456,39.9068_116.3708,0.0833333333333333,1,1,0.3025002572617016
0,39.906793,116.370909,99.0,2008-10-26,13:44:47,2008-10-26 13:44:47,13,26,Sunday,10,True,39.906806,116.370794,2008-10-26 13:44:42,0.0098091193266873,5.0,7.062565915214924,39.9068_116.3709,0.0833333333333333,1,1,0.3154612718320082
0,39.906795,116.370958,101.0,2008-10-26,13:44:52,2008-10-26 13:44:52,13,26,Sunday,10,True,39.906793,116.370909,2008-10-26 13:44:47,0.0041795261139616,5.0,3.0092588020524107,39.9068_116.371,0.0833333333333333,1,1,0.32267995650569625
0,39.906769,116.371029,99.0,2008-10-26,13:44:57,2008-10-26 13:44:57,13,26,Sunday,10,True,39.906795,116.370958,2008-10-26 13:44:52,0.0060562566964742,5.0,4.36050482146144,39.9068_116.371,0.0833333333333333,1,1,0.32148601290273043
0,39.906813,116.371056,97.0,2008-10-26,13:45:02,2008-10-26 13:45:02,13,26,Sunday,10,True,39.906769,116.371029,2008-10-26 13:44:57,0.0023045858388392,5.0,1.6593018039642535,39.9068_116.3711,0.0833333333333333,1,1,0.32806056935972006
0,39.906864,116.371095,100.0,2008-10-26,13:45:07,2008-10-26 13:45:07,13,26,Sunday,10,True,39.906813,116.371056,2008-10-26 13:45:02,0.0033280301276045,5.0,2.3961816918752668,39.9069_116.3711,0.0833333333333333,1,1,0.3247688979436518
0,39.906891,116.371141,102.0,2008-10-26,13:45:12,2008-10-26 13:45:12,13,26,Sunday,10,True,39.906864,116.371095,2008-10-26 13:45:07,0.0039239801618049,5.0,2.8252657164995867,39.9069_116.3711,0.0833333333333333,1,1,0.323986321526028
0,39.906896,116.371178,106.0,2008-10-26,13:45:17,2008-10-26 13:45:17,13,26,Sunday,10,True,39.906891,116.371141,2008-10-26 13:45:12,0.003155977671667,5.0,2.2723039236002736,39.9069_116.3712,0.0833333333333333,1,1,0.3247688979436518
0,39.906914,116.371251,112.0,2008-10-26,13:45:22,2008-10-26 13:45:22,13,26,Sunday,10,True,39.906896,116.371178,2008-10-26 13:45:17,0.0062267261614453,5.0,4.483242836240654,39.9069_116.3713,0.0833333333333333,1,1,0.32148601290273043
0,39.9069,116.371313,117.0,2008-10-26,13:45:27,2008-10-26 13:45:27,13,26,Sunday,10,True,39.906914,116.371251,2008-10-26 13:45:22,0.0052884387724661,5.0,3.807675916175613,39.9069_116.3713,0.0833333333333333,1,1,0.3237655912407274
0,39.90691,116.371375,117.0,2008-10-26,13:45:32,2008-10-26 13:45:32,13,26,Sunday,10,True,39.9069,116.371313,2008-10-26 13:45:27,0.0052884047415165,5.0,3.8076514138918935,39.9069_116.3714,0.0833333333333333,1,1,0.3237655912407274
0,39.906925,116.371432,116.0,2008-10-26,13:45:37,2008-10-26 13:45:37,13,26,Sunday,10,True,39.90691,116.371375,2008-10-26 13:45:32,0.0048619740129594,5.0,3.500621289330804,39.9069_116.3714,0.0833333333333333,1,1,0.3243754821441921
0,39.906932,116.371477,120.0,2008-10-26,13:45:42,2008-10-26 13:45:42,13,26,Sunday,10,True,39.906925,116.371432,2008-10-26 13:45:37,0.0038383551582646,5.0,2.7636157139505357,39.9069_116.3715,0.0833333333333333,1,1,0.323986321526028
0,39.906959,116.371526,119.0,2008-10-26,13:45:47,2008-10-26 13:45:47,13,26,Sunday,10,True,39.906932,116.371477,2008-10-26 13:45:42,0.0041798435265752,5.0,3.0094873391341577,39.907_116.3715,0.0833333333333333,1,1,0.32267995650569625
0,39.906992,116.371584,118.0,2008-10-26,13:45:52,2008-10-26 13:45:52,13,26,Sunday,10,True,39.906959,116.371526,2008-10-26 13:45:47,0.0049475934561278,5.0,3.562267288412079,39.907_116.3716,0.0833333333333333,1,1,0.3243754821441921
0,39.907005,116.371673,120.0,2008-10-26,13:45:57,2008-10-26 13:45:57,13,26,Sunday,10,True,39.906992,116.371584,2008-10-26 13:45:52,0.0075914001554256,5.0,5.465808111906486,39.907_116.3717,0.0833333333333333,1,1,0.3209697709981115
0,39.906996,116.371748,126.0,2008-10-26,13:46:02,2008-10-26 13:46:02,13,26,Sunday,10,True,39.907005,116.371673,2008-10-26 13:45:57,0.006397235650091,5.0,4.606009668065566,39.907_116.3717,0.0833333333333333,1,1,0.32148601290273043
0,39.906996,116.371831,131.0,2008-10-26,13:46:07,2008-10-26 13:46:07,13,26,Sunday,10,True,39.906996,116.371748,2008-10-26 13:46:02,0.0070795815306287,5.0,5.0972987020527105,39.907_116.3718,0.0833333333333333,1,1,0.3202693003867857
0,39.907018,116.371876,133.0,2008-10-26,13:46:12,2008-10-26 13:46:12,13,26,Sunday,10,True,39.906996,116.371831,2008-10-26 13:46:07,0.0038385641762547,5.0,2.7637662069034077,39.907_116.3719,0.0833333333333333,1,1,0.323986321526028
0,39.907054,116.37189,128.0,2008-10-26,13:46:17,2008-10-26 13:46:17,13,26,Sunday,10,True,39.907018,116.371876,2008-10-26 13:46:12,0.00119618765725,5.0,0.861255113220015,39.9071_116.3719,0.0833333333333333,1,1,0.3290175430811
0,39.907097,116.371898,127.0,2008-10-26,13:46:22,2008-10-26 13:46:22,13,26,Sunday,10,True,39.907054,116.37189,2008-10-26 13:46:17,0.0006874524222553,5.0,0.4949657440238211,39.9071_116.3719,0.0833333333333333,1,1,0.32902722489127567
0,39.907154,116.371955,126.0,2008-10-26,13:46:27,2008-10-26 13:46:27,13,26,Sunday,10,True,39.907097,116.371898,2008-10-26 13:46:22,0.0048631304027429,5.0,3.5014538899748877,39.9072_116.372,0.0833333333333333,1,1,0.3243754821441921
0,39.907173,116.371999,127.0,2008-10-26,13:46:32,2008-10-26 13:46:32,13,26,Sunday,10,True,39.907154,116.371955,2008-10-26 13:46:27,0.003753203135159,5.0,2.7023062573144943,39.9072_116.372,0.0833333333333333,1,1,0.323986321526028
0,39.907216,116.372037,120.0,2008-10-26,13:46:37,2008-10-26 13:46:37,13,26,Sunday,10,True,39.907173,116.371999,2008-10-26 13:46:32,0.0032423189110887,5.0,2.3344696159839144,39.9072_116.372,0.0833333333333333,1,1,0.3247688979436518
0,39.907228,116.372081,116.0,2008-10-26,13:46:42,2008-10-26 13:46:42,13,26,Sunday,10,True,39.907216,116.372037,2008-10-26 13:46:37,0.0037530910465841,5.0,2.7022255535405733,39.9072_116.3721,0.0833333333333333,1,1,0.323986321526028
0,39.907245,116.372126,114.0,2008-10-26,13:46:47,2008-10-26 13:46:47,13,26,Sunday,10,True,39.907228,116.372081,2008-10-26 13:46:42,0.0038384556505716,5.0,2.7636880684116103,39.9072_116.3721,0.0833333333333333,1,1,0.323986321526028
0,39.90725,116.372225,115.0,2008-10-26,13:46:52,2008-10-26 13:46:52,13,26,Sunday,10,True,39.907245,116.372126,2008-10-26 13:46:47,0.0084442947143479,5.0,6.079892194330488,39.9072_116.3722,0.0833333333333333,1,1,0.31644181722121134
0,39.907234,116.372296,116.0,2008-10-26,13:46:57,2008-10-26 13:46:57,13,26,Sunday,10,True,39.90725,116.372225,2008-10-26 13:46:52,0.0060560854343689,5.0,4.360381512745678,39.9072_116.3723,0.0833333333333333,1,1,0.32148601290273043
0,39.907225,116.372368,117.0,2008-10-26,13:47:02,2008-10-26 13:47:02,13,26,Sunday,10,True,39.907234,116.372296,2008-10-26 13:46:57,0.006141327642378,5.0,4.421755902512177,39.9072_116.3724,0.0833333333333333,1,1,0.32148601290273043
0,39.907199,116.372445,116.0,2008-10-26,13:47:07,2008-10-26 13:47:07,13,26,Sunday,10,True,39.907225,116.372368,2008-10-26 13:47:02,0.0065679776726467,5.0,4.728943924305625,39.9072_116.3724,0.0833333333333333,1,1,0.32148601290273043
0,39.907157,116.372502,118.0,2008-10-26,13:47:12,2008-10-26 13:47:12,13,26,Sunday,10,True,39.907199,116.372445,2008-10-26 13:47:07,0.0048625515939358,5.0,3.5010371476338267,39.9072_116.3725,0.0833333333333333,1,1,0.3243754821441921
0,39.907137,116.372553,120.0,2008-10-26,13:47:17,2008-10-26 13:47:17,13,26,Sunday,10,True,39.907157,116.372502,2008-10-26 13:47:12,0.0043502678854559,5.0,3.1321928775283023,39.9071_116.3726,0.0833333333333333,1,1,0.32267995650569625
0,39.907194,116.372599,118.0,2008-10-26,13:47:22,2008-10-26 13:47:22,13,26,Sunday,10,True,39.907137,116.372553,2008-10-26 13:47:17,0.0039251728832591,5.0,2.8261244759465702,39.9072_116.3726,0.0833333333333333,1,1,0.323986321526028
0,39.907217,116.372634,115.0,2008-10-26,13:47:27,2008-10-26 13:47:27,13,26,Sunday,10,True,39.907194,116.372599,2008-10-26 13:47:22,0.0029856902568918,5.0,2.1496969849621523,39.9072_116.3726,0.0833333333333333,1,1,0.32361549039918824
0,39.907226,116.372669,115.0,2008-10-26,13:47:32,2008-10-26 13:47:32,13,26,Sunday,10,True,39.907217,116.372634,2008-10-26 13:47:27,0.0029854069738512,5.0,2.149493021172923,39.9072_116.3727,0.0833333333333333,1,1,0.32361549039918824
0,39.90725,116.372718,115.0,2008-10-26,13:47:37,2008-10-26 13:47:37,13,26,Sunday,10,True,39.907226,116.372669,2008-10-26 13:47:32,0.0041797567495099,5.0,3.0094248596471815,39.9072_116.3727,0.0833333333333333,1,1,0.32267995650569625
0,39.907231,116.372796,116.0,2008-10-26,13:47:42,2008-10-26 13:47:42,13,26,Sunday,10,True,39.90725,116.372718,2008-10-26 13:47:37,0.0066531791520868,5.0,4.790288989502497,39.9072_116.3728,0.0833333333333333,1,1,0.32148601290273043
0,39.907259,116.372845,115.0,2008-10-26,13:47:47,2008-10-26 13:47:47,13,26,Sunday,10,True,39.907231,116.372796,2008-10-26 13:47:42,0.0041798500359872,5.0,3.0094920259108,39.9073_116.3728,0.0833333333333333,1,1,0.32267995650569625
0,39.907261,116.372906,116.0,2008-10-26,13:47:52,2008-10-26 13:47:52,13,26,Sunday,10,True,39.907259,116.372845,2008-10-26 13:47:47,0.0052030473415185,5.0,3.746194085893339,39.9073_116.3729,0.0833333333333333,1,1,0.3243754821441921
0,39.907227,116.372973,118.0,2008-10-26,13:47:57,2008-10-26 13:47:57,13,26,Sunday,10,True,39.907261,116.372906,2008-10-26 13:47:52,0.0057152031556603,5.0,4.114946272075424,39.9072_116.373,0.0833333333333333,1,1,0.3237655912407274
0,39.907225,116.373009,118.0,2008-10-26,13:48:02,2008-10-26 13:48:02,13,26,Sunday,10,True,39.907227,116.372973,2008-10-26 13:47:57,0.0030706540121675,5.0,2.210870888760625,39.9072_116.373,0.0833333333333333,1,1,0.32361549039918824
0,39.907215,116.37304,119.0,2008-10-26,13:48:07,2008-10-26 13:48:07,13,26,Sunday,10,True,39.907225,116.373009,2008-10-26 13:48:02,0.0026442436279366,5.0,1.903855412114363,39.9072_116.373,0.0833333333333333,1,1,0.32361549039918824
0,39.90724,116.373096,120.0,2008-10-26,13:48:12,2008-10-26 13:48:12,13,26,Sunday,10,True,39.907215,116.37304,2008-10-26 13:48:07,0.0047768153918544,5.0,3.439307082135175,39.9072_116.3731,0.0833333333333333,1,1,0.3217545939020613
0,39.907294,116.373124,116.0,2008-10-26,13:48:17,2008-10-26 13:48:17,13,26,Sunday,10,True,39.90724,116.373096,2008-10-26 13:48:12,0.0023905813152267,5.0,1.7212185469632426,39.9073_116.3731,0.0833333333333333,1,1,0.32583300573305646
0,39.907313,116.373163,117.0,2008-10-26,13:48:22,2008-10-26 13:48:22,13,26,Sunday,10,True,39.907294,116.373124,2008-10-26 13:48:17,0.0033267397865799,5.0,2.395252646337579,39.9073_116.3732,0.0833333333333333,1,1,0.3247688979436518
0,39.907391,116.373175,109.0,2008-10-26,13:48:27,2008-10-26 13:48:27,13,26,Sunday,10,True,39.907313,116.373163,2008-10-26 13:48:22,0.0010346818338454,5.0,0.7449709203687506,39.9074_116.3732,0.0833333333333333,1,1,0.3290175430811
0,39.907422,116.373195,104.0,2008-10-26,13:48:32,2008-10-26 13:48:32,13,26,Sunday,10,True,39.907391,116.373175,2008-10-26 13:48:27,0.0017069735756437,5.0,1.229020974463485,39.9074_116.3732,0.0833333333333333,1,1,0.32969379780584124
0,39.907434,116.373237,100.0,2008-10-26,13:48:37,2008-10-26 13:48:37,13,26,Sunday,10,True,39.907422,116.373195,2008-10-26 13:48:32,0.0035824919535821,5.0,2.579394206579115,39.9074_116.3732,0.0833333333333333,1,1,0.323986321526028
0,39.907429,116.373304,102.0,2008-10-26,13:48:42,2008-10-26 13:48:42,13,26,Sunday,10,True,39.907434,116.373237,2008-10-26 13:48:37,0.0057148148314093,5.0,4.114666678614733,39.9074_116.3733,0.0833333333333333,1,1,0.3237655912407274
0,39.90746,116.373375,100.0,2008-10-26,13:48:47,2008-10-26 13:48:47,13,26,Sunday,10,True,39.907429,116.373304,2008-10-26 13:48:42,0.0060562867550465,5.0,4.360526463633514,39.9075_116.3734,0.0833333333333333,1,1,0.32148601290273043
0,39.907459,116.373452,102.0,2008-10-26,13:48:52,2008-10-26 13:48:52,13,26,Sunday,10,True,39.90746,116.373375,2008-10-26 13:48:47,0.0065677604037635,5.0,4.728787490709751,39.9075_116.3735,0.0833333333333333,1,1,0.32148601290273043
0,39.90748,116.37352,101.0,2008-10-26,13:48:57,2008-10-26 13:48:57,13,26,Sunday,10,True,39.907459,116.373452,2008-10-26 13:48:52,0.0058002421798715,5.0,4.176174369507545,39.9075_116.3735,0.0833333333333333,1,1,0.3237655912407274
0,39.907487,116.373566,99.0,2008-10-26,13:49:02,2008-10-26 13:49:02,13,26,Sunday,10,True,39.90748,116.37352,2008-10-26 13:48:57,0.0039236190962991,5.0,2.825005749335385,39.9075_116.3736,0.0833333333333333,1,1,0.323986321526028
0,39.906345,116.374616,121.0,2008-10-26,13:49:07,2008-10-26 13:49:07,13,26,Sunday,10,True,39.907487,116.373566,2008-10-26 13:49:02,0.0895884940812135,5.0,64.50371573847373,39.9063_116.3746,0.0833333333333333,1,1,0.16870763122815258
0,39.906281,116.374711,121.0,2008-10-26,13:49:12,2008-10-26 13:49:12,13,26,Sunday,10,True,39.906345,116.374616,2008-10-26 13:49:07,0.0081041681284074,5.0,5.835001052453351,39.9063_116.3747,0.0833333333333333,1,1,0.3191026765212577
0,39.906229,116.374798,124.0,2008-10-26,13:49:17,2008-10-26 13:49:17,13,26,Sunday,10,True,39.906281,116.374711,2008-10-26 13:49:12,0.0074215326100025,5.0,5.343503479201821,39.9062_116.3748,0.0833333333333333,1,1,0.3209697709981115
0,39.90626,116.374856,124.0,2008-10-26,13:49:22,2008-10-26 13:49:22,13,26,Sunday,10,True,39.906229,116.374798,2008-10-26 13:49:17,0.0049475975189968,5.0,3.5622702136777615,39.9063_116.3749,0.0833333333333333,1,1,0.3243754821441921
0,39.906248,116.374961,119.0,2008-10-26,13:49:27,2008-10-26 13:49:27,13,26,Sunday,10,True,39.90626,116.374856,2008-10-26 13:49:22,0.0089562243969253,5.0,6.448481565786269,39.9062_116.375,0.0833333333333333,1,1,0.31522408512243477
0,39.906196,116.374992,118.0,2008-10-26,13:49:32,2008-10-26 13:49:32,13,26,Sunday,10,True,39.906248,116.374961,2008-10-26 13:49:27,0.0026461360007356,5.0,1.905217920529635,39.9062_116.375,0.0833333333333333,1,1,0.32361549039918824
0,39.906187,116.375031,118.0,2008-10-26,13:49:37,2008-10-26 13:49:37,13,26,Sunday,10,True,39.906196,116.374992,2008-10-26 13:49:32,0.0033266352756119,5.0,2.39517739844058,39.9062_116.375,0.0833333333333333,1,1,0.3247688979436518
0,39.906209,116.375072,114.0,2008-10-26,13:49:42,2008-10-26 13:49:42,13,26,Sunday,10,True,39.906187,116.375031,2008-10-26 13:49:37,0.003497444037285,5.0,2.5181597068452537,39.9062_116.3751,0.0833333333333333,1,1,0.3215228212936157
0,39.906219,116.375111,113.0,2008-10-26,13:49:47,2008-10-26 13:49:47,13,26,Sunday,10,True,39.906209,116.375072,2008-10-26 13:49:42,0.0033266449389055,5.0,2.3951843560119648,39.9062_116.3751,0.0833333333333333,1,1,0.3247688979436518
0,39.90621,116.375135,110.0,2008-10-26,13:49:52,2008-10-26 13:49:52,13,26,Sunday,10,True,39.906219,116.375111,2008-10-26 13:49:47,0.0020472057760922,5.0,1.4739881587864032,39.9062_116.3751,0.0833333333333333,1,1,0.32806056935972006
0,39.906211,116.375148,111.0,2008-10-26,13:49:57,2008-10-26 13:49:57,13,26,Sunday,10,True,39.90621,116.375135,2008-10-26 13:49:52,0.0011088645309083,5.0,0.7983824622539782,39.9062_116.3751,0.0833333333333333,1,1,0.3290175430811
0,39.906147,116.375258,111.0,2008-10-26,13:50:02,2008-10-26 13:50:02,13,26,Sunday,10,True,39.906211,116.375148,2008-10-26 13:49:57,0.0093835118933397,5.0,6.756128563204591,39.9061_116.3753,0.0833333333333333,1,1,0.3154612718320082
0,39.906133,116.375284,110.0,2008-10-26,13:50:07,2008-10-26 13:50:07,13,26,Sunday,10,True,39.906147,116.375258,2008-10-26 13:50:02,0.0022178943752678,5.0,1.5968839501928545,39.9061_116.3753,0.0833333333333333,1,1,0.32806056935972006
0,39.906134,116.3753,110.0,2008-10-26,13:50:12,2008-10-26 13:50:12,13,26,Sunday,10,True,39.906133,116.375284,2008-10-26 13:50:07,0.0013647571699153,5.0,0.9826251623390296,39.9061_116.3753,0.0833333333333333,1,1,0.3290175430811
0,39.906122,116.375351,110.0,2008-10-26,13:50:17,2008-10-26 13:50:17,13,26,Sunday,10,True,39.906134,116.3753,2008-10-26 13:50:12,0.004350221766735,5.0,3.132159672049224,39.9061_116.3754,0.0833333333333333,1,1,0.32267995650569625
0,39.906129,116.375408,108.0,2008-10-26,13:50:22,2008-10-26 13:50:22,13,26,Sunday,10,True,39.906122,116.375351,2008-10-26 13:50:17,0.004861962048216,5.0,3.5006126747155384,39.9061_116.3754,0.0833333333333333,1,1,0.3243754821441921
0,39.906143,116.37546,109.0,2008-10-26,13:50:27,2008-10-26 13:50:27,13,26,Sunday,10,True,39.906129,116.375408,2008-10-26 13:50:22,0.00443553937238,5.0,3.1935883481136464,39.9061_116.3755,0.0833333333333333,1,1,0.32267995650569625
0,39.906133,116.375547,109.0,2008-10-26,13:50:32,2008-10-26 13:50:32,13,26,Sunday,10,True,39.906143,116.37546,2008-10-26 13:50:27,0.0074208844962961,5.0,5.343036837333234,39.9061_116.3755,0.0833333333333333,1,1,0.3209697709981115
0,39.906126,116.375616,110.0,2008-10-26,13:50:37,2008-10-26 13:50:37,13,26,Sunday,10,True,39.906133,116.375547,2008-10-26 13:50:32,0.0058855253656018,5.0,4.237578263233343,39.9061_116.3756,0.0833333333333333,1,1,0.32148601290273043
0,39.90613,116.375697,112.0,2008-10-26,13:50:42,2008-10-26 13:50:42,13,26,Sunday,10,True,39.906126,116.375616,2008-10-26 13:50:37,0.0069090811026015,5.0,4.9745383938730985,39.9061_116.3757,0.0833333333333333,1,1,0.32105800064011125
0,39.906123,116.375791,113.0,2008-10-26,13:50:47,2008-10-26 13:50:47,13,26,Sunday,10,True,39.90613,116.375697,2008-10-26 13:50:42,0.008017952593699,5.0,5.772925867463348,39.9061_116.3758,0.0833333333333333,1,1,0.3209697709981115
0,39.906113,116.375868,113.0,2008-10-26,13:50:52,2008-10-26 13:50:52,13,26,Sunday,10,True,39.906123,116.375791,2008-10-26 13:50:47,0.0065679173964328,5.0,4.728900525431686,39.9061_116.3759,0.0833333333333333,1,1,0.32148601290273043
0,39.906115,116.375911,113.0,2008-10-26,13:50:57,2008-10-26 13:50:57,13,26,Sunday,10,True,39.906113,116.375868,2008-10-26 13:50:52,0.0036677842833848,5.0,2.640804684037059,39.9061_116.3759,0.0833333333333333,1,1,0.323986321526028
0,39.906116,116.37595,111.0,2008-10-26,13:51:02,2008-10-26 13:51:02,13,26,Sunday,10,True,39.906115,116.375911,2008-10-26 13:50:57,0.0033265936779608,5.0,2.3951474481317825,39.9061_116.376,0.0833333333333333,1,1,0.3247688979436518
0,39.906141,116.375976,110.0,2008-10-26,13:51:07,2008-10-26 13:51:07,13,26,Sunday,10,True,39.906116,116.37595,2008-10-26 13:51:02,0.0022182589772292,5.0,1.5971464636050543,39.9061_116.376,0.0833333333333333,1,1,0.32806056935972006
0,39.906129,116.376023,109.0,2008-10-26,13:51:12,2008-10-26 13:51:12,13,26,Sunday,10,True,39.906141,116.375976,2008-10-26 13:51:07,0.0040090376883616,5.0,2.8865071356204215,39.9061_116.376,0.0833333333333333,1,1,0.323986321526028
0,39.906108,116.376071,110.0,2008-10-26,13:51:17,2008-10-26 13:51:17,13,26,Sunday,10,True,39.906129,116.376023,2008-10-26 13:51:12,0.0040944711018866,5.0,2.948019193358361,39.9061_116.3761,0.0833333333333333,1,1,0.320651455541376
0,39.906114,116.376116,111.0,2008-10-26,13:51:22,2008-10-26 13:51:22,13,26,Sunday,10,True,39.906108,116.376071,2008-10-26 13:51:17,0.0038383945819078,5.0,2.7636440989736575,39.9061_116.3761,0.0833333333333333,1,1,0.323986321526028
0,39.906133,116.376161,111.0,2008-10-26,13:51:27,2008-10-26 13:51:27,13,26,Sunday,10,True,39.906114,116.376116,2008-10-26 13:51:22,0.0038385533297316,5.0,2.7637583974068054,39.9061_116.3762,0.0833333333333333,1,1,0.323986321526028
0,39.90614,116.376193,110.0,2008-10-26,13:51:32,2008-10-26 13:51:32,13,26,Sunday,10,True,39.906133,116.376161,2008-10-26 13:51:27,0.002729545267288,5.0,1.9652725924474068,39.9061_116.3762,0.0833333333333333,1,1,0.32361549039918824
0,39.906132,116.376237,110.0,2008-10-26,13:51:37,2008-10-26 13:51:37,13,26,Sunday,10,True,39.90614,116.376193,2008-10-26 13:51:32,0.003753110398674,5.0,2.7022394870453064,39.9061_116.3762,0.0833333333333333,1,1,0.323986321526028
0,39.906118,116.376313,109.0,2008-10-26,13:51:42,2008-10-26 13:51:42,13,26,Sunday,10,True,39.906132,116.376237,2008-10-26 13:51:37,0.006482647743212,5.0,4.667506375112656,39.9061_116.3763,0.0833333333333333,1,1,0.32148601290273043
0,39.906111,116.376416,106.0,2008-10-26,13:51:47,2008-10-26 13:51:47,13,26,Sunday,10,True,39.906118,116.376313,2008-10-26 13:51:42,0.0087856283376537,5.0,6.325652403110669,39.9061_116.3764,0.0833333333333333,1,1,0.3152906821552762
0,39.906112,116.3765,106.0,2008-10-26,13:51:52,2008-10-26 13:51:52,13,26,Sunday,10,True,39.906111,116.376416,2008-10-26 13:51:47,0.0071649704592456,5.0,5.158778730656862,39.9061_116.3765,0.0833333333333333,1,1,0.3202693003867857
0,39.906106,116.376565,105.0,2008-10-26,13:51:57,2008-10-26 13:51:57,13,26,Sunday,10,True,39.906112,116.3765,2008-10-26 13:51:52,0.0055443346073244,5.0,3.99192091727362,39.9061_116.3766,0.0833333333333333,1,1,0.3237655912407274
0,39.906095,116.376628,105.0,2008-10-26,13:52:02,2008-10-26 13:52:02,13,26,Sunday,10,True,39.906106,116.376565,2008-10-26 13:51:57,0.0053737709143114,5.0,3.869115058304234,39.9061_116.3766,0.0833333333333333,1,1,0.3237655912407274
0,39.906112,116.376701,105.0,2008-10-26,13:52:07,2008-10-26 13:52:07,13,26,Sunday,10,True,39.906095,116.376628,2008-10-26 13:52:02,0.0062267884218794,5.0,4.483287663753219,39.9061_116.3767,0.0833333333333333,1,1,0.32148601290273043
0,39.906088,116.376781,106.0,2008-10-26,13:52:12,2008-10-26 13:52:12,13,26,Sunday,10,True,39.906112,116.376701,2008-10-26 13:52:07,0.0068239412453452,5.0,4.913237696648573,39.9061_116.3768,0.0833333333333333,1,1,0.3200678850040439
0,39.906066,116.376862,107.0,2008-10-26,13:52:17,2008-10-26 13:52:17,13,26,Sunday,10,True,39.906088,116.376781,2008-10-26 13:52:12,0.0069092138062341,5.0,4.974633940488595,39.9061_116.3769,0.0833333333333333,1,1,0.32105800064011125
0,39.906052,116.376876,106.0,2008-10-26,13:52:22,2008-10-26 13:52:22,13,26,Sunday,10,True,39.906066,116.376862,2008-10-26 13:52:17,0.001194471665763,5.0,0.860019599349389,39.9061_116.3769,0.0833333333333333,1,1,0.3290175430811
0,39.906046,116.376899,106.0,2008-10-26,13:52:27,2008-10-26 13:52:27,13,26,Sunday,10,True,39.906052,116.376876,2008-10-26 13:52:22,0.0019618734240446,5.0,1.4125488653121607,39.906_116.3769,0.0833333333333333,1,1,0.32969379780584124
0,39.906044,116.376991,105.0,2008-10-26,13:52:32,2008-10-26 13:52:32,13,26,Sunday,10,True,39.906046,116.376899,2008-10-26 13:52:27,0.007847356889385,5.0,5.65009696035724,39.906_116.377,0.0833333333333333,1,1,0.3209697709981115
0,39.906042,116.377071,106.0,2008-10-26,13:52:37,2008-10-26 13:52:37,13,26,Sunday,10,True,39.906044,116.376991,2008-10-26 13:52:32,0.006823789066914,5.0,4.913128128178099,39.906_116.3771,0.0833333333333333,1,1,0.3200678850040439
0,39.906044,116.377138,107.0,2008-10-26,13:52:42,2008-10-26 13:52:42,13,26,Sunday,10,True,39.906042,116.377071,2008-10-26 13:52:37,0.0057149237374465,5.0,4.114745090961547,39.906_116.3771,0.0833333333333333,1,1,0.3237655912407274
0,39.906039,116.377192,107.0,2008-10-26,13:52:47,2008-10-26 13:52:47,13,26,Sunday,10,True,39.906044,116.377138,2008-10-26 13:52:42,0.0046060671966086,5.0,3.316368381558212,39.906_116.3772,0.0833333333333333,1,1,0.32267995650569625
0,39.906056,116.377269,105.0,2008-10-26,13:52:52,2008-10-26 13:52:52,13,26,Sunday,10,True,39.906039,116.377192,2008-10-26 13:52:47,0.0065679783471897,5.0,4.728944409976648,39.9061_116.3773,0.0833333333333333,1,1,0.32148601290273043
0,39.906079,116.377318,105.0,2008-10-26,13:52:57,2008-10-26 13:52:57,13,26,Sunday,10,True,39.906056,116.377269,2008-10-26 13:52:52,0.0041798069784599,5.0,3.0094610244911637,39.9061_116.3773,0.0833333333333333,1,1,0.32267995650569625
0,39.906085,116.377388,105.0,2008-10-26,13:53:02,2008-10-26 13:53:02,13,26,Sunday,10,True,39.906079,116.377318,2008-10-26 13:52:57,0.0059708224227839,5.0,4.298992144404429,39.9061_116.3774,0.0833333333333333,1,1,0.32148601290273043
0,39.906095,116.377438,104.0,2008-10-26,13:53:07,2008-10-26 13:53:07,13,26,Sunday,10,True,39.906085,116.377388,2008-10-26 13:53:02,0.0042649087071095,5.0,3.0707342691189066,39.9061_116.3774,0.0833333333333333,1,1,0.32267995650569625
0,39.9061,116.377518,105.0,2008-10-26,13:53:12,2008-10-26 13:53:12,13,26,Sunday,10,True,39.906095,116.377438,2008-10-26 13:53:07,0.0068237894340512,5.0,4.9131283925168745,39.9061_116.3775,0.0833333333333333,1,1,0.3200678850040439
0,39.906108,116.377585,104.0,2008-10-26,13:53:17,2008-10-26 13:53:17,13,26,Sunday,10,True,39.9061,116.377518,2008-10-26 13:53:12,0.0057149384203042,5.0,4.114755662619039,39.9061_116.3776,0.0833333333333333,1,1,0.3237655912407274
0,39.9061,116.37765,105.0,2008-10-26,13:53:22,2008-10-26 13:53:22,13,26,Sunday,10,True,39.906108,116.377585,2008-10-26 13:53:17,0.0055443445224484,5.0,3.991928056162869,39.9061_116.3776,0.0833333333333333,1,1,0.3237655912407274
0,39.906091,116.377708,106.0,2008-10-26,13:53:27,2008-10-26 13:53:27,13,26,Sunday,10,True,39.9061,116.37765,2008-10-26 13:53:22,0.0049472733148426,5.0,3.5620367866866727,39.9061_116.3777,0.0833333333333333,1,1,0.3243754821441921
0,39.90609,116.377774,106.0,2008-10-26,13:53:32,2008-10-26 13:53:32,13,26,Sunday,10,True,39.906091,116.377708,2008-10-26 13:53:27,0.0056296215013785,5.0,4.053327480992584,39.9061_116.3778,0.0833333333333333,1,1,0.3237655912407274
0,39.906083,116.377839,107.0,2008-10-26,13:53:37,2008-10-26 13:53:37,13,26,Sunday,10,True,39.90609,116.377774,2008-10-26 13:53:32,0.0055443408425515,5.0,3.991925406637129,39.9061_116.3778,0.0833333333333333,1,1,0.3237655912407274
0,39.906096,116.377885,107.0,2008-10-26,13:53:42,2008-10-26 13:53:42,13,26,Sunday,10,True,39.906083,116.377839,2008-10-26 13:53:37,0.0039237565285262,5.0,2.8251047005388994,39.9061_116.3779,0.0833333333333333,1,1,0.323986321526028
0,39.906088,116.377939,105.0,2008-10-26,13:53:47,2008-10-26 13:53:47,13,26,Sunday,10,True,39.906096,116.377885,2008-10-26 13:53:42,0.004606079746568,5.0,3.3163774175289937,39.9061_116.3779,0.0833333333333333,1,1,0.32267995650569625
0,39.906046,116.378018,104.0,2008-10-26,13:53:52,2008-10-26 13:53:52,13,26,Sunday,10,True,39.906088,116.377939,2008-10-26 13:53:47,0.0067389812167715,5.0,4.852066476075499,39.906_116.378,0.0833333333333333,1,1,0.3200678850040439
0,39.906015,116.378108,104.0,2008-10-26,13:53:57,2008-10-26 13:53:57,13,26,Sunday,10,True,39.906046,116.378018,2008-10-26 13:53:52,0.0076769985993532,5.0,5.527438991534366,39.906_116.3781,0.0833333333333333,1,1,0.3209697709981115
0,39.906015,116.37819,103.0,2008-10-26,13:54:02,2008-10-26 13:54:02,13,26,Sunday,10,True,39.906015,116.378108,2008-10-26 13:53:57,0.0069943855214659,5.0,5.035957575455513,39.906_116.3782,0.0833333333333333,1,1,0.3202693003867857
0,39.906017,116.378269,104.0,2008-10-26,13:54:07,2008-10-26 13:54:07,13,26,Sunday,10,True,39.906015,116.37819,2008-10-26 13:54:02,0.0067384943872088,5.0,4.85171595879034,39.906_116.3783,0.0833333333333333,1,1,0.3200678850040439
0,39.906007,116.37834,104.0,2008-10-26,13:54:12,2008-10-26 13:54:12,13,26,Sunday,10,True,39.906017,116.378269,2008-10-26 13:54:07,0.0060561456526095,5.0,4.360424869878903,39.906_116.3783,0.0833333333333333,1,1,0.32148601290273043
0,39.906017,116.378413,105.0,2008-10-26,13:54:17,2008-10-26 13:54:17,13,26,Sunday,10,True,39.906007,116.37834,2008-10-26 13:54:12,0.0062267395777335,5.0,4.483252495968154,39.906_116.3784,0.0833333333333333,1,1,0.32148601290273043
0,39.90603,116.378507,104.0,2008-10-26,13:54:22,2008-10-26 13:54:22,13,26,Sunday,10,True,39.906017,116.378413,2008-10-26 13:54:17,0.0080179928326115,5.0,5.772954839480296,39.906_116.3785,0.0833333333333333,1,1,0.3209697709981115
0,39.906059,116.378572,104.0,2008-10-26,13:54:27,2008-10-26 13:54:27,13,26,Sunday,10,True,39.90603,116.378507,2008-10-26 13:54:22,0.0055446132469369,5.0,3.9921215377945902,39.9061_116.3786,0.0833333333333333,1,1,0.3237655912407274
0,39.90607,116.37861,105.0,2008-10-26,13:54:32,2008-10-26 13:54:32,13,26,Sunday,10,True,39.906059,116.378572,2008-10-26 13:54:27,0.0032413685646208,5.0,2.333785366527029,39.9061_116.3786,0.0833333333333333,1,1,0.3247688979436518
0,39.906087,116.378654,106.0,2008-10-26,13:54:37,2008-10-26 13:54:37,13,26,Sunday,10,True,39.90607,116.37861,2008-10-26 13:54:32,0.0037532264446833,5.0,2.702323040172043,39.9061_116.3787,0.0833333333333333,1,1,0.323986321526028
0,39.906075,116.378703,108.0,2008-10-26,13:54:42,2008-10-26 13:54:42,13,26,Sunday,10,True,39.906087,116.378654,2008-10-26 13:54:37,0.0041796326913476,5.0,3.009335537770282,39.9061_116.3787,0.0833333333333333,1,1,0.32267995650569625
0,39.906061,116.378761,108.0,2008-10-26,13:54:47,2008-10-26 13:54:47,13,26,Sunday,10,True,39.906075,116.378703,2008-10-26 13:54:42,0.0049473190754897,5.0,3.5620697343526544,39.9061_116.3788,0.0833333333333333,1,1,0.3243754821441921
0,39.906073,116.378816,106.0,2008-10-26,13:54:52,2008-10-26 13:54:52,13,26,Sunday,10,True,39.906061,116.378761,2008-10-26 13:54:47,0.0046914103853933,5.0,3.377815477483202,39.9061_116.3788,0.0833333333333333,1,1,0.32267995650569625
0,39.90606,116.378871,106.0,2008-10-26,13:54:57,2008-10-26 13:54:57,13,26,Sunday,10,True,39.906073,116.378816,2008-10-26 13:54:52,0.0046914204549414,5.0,3.3778227275578545,39.9061_116.3789,0.0833333333333333,1,1,0.32267995650569625
0,39.906047,116.378924,107.0,2008-10-26,13:55:02,2008-10-26 13:55:02,13,26,Sunday,10,True,39.90606,116.378871,2008-10-26 13:54:57,0.0045208292313343,5.0,3.2549970465607165,39.906_116.3789,0.0833333333333333,1,1,0.32267995650569625
0,39.906022,116.378986,110.0,2008-10-26,13:55:07,2008-10-26 13:55:07,13,26,Sunday,10,True,39.906047,116.378924,2008-10-26 13:55:02,0.0052886588831251,5.0,3.807834395850096,39.906_116.379,0.0833333333333333,1,1,0.3237655912407274
0,39.906016,116.379067,111.0,2008-10-26,13:55:12,2008-10-26 13:55:12,13,26,Sunday,10,True,39.906022,116.378986,2008-10-26 13:55:07,0.0069090975463111,5.0,4.9745502333440195,39.906_116.3791,0.0833333333333333,1,1,0.32105800064011125
0,39.906003,116.37913,111.0,2008-10-26,13:55:17,2008-10-26 13:55:17,13,26,Sunday,10,True,39.906016,116.379067,2008-10-26 13:55:12,0.0053737948731551,5.0,3.869132308671712,39.906_116.3791,0.0833333333333333,1,1,0.3237655912407274
0,39.90601,116.379199,110.0,2008-10-26,13:55:22,2008-10-26 13:55:22,13,26,Sunday,10,True,39.906003,116.37913,2008-10-26 13:55:17,0.0058855359321454,5.0,4.237585871144721,39.906_116.3792,0.0833333333333333,1,1,0.32148601290273043
0,39.906005,116.379238,111.0,2008-10-26,13:55:27,2008-10-26 13:55:27,13,26,Sunday,10,True,39.90601,116.379199,2008-10-26 13:55:22,0.0033266125084328,5.0,2.3951610060716853,39.906_116.3792,0.0833333333333333,1,1,0.3247688979436518
0,39.906009,116.379315,111.0,2008-10-26,13:55:32,2008-10-26 13:55:32,13,26,Sunday,10,True,39.906005,116.379238,2008-10-26 13:55:27,0.0065679039538858,5.0,4.728890846797819,39.906_116.3793,0.0833333333333333,1,1,0.32148601290273043
0,39.906017,116.379387,109.0,2008-10-26,13:55:37,2008-10-26 13:55:37,13,26,Sunday,10,True,39.906009,116.379315,2008-10-26 13:55:32,0.0061414314800725,5.0,4.42183066565224,39.906_116.3794,0.0833333333333333,1,1,0.32148601290273043
0,39.906012,116.379469,109.0,2008-10-26,13:55:42,2008-10-26 13:55:42,13,26,Sunday,10,True,39.906017,116.379387,2008-10-26 13:55:37,0.0069943923035946,5.0,5.035962458588176,39.906_116.3795,0.0833333333333333,1,1,0.3202693003867857
0,39.906034,116.379531,110.0,2008-10-26,13:55:47,2008-10-26 13:55:47,13,26,Sunday,10,True,39.906012,116.379469,2008-10-26 13:55:42,0.0052886095631047,5.0,3.807798885435436,39.906_116.3795,0.0833333333333333,1,1,0.3237655912407274
0,39.906088,116.379576,107.0,2008-10-26,13:55:52,2008-10-26 13:55:52,13,26,Sunday,10,True,39.906034,116.379531,2008-10-26 13:55:47,0.003839810107217,5.0,2.764663277196258,39.9061_116.3796,0.0833333333333333,1,1,0.323986321526028
0,39.906098,116.379594,107.0,2008-10-26,13:55:57,2008-10-26 13:55:57,13,26,Sunday,10,True,39.906088,116.379576,2008-10-26 13:55:52,0.0015354738215517,5.0,1.1055411515172324,39.9061_116.3796,0.0833333333333333,1,1,0.32883203329981514
0,39.906113,116.379642,107.0,2008-10-26,13:56:02,2008-10-26 13:56:02,13,26,Sunday,10,True,39.906098,116.379594,2008-10-26 13:55:57,0.0040943725327184,5.0,2.94794822355731,39.9061_116.3796,0.0833333333333333,1,1,0.320651455541376
0,39.906114,116.379674,108.0,2008-10-26,13:56:07,2008-10-26 13:56:07,13,26,Sunday,10,True,39.906113,116.379642,2008-10-26 13:56:02,0.0027295130656273,5.0,1.9652494072517184,39.9061_116.3797,0.0833333333333333,1,1,0.32361549039918824
0,39.906102,116.379703,108.0,2008-10-26,13:56:12,2008-10-26 13:56:12,13,26,Sunday,10,True,39.906114,116.379674,2008-10-26 13:56:07,0.0024737304170499,5.0,1.781085900275961,39.9061_116.3797,0.0833333333333333,1,1,0.32583300573305646
0,39.906101,116.379724,108.0,2008-10-26,13:56:17,2008-10-26 13:56:17,13,26,Sunday,10,True,39.906102,116.379703,2008-10-26 13:56:12,0.0017912438612861,5.0,1.289695580126038,39.9061_116.3797,0.0833333333333333,1,1,0.32969379780584124
0,39.906101,116.379724,108.0,2008-10-26,13:56:20,2008-10-26 13:56:20,13,26,Sunday,10,True,39.906101,116.379724,2008-10-26 13:56:17,0.0,3.0,0.0,39.9061_116.3797,0.05,1,1,0.32832249916941925
0,39.906106,116.37973,108.0,2008-10-26,13:56:22,2008-10-26 13:56:22,13,26,Sunday,10,True,39.906101,116.379724,2008-10-26 13:56:20,0.0005118756285783,2.0,0.9213761314410792,39.9061_116.3797,0.0333333333333333,1,1,0.32902722489127567
0,39.906135,116.37973,107.0,2008-10-26,13:56:27,2008-10-26 13:56:27,13,26,Sunday,10,True,39.906106,116.37973,2008-10-26 13:56:22,5.62808098626949e-05,5.0,0.0405221831011403,39.9061_116.3797,0.0833333333333333,1,1,0.32832249916941925
0,39.906143,116.379773,106.0,2008-10-26,13:56:32,2008-10-26 13:56:32,13,26,Sunday,10,True,39.906135,116.37973,2008-10-26 13:56:27,0.0036678137513433,5.0,2.640825900967222,39.9061_116.3798,0.0833333333333333,1,1,0.323986321526028
0,39.906109,116.379873,105.0,2008-10-26,13:56:37,2008-10-26 13:56:37,13,26,Sunday,10,True,39.906143,116.379773,2008-10-26 13:56:32,0.0085299798384499,5.0,6.1415854836839605,39.9061_116.3799,0.0833333333333333,1,1,0.31644181722121134
0,39.906114,116.379932,105.0,2008-10-26,13:56:42,2008-10-26 13:56:42,13,26,Sunday,10,True,39.906109,116.379873,2008-10-26 13:56:37,0.0050325479456122,5.0,3.623434520840853,39.9061_116.3799,0.0833333333333333,1,1,0.3243754821441921
0,39.906113,116.379994,105.0,2008-10-26,13:56:47,2008-10-26 13:56:47,13,26,Sunday,10,True,39.906114,116.379932,2008-10-26 13:56:42,0.0052884305855872,5.0,3.807670021622817,39.9061_116.38,0.0833333333333333,1,1,0.3237655912407274
0,39.906125,116.380064,106.0,2008-10-26,13:56:52,2008-10-26 13:56:52,13,26,Sunday,10,True,39.906113,116.379994,2008-10-26 13:56:47,0.0059708532624019,5.0,4.299014348929414,39.9061_116.3801,0.0833333333333333,1,1,0.32148601290273043
0,39.906114,116.380128,105.0,2008-10-26,13:56:57,2008-10-26 13:56:57,13,26,Sunday,10,True,39.906125,116.380064,2008-10-26 13:56:52,0.0054590660155502,5.0,3.930527531196179,39.9061_116.3801,0.0833333333333333,1,1,0.3237655912407274
0,39.906158,116.38017,105.0,2008-10-26,13:57:02,2008-10-26 13:57:02,13,26,Sunday,10,True,39.906114,116.380128,2008-10-26 13:56:57,0.0035835013644588,5.0,2.580120982410389,39.9062_116.3802,0.0833333333333333,1,1,0.323986321526028
0,39.906172,116.380227,105.0,2008-10-26,13:57:07,2008-10-26 13:57:07,13,26,Sunday,10,True,39.906158,116.38017,2008-10-26 13:57:02,0.0048620161825063,5.0,3.5006516514045933,39.9062_116.3802,0.0833333333333333,1,1,0.3243754821441921
0,39.906166,116.380291,104.0,2008-10-26,13:57:12,2008-10-26 13:57:12,13,26,Sunday,10,True,39.906172,116.380227,2008-10-26 13:57:07,0.0054590327491053,5.0,3.930503579355821,39.9062_116.3803,0.0833333333333333,1,1,0.3237655912407274
0,39.906159,116.380353,104.0,2008-10-26,13:57:17,2008-10-26 13:57:17,13,26,Sunday,10,True,39.906166,116.380291,2008-10-26 13:57:12,0.0052884438958033,5.0,3.80767960497844,39.9062_116.3804,0.0833333333333333,1,1,0.3237655912407274
0,39.906154,116.380417,102.0,2008-10-26,13:57:22,2008-10-26 13:57:22,13,26,Sunday,10,True,39.906159,116.380353,2008-10-26 13:57:17,0.005459029950479,5.0,3.9305015643449335,39.9062_116.3804,0.0833333333333333,1,1,0.3237655912407274
0,39.906179,116.38045,101.0,2008-10-26,13:57:27,2008-10-26 13:57:27,13,26,Sunday,10,True,39.906154,116.380417,2008-10-26 13:57:22,0.0028152255739728,5.0,2.026962413260422,39.9062_116.3804,0.0833333333333333,1,1,0.32361549039918824
0,39.906172,116.380527,99.0,2008-10-26,13:57:32,2008-10-26 13:57:32,13,26,Sunday,10,True,39.906179,116.38045,2008-10-26 13:57:27,0.0065678972622365,5.0,4.728886028810338,39.9062_116.3805,0.0833333333333333,1,1,0.32148601290273043
0,39.906156,116.380632,99.0,2008-10-26,13:57:37,2008-10-26 13:57:37,13,26,Sunday,10,True,39.906172,116.380527,2008-10-26 13:57:32,0.0089562597122221,5.0,6.448506992799926,39.9062_116.3806,0.0833333333333333,1,1,0.31522408512243477
0,39.906142,116.380695,98.0,2008-10-26,13:57:42,2008-10-26 13:57:42,13,26,Sunday,10,True,39.906156,116.380632,2008-10-26 13:57:37,0.0053737933932141,5.0,3.8691312431142055,39.9061_116.3807,0.0833333333333333,1,1,0.3237655912407274
0,39.906132,116.380756,98.0,2008-10-26,13:57:47,2008-10-26 13:57:47,13,26,Sunday,10,True,39.906142,116.380695,2008-10-26 13:57:42,0.0052031673765046,5.0,3.746280511083361,39.9061_116.3808,0.0833333333333333,1,1,0.3243754821441921
0,39.906142,116.380808,99.0,2008-10-26,13:57:52,2008-10-26 13:57:52,13,26,Sunday,10,True,39.906132,116.380756,2008-10-26 13:57:47,0.0044354985476189,5.0,3.1935589542856295,39.9061_116.3808,0.0833333333333333,1,1,0.32267995650569625
0,39.906143,116.380873,99.0,2008-10-26,13:57:57,2008-10-26 13:57:57,13,26,Sunday,10,True,39.906142,116.380808,2008-10-26 13:57:52,0.0055443200069199,5.0,3.991910404982359,39.9061_116.3809,0.0833333333333333,1,1,0.3237655912407274
0,39.906133,116.380946,100.0,2008-10-26,13:58:02,2008-10-26 13:58:02,13,26,Sunday,10,True,39.906143,116.380873,2008-10-26 13:57:57,0.0062267281259992,5.0,4.483244250719496,39.9061_116.3809,0.0833333333333333,1,1,0.32148601290273043
0,39.90612,116.38103,101.0,2008-10-26,13:58:07,2008-10-26 13:58:07,13,26,Sunday,10,True,39.906133,116.380946,2008-10-26 13:58:02,0.007165013047575,5.0,5.158809394254067,39.9061_116.381,0.0833333333333333,1,1,0.3202693003867857
0,39.906138,116.381078,102.0,2008-10-26,13:58:12,2008-10-26 13:58:12,13,26,Sunday,10,True,39.90612,116.38103,2008-10-26 13:58:07,0.0040944166628255,5.0,2.947979997234419,39.9061_116.3811,0.0833333333333333,1,1,0.320651455541376
0,39.90614,116.381097,102.0,2008-10-26,13:58:17,2008-10-26 13:58:17,13,26,Sunday,10,True,39.906138,116.381078,2008-10-26 13:58:12,0.0016206520178796,5.0,1.1668694528733716,39.9061_116.3811,0.0833333333333333,1,1,0.32883203329981514
0,39.906165,116.381143,103.0,2008-10-26,13:58:22,2008-10-26 13:58:22,13,26,Sunday,10,True,39.90614,116.381097,2008-10-26 13:58:17,0.0039239717688905,5.0,2.825259673601208,39.9062_116.3811,0.0833333333333333,1,1,0.323986321526028
0,39.906165,116.38121,103.0,2008-10-26,13:58:27,2008-10-26 13:58:27,13,26,Sunday,10,True,39.906165,116.381143,2008-10-26 13:58:22,0.005714912242474,5.0,4.114736814581315,39.9062_116.3812,0.0833333333333333,1,1,0.3237655912407274
0,39.906167,116.381252,102.0,2008-10-26,13:58:32,2008-10-26 13:58:32,13,26,Sunday,10,True,39.906165,116.38121,2008-10-26 13:58:27,0.003582484352207,5.0,2.5793887335890497,39.9062_116.3813,0.0833333333333333,1,1,0.323986321526028
0,39.906161,116.3813,101.0,2008-10-26,13:58:37,2008-10-26 13:58:37,13,26,Sunday,10,True,39.906167,116.381252,2008-10-26 13:58:32,0.0040942821046571,5.0,2.947883115353169,39.9062_116.3813,0.0833333333333333,1,1,0.320651455541376
0,39.90617,116.381338,100.0,2008-10-26,13:58:42,2008-10-26 13:58:42,13,26,Sunday,10,True,39.906161,116.3813,2008-10-26 13:58:37,0.0032413405479162,5.0,2.3337651944996787,39.9062_116.3813,0.0833333333333333,1,1,0.3247688979436518
0,39.906191,116.381387,101.0,2008-10-26,13:58:47,2008-10-26 13:58:47,13,26,Sunday,10,True,39.90617,116.381338,2008-10-26 13:58:42,0.0041797604368731,5.0,3.009427514548681,39.9062_116.3814,0.0833333333333333,1,1,0.32267995650569625
0,39.906198,116.381482,101.0,2008-10-26,13:58:52,2008-10-26 13:58:52,13,26,Sunday,10,True,39.906191,116.381387,2008-10-26 13:58:47,0.0081032416750205,5.0,5.834334006014796,39.9062_116.3815,0.0833333333333333,1,1,0.3191026765212577
0,39.906191,116.381563,102.0,2008-10-26,13:58:57,2008-10-26 13:58:57,13,26,Sunday,10,True,39.906198,116.381482,2008-10-26 13:58:52,0.0069090833897621,5.0,4.974540040628771,39.9062_116.3816,0.0833333333333333,1,1,0.32105800064011125
0,39.906184,116.381639,102.0,2008-10-26,13:59:02,2008-10-26 13:59:02,13,26,Sunday,10,True,39.906191,116.381563,2008-10-26 13:58:57,0.0064825991272729,5.0,4.667471371636544,39.9062_116.3816,0.0833333333333333,1,1,0.32148601290273043
0,39.90617,116.381708,103.0,2008-10-26,13:59:07,2008-10-26 13:59:07,13,26,Sunday,10,True,39.906184,116.381639,2008-10-26 13:59:02,0.0058855683204737,5.0,4.237609190741099,39.9062_116.3817,0.0833333333333333,1,1,0.32148601290273043
0,39.906187,116.381752,103.0,2008-10-26,13:59:12,2008-10-26 13:59:12,13,26,Sunday,10,True,39.90617,116.381708,2008-10-26 13:59:07,0.0037532209667549,5.0,2.702319096063544,39.9062_116.3818,0.0833333333333333,1,1,0.323986321526028
0,39.906192,116.381807,104.0,2008-10-26,13:59:17,2008-10-26 13:59:17,13,26,Sunday,10,True,39.906187,116.381752,2008-10-26 13:59:12,0.0046913542274261,5.0,3.3777750437468637,39.9062_116.3818,0.0833333333333333,1,1,0.32267995650569625
0,39.906211,116.381874,105.0,2008-10-26,13:59:22,2008-10-26 13:59:22,13,26,Sunday,10,True,39.906192,116.381807,2008-10-26 13:59:17,0.0057150281542053,5.0,4.1148202710278285,39.9062_116.3819,0.0833333333333333,1,1,0.3237655912407274
0,39.906196,116.381983,102.0,2008-10-26,13:59:27,2008-10-26 13:59:27,13,26,Sunday,10,True,39.906211,116.381874,2008-10-26 13:59:22,0.00929743489331,5.0,6.69415312318326,39.9062_116.382,0.0833333333333333,1,1,0.31459694748158973
0,39.906229,116.382045,104.0,2008-10-26,13:59:32,2008-10-26 13:59:32,13,26,Sunday,10,True,39.906196,116.381983,2008-10-26 13:59:27,0.0052888103630906,5.0,3.807943461425273,39.9062_116.382,0.0833333333333333,1,1,0.3237655912407274
0,39.906238,116.382083,104.0,2008-10-26,13:59:37,2008-10-26 13:59:37,13,26,Sunday,10,True,39.906229,116.382045,2008-10-26 13:59:32,0.0032413373295836,5.0,2.333762877300247,39.9062_116.3821,0.0833333333333333,1,1,0.3247688979436518
0,39.906249,116.382162,102.0,2008-10-26,13:59:42,2008-10-26 13:59:42,13,26,Sunday,10,True,39.906238,116.382083,2008-10-26 13:59:37,0.0067385047086421,5.0,4.851723390222349,39.9062_116.3822,0.0833333333333333,1,1,0.3200678850040439
0,39.90626,116.382197,101.0,2008-10-26,13:59:47,2008-10-26 13:59:47,13,26,Sunday,10,True,39.906249,116.382162,2008-10-26 13:59:42,0.0029854743444859,5.0,2.1495415280299186,39.9063_116.3822,0.0833333333333333,1,1,0.32361549039918824
0,39.90627,116.382225,101.0,2008-10-26,13:59:52,2008-10-26 13:59:52,13,26,Sunday,10,True,39.90626,116.382197,2008-10-26 13:59:47,0.0023883968969032,5.0,1.719645765770334,39.9063_116.3822,0.0833333333333333,1,1,0.32583300573305646
0,39.906257,116.382276,102.0,2008-10-26,13:59:57,2008-10-26 13:59:57,13,26,Sunday,10,True,39.90627,116.382225,2008-10-26 13:59:52,0.0043502239854547,5.0,3.132161269527401,39.9063_116.3823,0.0833333333333333,1,1,0.32267995650569625
0,39.906254,116.382336,106.0,2008-10-26,14:00:02,2008-10-26 14:00:02,14,26,Sunday,10,True,39.906257,116.382276,2008-10-26 13:59:57,0.0051178284091978,5.0,3.684836454622463,39.9063_116.3823,0.0833333333333333,1,1,0.3203427486692796
0,39.906251,116.382439,107.0,2008-10-26,14:00:07,2008-10-26 14:00:07,14,26,Sunday,10,True,39.906254,116.382336,2008-10-26 14:00:02,0.008785602066783,5.0,6.325633488083759,39.9063_116.3824,0.0833333333333333,1,1,0.3146520722919838
0,39.906245,116.382477,108.0,2008-10-26,14:00:12,2008-10-26 14:00:12,14,26,Sunday,10,True,39.906251,116.382439,2008-10-26 14:00:07,0.0032413104988103,5.0,2.3337435591434805,39.9062_116.3825,0.0833333333333333,1,1,0.3232258927640629
0,39.906247,116.382545,109.0,2008-10-26,14:00:17,2008-10-26 14:00:17,14,26,Sunday,10,True,39.906245,116.382477,2008-10-26 14:00:12,0.0058002038809673,5.0,4.176146794296503,39.9062_116.3825,0.0833333333333333,1,1,0.31972574387730146
0,39.906227,116.382635,109.0,2008-10-26,14:00:22,2008-10-26 14:00:22,14,26,Sunday,10,True,39.906247,116.382545,2008-10-26 14:00:17,0.0076768378443984,5.0,5.5273232479668915,39.9062_116.3826,0.0833333333333333,1,1,0.32034138241271815
0,39.906237,116.382681,109.0,2008-10-26,14:00:27,2008-10-26 14:00:27,14,26,Sunday,10,True,39.906227,116.382635,2008-10-26 14:00:22,0.0039237152510036,5.0,2.8250749807226514,39.9062_116.3827,0.0833333333333333,1,1,0.3190164125956023
0,39.906264,116.382738,107.0,2008-10-26,14:00:32,2008-10-26 14:00:32,14,26,Sunday,10,True,39.906237,116.382681,2008-10-26 14:00:27,0.004862216556338,5.0,3.5007959205634287,39.9063_116.3827,0.0833333333333333,1,1,0.3203427486692796
0,39.906287,116.382798,107.0,2008-10-26,14:00:37,2008-10-26 14:00:37,14,26,Sunday,10,True,39.906264,116.382738,2008-10-26 14:00:32,0.0051180182545157,5.0,3.684973143251351,39.9063_116.3828,0.0833333333333333,1,1,0.3203427486692796
0,39.906288,116.382844,108.0,2008-10-26,14:00:42,2008-10-26 14:00:42,14,26,Sunday,10,True,39.906287,116.382798,2008-10-26 14:00:37,0.0039236645569595,5.0,2.825038481010854,39.9063_116.3828,0.0833333333333333,1,1,0.3190164125956023
0,39.9063,116.382902,107.0,2008-10-26,14:00:47,2008-10-26 14:00:47,14,26,Sunday,10,True,39.906288,116.382844,2008-10-26 14:00:42,0.0049472829619848,5.0,3.562043732629099,39.9063_116.3829,0.0833333333333333,1,1,0.3203427486692796
0,39.906282,116.382982,106.0,2008-10-26,14:00:52,2008-10-26 14:00:52,14,26,Sunday,10,True,39.9063,116.382902,2008-10-26 14:00:47,0.0068238526770826,5.0,4.913173927499504,39.9063_116.383,0.0833333333333333,1,1,0.3159849068613689
0,39.906279,116.383059,105.0,2008-10-26,14:00:57,2008-10-26 14:00:57,14,26,Sunday,10,True,39.906282,116.382982,2008-10-26 14:00:52,0.006567875727054,5.0,4.728870523478951,39.9063_116.3831,0.0833333333333333,1,1,0.3174195760852528
0,39.906269,116.383125,104.0,2008-10-26,14:01:02,2008-10-26 14:01:02,14,26,Sunday,10,True,39.906279,116.383059,2008-10-26 14:00:57,0.0056296395397501,5.0,4.053340468620083,39.9063_116.3831,0.0833333333333333,1,1,0.31972574387730146
0,39.906263,116.383185,105.0,2008-10-26,14:01:07,2008-10-26 14:01:07,14,26,Sunday,10,True,39.906269,116.383125,2008-10-26 14:01:02,0.0051178375599291,5.0,3.6848430431489736,39.9063_116.3832,0.0833333333333333,1,1,0.3203427486692796
0,39.906248,116.383257,103.0,2008-10-26,14:01:12,2008-10-26 14:01:12,14,26,Sunday,10,True,39.906263,116.383185,2008-10-26 14:01:07,0.006141459111688,5.0,4.42185056041537,39.9062_116.3833,0.0833333333333333,1,1,0.3174195760852528
0,39.906232,116.383322,102.0,2008-10-26,14:01:17,2008-10-26 14:01:17,14,26,Sunday,10,True,39.906248,116.383257,2008-10-26 14:01:12,0.0055443987308766,5.0,3.9919670862311714,39.9062_116.3833,0.0833333333333333,1,1,0.31972574387730146
0,39.906252,116.383389,101.0,2008-10-26,14:01:22,2008-10-26 14:01:22,14,26,Sunday,10,True,39.906232,116.383322,2008-10-26 14:01:17,0.0057150376257743,5.0,4.114827090557558,39.9063_116.3834,0.0833333333333333,1,1,0.31972574387730146
0,39.90627,116.38345,100.0,2008-10-26,14:01:27,2008-10-26 14:01:27,14,26,Sunday,10,True,39.906252,116.383389,2008-10-26 14:01:22,0.005203239031401,5.0,3.746332102608759,39.9063_116.3834,0.0833333333333333,1,1,0.3203427486692796
0,39.906279,116.38347,100.0,2008-10-26,14:01:32,2008-10-26 14:01:32,14,26,Sunday,10,True,39.90627,116.38345,2008-10-26 14:01:27,0.0017060306405983,5.0,1.2283420612308014,39.9063_116.3835,0.0833333333333333,1,1,0.3280740683898042
0,39.90628,116.38355,101.0,2008-10-26,14:01:37,2008-10-26 14:01:37,14,26,Sunday,10,True,39.906279,116.38347,2008-10-26 14:01:32,0.006823764682973,5.0,4.913110571740564,39.9063_116.3836,0.0833333333333333,1,1,0.3159849068613689
0,39.906294,116.383588,102.0,2008-10-26,14:01:42,2008-10-26 14:01:42,14,26,Sunday,10,True,39.90628,116.38355,2008-10-26 14:01:37,0.0032414016131658,5.0,2.33380916147938,39.9063_116.3836,0.0833333333333333,1,1,0.3232258927640629
0,39.906315,116.383634,102.0,2008-10-26,14:01:47,2008-10-26 14:01:47,14,26,Sunday,10,True,39.906294,116.383588,2008-10-26 14:01:42,0.0039238747578137,5.0,2.825189825625888,39.9063_116.3836,0.0833333333333333,1,1,0.3190164125956023
0,39.906317,116.383692,101.0,2008-10-26,14:01:52,2008-10-26 14:01:52,14,26,Sunday,10,True,39.906315,116.383634,2008-10-26 14:01:47,0.0049472280817742,5.0,3.5620042188774264,39.9063_116.3837,0.0833333333333333,1,1,0.3203427486692796
0,39.90633,116.383769,101.0,2008-10-26,14:01:57,2008-10-26 14:01:57,14,26,Sunday,10,True,39.906317,116.383692,2008-10-26 14:01:52,0.0065679174810522,5.0,4.728900586357589,39.9063_116.3838,0.0833333333333333,1,1,0.3174195760852528
0,39.906329,116.383862,103.0,2008-10-26,14:02:02,2008-10-26 14:02:02,14,26,Sunday,10,True,39.90633,116.383769,2008-10-26 14:01:57,0.0079326205707803,5.0,5.71148681096186,39.9063_116.3839,0.0833333333333333,1,1,0.32034138241271815
0,39.906343,116.383951,103.0,2008-10-26,14:02:07,2008-10-26 14:02:07,14,26,Sunday,10,True,39.906329,116.383862,2008-10-26 14:02:02,0.0075914802638344,5.0,5.465865789960775,39.9063_116.384,0.0833333333333333,1,1,0.32034138241271815
0,39.906346,116.384057,104.0,2008-10-26,14:02:12,2008-10-26 14:02:12,14,26,Sunday,10,True,39.906343,116.383951,2008-10-26 14:02:07,0.0090414811360674,5.0,6.50986641796856,39.9063_116.3841,0.0833333333333333,1,1,0.3146520722919838
0,39.906357,116.384116,104.0,2008-10-26,14:02:17,2008-10-26 14:02:17,14,26,Sunday,10,True,39.906346,116.384057,2008-10-26 14:02:12,0.0050325662406128,5.0,3.623447693241244,39.9064_116.3841,0.0833333333333333,1,1,0.3203427486692796
0,39.906367,116.384197,106.0,2008-10-26,14:02:22,2008-10-26 14:02:22,14,26,Sunday,10,True,39.906357,116.384116,2008-10-26 14:02:17,0.006909080398741,5.0,4.9745378870935415,39.9064_116.3842,0.0833333333333333,1,1,0.3169865714026756
0,39.906369,116.38428,106.0,2008-10-26,14:02:27,2008-10-26 14:02:27,14,26,Sunday,10,True,39.906367,116.384197,2008-10-26 14:02:22,0.0070796474914206,5.0,5.097346193822836,39.9064_116.3843,0.0833333333333333,1,1,0.31618867159310016
0,39.906359,116.384351,106.0,2008-10-26,14:02:32,2008-10-26 14:02:32,14,26,Sunday,10,True,39.906369,116.38428,2008-10-26 14:02:27,0.0060561145368954,5.0,4.360402466564712,39.9064_116.3844,0.0833333333333333,1,1,0.3174195760852528
0,39.906356,116.384399,107.0,2008-10-26,14:02:37,2008-10-26 14:02:37,14,26,Sunday,10,True,39.906359,116.384351,2008-10-26 14:02:32,0.0040942581231445,5.0,2.9478658486640947,39.9064_116.3844,0.0833333333333333,1,1,0.31563366225745915
0,39.906344,116.384454,109.0,2008-10-26,14:02:42,2008-10-26 14:02:42,14,26,Sunday,10,True,39.906356,116.384399,2008-10-26 14:02:37,0.0046913910066795,5.0,3.3778015248092914,39.9063_116.3845,0.0833333333333333,1,1,0.31769128986665207
0,39.906338,116.384531,109.0,2008-10-26,14:02:47,2008-10-26 14:02:47,14,26,Sunday,10,True,39.906344,116.384454,2008-10-26 14:02:42,0.0065678776674935,5.0,4.7288719205953225,39.9063_116.3845,0.0833333333333333,1,1,0.3174195760852528
0,39.906347,116.384596,110.0,2008-10-26,14:02:52,2008-10-26 14:02:52,14,26,Sunday,10,True,39.906338,116.384531,2008-10-26 14:02:47,0.0055443309956181,5.0,3.9919183168450822,39.9063_116.3846,0.0833333333333333,1,1,0.31972574387730146
0,39.906354,116.384654,111.0,2008-10-26,14:02:57,2008-10-26 14:02:57,14,26,Sunday,10,True,39.906347,116.384596,2008-10-26 14:02:52,0.0049472427199574,5.0,3.562014758369372,39.9064_116.3847,0.0833333333333333,1,1,0.3203427486692796
0,39.906372,116.384714,111.0,2008-10-26,14:03:02,2008-10-26 14:03:02,14,26,Sunday,10,True,39.906354,116.384654,2008-10-26 14:02:57,0.0051179362884283,5.0,3.684914127668423,39.9064_116.3847,0.0833333333333333,1,1,0.3203427486692796
0,39.906377,116.384761,112.0,2008-10-26,14:03:07,2008-10-26 14:03:07,14,26,Sunday,10,True,39.906372,116.384714,2008-10-26 14:03:02,0.0040089677733891,5.0,2.8864567968402053,39.9064_116.3848,0.0833333333333333,1,1,0.3190164125956023
0,39.906401,116.384798,112.0,2008-10-26,14:03:12,2008-10-26 14:03:12,14,26,Sunday,10,True,39.906377,116.384761,2008-10-26 14:03:07,0.0031563296779243,5.0,2.2725573681055593,39.9064_116.3848,0.0833333333333333,1,1,0.3232258927640629
0,39.906405,116.384829,113.0,2008-10-26,14:03:17,2008-10-26 14:03:17,14,26,Sunday,10,True,39.906401,116.384798,2008-10-26 14:03:12,0.0026442153356877,5.0,1.9038350416951944,39.9064_116.3848,0.0833333333333333,1,1,0.3220673317464342
0,39.906396,116.384906,116.0,2008-10-26,14:03:22,2008-10-26 14:03:22,14,26,Sunday,10,True,39.906405,116.384829,2008-10-26 14:03:17,0.0065678848673168,5.0,4.7288771044681335,39.9064_116.3849,0.0833333333333333,1,1,0.3174195760852528
0,39.90638,116.384963,117.0,2008-10-26,14:03:27,2008-10-26 14:03:27,14,26,Sunday,10,True,39.906396,116.384906,2008-10-26 14:03:22,0.0048620235967727,5.0,3.5006569896763713,39.9064_116.385,0.0833333333333333,1,1,0.3203427486692796
0,39.906366,116.385039,118.0,2008-10-26,14:03:32,2008-10-26 14:03:32,14,26,Sunday,10,True,39.90638,116.384963,2008-10-26 14:03:27,0.0064826242782114,5.0,4.667489480312226,39.9064_116.385,0.0833333333333333,1,1,0.3174195760852528
0,39.906377,116.385101,119.0,2008-10-26,14:03:37,2008-10-26 14:03:37,14,26,Sunday,10,True,39.906366,116.385039,2008-10-26 14:03:32,0.0052884534015972,5.0,3.8076864491500464,39.9064_116.3851,0.0833333333333333,1,1,0.31972574387730146
0,39.906385,116.385165,121.0,2008-10-26,14:03:42,2008-10-26 14:03:42,14,26,Sunday,10,True,39.906377,116.385101,2008-10-26 14:03:37,0.0054590255156295,5.0,3.930498371253279,39.9064_116.3852,0.0833333333333333,1,1,0.31972574387730146
0,39.906415,116.385182,121.0,2008-10-26,14:03:47,2008-10-26 14:03:47,14,26,Sunday,10,True,39.906385,116.385165,2008-10-26 14:03:42,0.0014512157551767,5.0,1.044875343727278,39.9064_116.3852,0.0833333333333333,1,1,0.3272082035525534
0,39.906437,116.385295,123.0,2008-10-26,14:03:52,2008-10-26 14:03:52,14,26,Sunday,10,True,39.906415,116.385182,2008-10-26 14:03:47,0.0096386411782955,5.0,6.93982164837279,39.9064_116.3853,0.0833333333333333,1,1,0.3147870771256323
0,39.906431,116.385386,123.0,2008-10-26,14:03:57,2008-10-26 14:03:57,14,26,Sunday,10,True,39.906437,116.385295,2008-10-26 14:03:52,0.0077620232426292,5.0,5.588656734693045,39.9064_116.3854,0.0833333333333333,1,1,0.32034138241271815
0,39.906415,116.38544,123.0,2008-10-26,14:04:02,2008-10-26 14:04:02,14,26,Sunday,10,True,39.906431,116.385386,2008-10-26 14:03:57,0.0046061359929189,5.0,3.3164179149016246,39.9064_116.3854,0.0833333333333333,1,1,0.31769128986665207
0,39.906414,116.385515,122.0,2008-10-26,14:04:07,2008-10-26 14:04:07,14,26,Sunday,10,True,39.906415,116.38544,2008-10-26 14:04:02,0.0063972668197784,5.0,4.606032110240483,39.9064_116.3855,0.0833333333333333,1,1,0.3174195760852528
0,39.906407,116.385584,124.0,2008-10-26,14:04:12,2008-10-26 14:04:12,14,26,Sunday,10,True,39.906414,116.385515,2008-10-26 14:04:07,0.0058855012256728,5.0,4.237560882484465,39.9064_116.3856,0.0833333333333333,1,1,0.3174195760852528
0,39.906408,116.385675,128.0,2008-10-26,14:04:17,2008-10-26 14:04:17,14,26,Sunday,10,True,39.906407,116.385584,2008-10-26 14:04:12,0.0077620177546831,5.0,5.588652783371879,39.9064_116.3857,0.0833333333333333,1,1,0.32034138241271815
0,39.906396,116.385732,127.0,2008-10-26,14:04:22,2008-10-26 14:04:22,14,26,Sunday,10,True,39.906408,116.385675,2008-10-26 14:04:17,0.0048619792224405,5.0,3.5006250401571934,39.9064_116.3857,0.0833333333333333,1,1,0.3203427486692796
0,39.906408,116.385815,127.0,2008-10-26,14:04:27,2008-10-26 14:04:27,14,26,Sunday,10,True,39.906396,116.385732,2008-10-26 14:04:22,0.0070796812167521,5.0,5.0973704760615295,39.9064_116.3858,0.0833333333333333,1,1,0.31618867159310016
0,39.906393,116.385882,127.0,2008-10-26,14:04:32,2008-10-26 14:04:32,14,26,Sunday,10,True,39.906408,116.385815,2008-10-26 14:04:27,0.0057149667400202,5.0,4.114776052814561,39.9064_116.3859,0.0833333333333333,1,1,0.31972574387730146
0,39.906413,116.385928,125.0,2008-10-26,14:04:37,2008-10-26 14:04:37,14,26,Sunday,10,True,39.906393,116.385882,2008-10-26 14:04:32,0.0039238494407819,5.0,2.825171597363021,39.9064_116.3859,0.0833333333333333,1,1,0.3190164125956023
0,39.906424,116.385975,122.0,2008-10-26,14:04:42,2008-10-26 14:04:42,14,26,Sunday,10,True,39.906413,116.385928,2008-10-26 14:04:37,0.0040090102939469,5.0,2.8864874116418284,39.9064_116.386,0.0833333333333333,1,1,0.3190164125956023
0,39.906427,116.386043,121.0,2008-10-26,14:04:47,2008-10-26 14:04:47,14,26,Sunday,10,True,39.906424,116.385975,2008-10-26 14:04:42,0.0058001903074352,5.0,4.176137021353397,39.9064_116.386,0.0833333333333333,1,1,0.31972574387730146
0,39.906429,116.386108,120.0,2008-10-26,14:04:52,2008-10-26 14:04:52,14,26,Sunday,10,True,39.906427,116.386043,2008-10-26 14:04:47,0.0055442979211565,5.0,3.99189450323274,39.9064_116.3861,0.0833333333333333,1,1,0.31972574387730146
0,39.906411,116.386169,120.0,2008-10-26,14:04:57,2008-10-26 14:04:57,14,26,Sunday,10,True,39.906429,116.386108,2008-10-26 14:04:52,0.0052032269560562,5.0,3.746323408360479,39.9064_116.3862,0.0833333333333333,1,1,0.3203427486692796
0,39.9064,116.386229,119.0,2008-10-26,14:05:02,2008-10-26 14:05:02,14,26,Sunday,10,True,39.906411,116.386169,2008-10-26 14:04:57,0.0051178584173206,5.0,3.6848580604708383,39.9064_116.3862,0.0833333333333333,1,1,0.3203427486692796
0,39.906408,116.386302,121.0,2008-10-26,14:05:07,2008-10-26 14:05:07,14,26,Sunday,10,True,39.9064,116.386229,2008-10-26 14:05:02,0.0062266930622366,5.0,4.483219004810387,39.9064_116.3863,0.0833333333333333,1,1,0.3174195760852528
0,39.906418,116.386385,122.0,2008-10-26,14:05:12,2008-10-26 14:05:12,14,26,Sunday,10,True,39.906408,116.386302,2008-10-26 14:05:07,0.0070796683772558,5.0,5.0973612316242285,39.9064_116.3864,0.0833333333333333,1,1,0.31618867159310016
0,39.906421,116.386428,121.0,2008-10-26,14:05:17,2008-10-26 14:05:17,14,26,Sunday,10,True,39.906418,116.386385,2008-10-26 14:05:12,0.0036677704939917,5.0,2.6407947556740536,39.9064_116.3864,0.0833333333333333,1,1,0.3190164125956023
0,39.906421,116.386487,123.0,2008-10-26,14:05:22,2008-10-26 14:05:22,14,26,Sunday,10,True,39.906421,116.386428,2008-10-26 14:05:17,0.0050325158567826,5.0,3.623411416883479,39.9064_116.3865,0.0833333333333333,1,1,0.3203427486692796
0,39.90642,116.386547,124.0,2008-10-26,14:05:27,2008-10-26 14:05:27,14,26,Sunday,10,True,39.906421,116.386487,2008-10-26 14:05:22,0.0051178131395923,5.0,3.684825460506503,39.9064_116.3865,0.0833333333333333,1,1,0.3203427486692796
0,39.906436,116.386657,123.0,2008-10-26,14:05:32,2008-10-26 14:05:32,14,26,Sunday,10,True,39.90642,116.386547,2008-10-26 14:05:27,0.0093827071044463,5.0,6.755549115201405,39.9064_116.3867,0.0833333333333333,1,1,0.3147870771256323
0,39.906428,116.386776,122.0,2008-10-26,14:05:37,2008-10-26 14:05:37,14,26,Sunday,10,True,39.906436,116.386657,2008-10-26 14:05:32,0.0101503388352251,5.0,7.3082439613621295,39.9064_116.3868,0.0833333333333333,1,1,0.3147870771256323
0,39.906406,116.38689,121.0,2008-10-26,14:05:42,2008-10-26 14:05:42,14,26,Sunday,10,True,39.906428,116.386776,2008-10-26 14:05:37,0.0097239384986692,5.0,7.001235719041862,39.9064_116.3869,0.0833333333333333,1,1,0.3147870771256323
0,39.906417,116.386946,121.0,2008-10-26,14:05:47,2008-10-26 14:05:47,14,26,Sunday,10,True,39.906406,116.38689,2008-10-26 14:05:42,0.0047766735860283,5.0,3.43920498194042,39.9064_116.3869,0.0833333333333333,1,1,0.31769128986665207
0,39.906422,116.387009,122.0,2008-10-26,14:05:52,2008-10-26 14:05:52,14,26,Sunday,10,True,39.906417,116.386946,2008-10-26 14:05:47,0.0053737122516014,5.0,3.869072821153052,39.9064_116.387,0.0833333333333333,1,1,0.31972574387730146
0,39.906431,116.38707,122.0,2008-10-26,14:05:57,2008-10-26 14:05:57,14,26,Sunday,10,True,39.906422,116.387009,2008-10-26 14:05:52,0.0052031385119955,5.0,3.746259728636811,39.9064_116.3871,0.0833333333333333,1,1,0.3203427486692796
0,39.906426,116.387104,122.0,2008-10-26,14:06:02,2008-10-26 14:06:02,14,26,Sunday,10,True,39.906431,116.38707,2008-10-26 14:05:57,0.0029001097995213,5.0,2.088079055655406,39.9064_116.3871,0.0833333333333333,1,1,0.3220673317464342
0,39.906417,116.387185,122.0,2008-10-26,14:06:07,2008-10-26 14:06:07,14,26,Sunday,10,True,39.906426,116.387104,2008-10-26 14:06:02,0.0069090692207197,5.0,4.974529838918191,39.9064_116.3872,0.0833333333333333,1,1,0.3169865714026756
0,39.906412,116.387236,121.0,2008-10-26,14:06:12,2008-10-26 14:06:12,14,26,Sunday,10,True,39.906417,116.387185,2008-10-26 14:06:07,0.0043501520600484,5.0,3.1321094832348613,39.9064_116.3872,0.0833333333333333,1,1,0.31769128986665207
0,39.906412,116.387307,121.0,2008-10-26,14:06:17,2008-10-26 14:06:17,14,26,Sunday,10,True,39.906412,116.387236,2008-10-26 14:06:12,0.0060560791992172,5.0,4.360377023436438,39.9064_116.3873,0.0833333333333333,1,1,0.3174195760852528
0,39.906413,116.387389,122.0,2008-10-26,14:06:22,2008-10-26 14:06:22,14,26,Sunday,10,True,39.906412,116.387307,2008-10-26 14:06:17,0.0069943452076144,5.0,5.035928549482374,39.9064_116.3874,0.0833333333333333,1,1,0.31618867159310016
0,39.90641,116.387468,122.0,2008-10-26,14:06:27,2008-10-26 14:06:27,14,26,Sunday,10,True,39.906413,116.387389,2008-10-26 14:06:22,0.0067384568840963,5.0,4.851688956549363,39.9064_116.3875,0.0833333333333333,1,1,0.3159849068613689
0,39.906406,116.387537,123.0,2008-10-26,14:06:32,2008-10-26 14:06:32,14,26,Sunday,10,True,39.90641,116.387468,2008-10-26 14:06:27,0.0058854908813746,5.0,4.237553434589728,39.9064_116.3875,0.0833333333333333,1,1,0.3174195760852528
0,39.906415,116.387608,125.0,2008-10-26,14:06:37,2008-10-26 14:06:37,14,26,Sunday,10,True,39.906406,116.387537,2008-10-26 14:06:32,0.0060561045194404,5.0,4.36039525399713,39.9064_116.3876,0.0833333333333333,1,1,0.3174195760852528
0,39.906397,116.387674,126.0,2008-10-26,14:06:42,2008-10-26 14:06:42,14,26,Sunday,10,True,39.906415,116.387608,2008-10-26 14:06:37,0.0056297036237962,5.0,4.053386609133331,39.9064_116.3877,0.0833333333333333,1,1,0.31972574387730146
0,39.906396,116.387713,127.0,2008-10-26,14:06:47,2008-10-26 14:06:47,14,26,Sunday,10,True,39.906397,116.387674,2008-10-26 14:06:42,0.003326580033623,5.0,2.3951376242086257,39.9064_116.3877,0.0833333333333333,1,1,0.3232258927640629
0,39.906412,116.387775,128.0,2008-10-26,14:06:52,2008-10-26 14:06:52,14,26,Sunday,10,True,39.906396,116.387713,2008-10-26 14:06:47,0.0052884989655083,5.0,3.8077192551660337,39.9064_116.3878,0.0833333333333333,1,1,0.31972574387730146
0,39.906427,116.387824,130.0,2008-10-26,14:06:57,2008-10-26 14:06:57,14,26,Sunday,10,True,39.906412,116.387775,2008-10-26 14:06:52,0.0041796485353947,5.0,3.0093469454842388,39.9064_116.3878,0.0833333333333333,1,1,0.31769128986665207
0,39.90642,116.387902,130.0,2008-10-26,14:07:02,2008-10-26 14:07:02,14,26,Sunday,10,True,39.906427,116.387824,2008-10-26 14:06:57,0.006653170182541,5.0,4.790282531429585,39.9064_116.3879,0.0833333333333333,1,1,0.3174195760852528
0,39.906432,116.387928,129.0,2008-10-26,14:07:07,2008-10-26 14:07:07,14,26,Sunday,10,True,39.90642,116.387902,2008-10-26 14:07:02,0.0022178409657745,5.0,1.5968454953576627,39.9064_116.3879,0.0833333333333333,1,1,0.3265322715057353
0,39.906447,116.387992,127.0,2008-10-26,14:07:12,2008-10-26 14:07:12,14,26,Sunday,10,True,39.906432,116.387928,2008-10-26 14:07:07,0.0054590763939305,5.0,3.930535003629992,39.9064_116.388,0.0833333333333333,1,1,0.31972574387730146
0,39.906449,116.388069,125.0,2008-10-26,14:07:17,2008-10-26 14:07:17,14,26,Sunday,10,True,39.906447,116.387992,2008-10-26 14:07:12,0.0065678582355409,5.0,4.728857929589502,39.9064_116.3881,0.0833333333333333,1,1,0.3174195760852528
0,39.906453,116.388086,121.0,2008-10-26,14:07:22,2008-10-26 14:07:22,14,26,Sunday,10,True,39.906449,116.388069,2008-10-26 14:07:17,0.0014500670858502,5.0,1.0440483018121869,39.9065_116.3881,0.0833333333333333,1,1,0.3272082035525534
0,39.906463,116.38816,117.0,2008-10-26,14:07:27,2008-10-26 14:07:27,14,26,Sunday,10,True,39.906453,116.388086,2008-10-26 14:07:22,0.0063119954660309,5.0,4.544636735542247,39.9065_116.3882,0.0833333333333333,1,1,0.3174195760852528
0,39.90647,116.388208,115.0,2008-10-26,14:07:32,2008-10-26 14:07:32,14,26,Sunday,10,True,39.906463,116.38816,2008-10-26 14:07:27,0.0040942700074686,5.0,2.9478744053774064,39.9065_116.3882,0.0833333333333333,1,1,0.31563366225745915
0,39.906481,116.388252,112.0,2008-10-26,14:07:37,2008-10-26 14:07:37,14,26,Sunday,10,True,39.90647,116.388208,2008-10-26 14:07:32,0.003753120400101,5.0,2.702246688072732,39.9065_116.3883,0.0833333333333333,1,1,0.3190164125956023
0,39.90648,116.388301,112.0,2008-10-26,14:07:42,2008-10-26 14:07:42,14,26,Sunday,10,True,39.906481,116.388252,2008-10-26 14:07:37,0.004179543887992,5.0,3.009271599354294,39.9065_116.3883,0.0833333333333333,1,1,0.31769128986665207
0,39.906479,116.388351,112.0,2008-10-26,14:07:47,2008-10-26 14:07:47,14,26,Sunday,10,True,39.90648,116.388301,2008-10-26 14:07:42,0.0042648407458552,5.0,3.0706853370158034,39.9065_116.3884,0.0833333333333333,1,1,0.31769128986665207
0,39.90648,116.388409,111.0,2008-10-26,14:07:52,2008-10-26 14:07:52,14,26,Sunday,10,True,39.906479,116.388351,2008-10-26 14:07:47,0.0049472151331036,5.0,3.5619948958346535,39.9065_116.3884,0.0833333333333333,1,1,0.3203427486692796
0,39.906492,116.388435,109.0,2008-10-26,14:07:57,2008-10-26 14:07:57,14,26,Sunday,10,True,39.90648,116.388409,2008-10-26 14:07:52,0.0022178390236184,5.0,1.5968440970052746,39.9065_116.3884,0.0833333333333333,1,1,0.3265322715057353
0,39.906488,116.388504,109.0,2008-10-26,14:08:02,2008-10-26 14:08:02,14,26,Sunday,10,True,39.906492,116.388435,2008-10-26 14:07:57,0.0058854838369435,5.0,4.2375483625993695,39.9065_116.3885,0.0833333333333333,1,1,0.3174195760852528
0,39.906502,116.38854,109.0,2008-10-26,14:08:07,2008-10-26 14:08:07,14,26,Sunday,10,True,39.906488,116.388504,2008-10-26 14:08:02,0.0030708045257124,5.0,2.2109792585129853,39.9065_116.3885,0.0833333333333333,1,1,0.3220673317464342
0,39.906488,116.388619,107.0,2008-10-26,14:08:12,2008-10-26 14:08:12,14,26,Sunday,10,True,39.906502,116.38854,2008-10-26 14:08:07,0.0067385009318262,5.0,4.85172067091492,39.9065_116.3886,0.0833333333333333,1,1,0.3159849068613689
0,39.906493,116.38867,107.0,2008-10-26,14:08:17,2008-10-26 14:08:17,14,26,Sunday,10,True,39.906488,116.388619,2008-10-26 14:08:12,0.0043501472342844,5.0,3.132106008684807,39.9065_116.3887,0.0833333333333333,1,1,0.31769128986665207
0,39.906478,116.38872,106.0,2008-10-26,14:08:22,2008-10-26 14:08:22,14,26,Sunday,10,True,39.906493,116.38867,2008-10-26 14:08:17,0.0042649392811323,5.0,3.0707562824152825,39.9065_116.3887,0.0833333333333333,1,1,0.31769128986665207
0,39.906479,116.388759,105.0,2008-10-26,14:08:27,2008-10-26 14:08:27,14,26,Sunday,10,True,39.906478,116.38872,2008-10-26 14:08:22,0.0033265760507741,5.0,2.3951347565574146,39.9065_116.3888,0.0833333333333333,1,1,0.3232258927640629
0,39.90651,116.388821,106.0,2008-10-26,14:08:32,2008-10-26 14:08:32,14,26,Sunday,10,True,39.906479,116.388759,2008-10-26 14:08:27,0.005288743018967,5.0,3.807894973656278,39.9065_116.3888,0.0833333333333333,1,1,0.31972574387730146
0,39.906513,116.388871,106.0,2008-10-26,14:08:37,2008-10-26 14:08:37,14,26,Sunday,10,True,39.90651,116.388821,2008-10-26 14:08:32,0.0042648422862869,5.0,3.0706864461265786,39.9065_116.3889,0.0833333333333333,1,1,0.31769128986665207
0,39.906516,116.388925,105.0,2008-10-26,14:08:42,2008-10-26 14:08:42,14,26,Sunday,10,True,39.906513,116.388871,2008-10-26 14:08:37,0.0046060288555333,5.0,3.3163407759839787,39.9065_116.3889,0.0833333333333333,1,1,0.31769128986665207
0,39.906504,116.389008,106.0,2008-10-26,14:08:47,2008-10-26 14:08:47,14,26,Sunday,10,True,39.906516,116.388925,2008-10-26 14:08:42,0.0070796700574831,5.0,5.097362441387898,39.9065_116.389,0.0833333333333333,1,1,0.31618867159310016
0,39.906505,116.389117,104.0,2008-10-26,14:08:52,2008-10-26 14:08:52,14,26,Sunday,10,True,39.906504,116.389008,2008-10-26 14:08:47,0.009297348672421,5.0,6.694091044143142,39.9065_116.3891,0.0833333333333333,1,1,0.3140239238213223
0,39.906521,116.389189,104.0,2008-10-26,14:08:57,2008-10-26 14:08:57,14,26,Sunday,10,True,39.906505,116.389117,2008-10-26 14:08:52,0.0061414455346779,5.0,4.421840784968141,39.9065_116.3892,0.0833333333333333,1,1,0.3174195760852528
0,39.906515,116.389271,105.0,2008-10-26,14:09:02,2008-10-26 14:09:02,14,26,Sunday,10,True,39.906521,116.389189,2008-10-26 14:08:57,0.0069943438603514,5.0,5.0359275794530465,39.9065_116.3893,0.0833333333333333,1,1,0.31618867159310016
0,39.906503,116.389354,104.0,2008-10-26,14:09:07,2008-10-26 14:09:07,14,26,Sunday,10,True,39.906515,116.389271,2008-10-26 14:09:02,0.007079670160821,5.0,5.097362515791132,39.9065_116.3894,0.0833333333333333,1,1,0.31618867159310016
0,39.906508,116.389422,103.0,2008-10-26,14:09:12,2008-10-26 14:09:12,14,26,Sunday,10,True,39.906503,116.389354,2008-10-26 14:09:07,0.0058001887292646,5.0,4.176135885070549,39.9065_116.3894,0.0833333333333333,1,1,0.31972574387730146
0,39.906508,116.389482,103.0,2008-10-26,14:09:17,2008-10-26 14:09:17,14,26,Sunday,10,True,39.906508,116.389422,2008-10-26 14:09:12,0.0051178062363734,5.0,3.684820490188884,39.9065_116.3895,0.0833333333333333,1,1,0.3203427486692796
0,39.906507,116.389532,103.0,2008-10-26,14:09:22,2008-10-26 14:09:22,14,26,Sunday,10,True,39.906508,116.389482,2008-10-26 14:09:17,0.0042648390027976,5.0,3.070684082014298,39.9065_116.3895,0.0833333333333333,1,1,0.31769128986665207
0,39.906508,116.389613,103.0,2008-10-26,14:09:27,2008-10-26 14:09:27,14,26,Sunday,10,True,39.906507,116.389532,2008-10-26 14:09:22,0.0069090387410673,5.0,4.974507893568457,39.9065_116.3896,0.0833333333333333,1,1,0.3169865714026756
0,39.906525,116.389691,103.0,2008-10-26,14:09:32,2008-10-26 14:09:32,14,26,Sunday,10,True,39.906508,116.389613,2008-10-26 14:09:27,0.0066532290832325,5.0,4.790324939927466,39.9065_116.3897,0.0833333333333333,1,1,0.3174195760852528
0,39.906535,116.389733,103.0,2008-10-26,14:09:37,2008-10-26 14:09:37,14,26,Sunday,10,True,39.906525,116.389691,2008-10-26 14:09:32,0.0035825157819906,5.0,2.5794113630332496,39.9065_116.3897,0.0833333333333333,1,1,0.3190164125956023
0,39.906523,116.3898,104.0,2008-10-26,14:09:42,2008-10-26 14:09:42,14,26,Sunday,10,True,39.906535,116.389733,2008-10-26 14:09:37,0.0057149293285873,5.0,4.114749116582907,39.9065_116.3898,0.0833333333333333,1,1,0.31972574387730146
0,39.906548,116.389829,105.0,2008-10-26,14:09:47,2008-10-26 14:09:47,14,26,Sunday,10,True,39.906523,116.3898,2008-10-26 14:09:42,0.0024740811314817,5.0,1.7813384146668252,39.9065_116.3898,0.0833333333333333,1,1,0.3242947550315908
0,39.906549,116.38991,107.0,2008-10-26,14:09:52,2008-10-26 14:09:52,14,26,Sunday,10,True,39.906548,116.389829,2008-10-26 14:09:47,0.0069090346062823,5.0,4.974504916523262,39.9065_116.3899,0.0833333333333333,1,1,0.3169865714026756
0,39.906575,116.389972,107.0,2008-10-26,14:09:57,2008-10-26 14:09:57,14,26,Sunday,10,True,39.906549,116.38991,2008-10-26 14:09:52,0.0052886363261819,5.0,3.8078181548510206,39.9066_116.39,0.0833333333333333,1,1,0.31972574387730146
0,39.906572,116.390041,107.0,2008-10-26,14:10:02,2008-10-26 14:10:02,14,26,Sunday,10,True,39.906575,116.389972,2008-10-26 14:09:57,0.0058854744238286,5.0,4.237541585156651,39.9066_116.39,0.0833333333333333,1,1,0.3174195760852528
0,39.906577,116.390086,109.0,2008-10-26,14:10:07,2008-10-26 14:10:07,14,26,Sunday,10,True,39.906572,116.390041,2008-10-26 14:10:02,0.0038383632168019,5.0,2.7636215160974245,39.9066_116.3901,0.0833333333333333,1,1,0.3190164125956023
0,39.906566,116.39015,108.0,2008-10-26,14:10:12,2008-10-26 14:10:12,14,26,Sunday,10,True,39.906577,116.390086,2008-10-26 14:10:07,0.0054590300005941,5.0,3.930501600427773,39.9066_116.3902,0.0833333333333333,1,1,0.31972574387730146
0,39.906563,116.390184,109.0,2008-10-26,14:10:17,2008-10-26 14:10:17,14,26,Sunday,10,True,39.906566,116.39015,2008-10-26 14:10:12,0.0029000936528095,5.0,2.0880674300229085,39.9066_116.3902,0.0833333333333333,1,1,0.3220673317464342
0,39.906567,116.390237,109.0,2008-10-26,14:10:22,2008-10-26 14:10:22,14,26,Sunday,10,True,39.906563,116.390184,2008-10-26 14:10:17,0.0045207317450816,5.0,3.2549268564587597,39.9066_116.3902,0.0833333333333333,1,1,0.31769128986665207
0,39.906561,116.390298,109.0,2008-10-26,14:10:27,2008-10-26 14:10:27,14,26,Sunday,10,True,39.906567,116.390237,2008-10-26 14:10:22,0.0052031117833972,5.0,3.746240484046021,39.9066_116.3903,0.0833333333333333,1,1,0.3203427486692796
0,39.906552,116.390386,109.0,2008-10-26,14:10:32,2008-10-26 14:10:32,14,26,Sunday,10,True,39.906561,116.390298,2008-10-26 14:10:27,0.0075061308212384,5.0,5.404414191291688,39.9066_116.3904,0.0833333333333333,1,1,0.32034138241271815
0,39.906543,116.390445,108.0,2008-10-26,14:10:37,2008-10-26 14:10:37,14,26,Sunday,10,True,39.906552,116.390386,2008-10-26 14:10:32,0.0050325368737724,5.0,3.623426549116141,39.9065_116.3904,0.0833333333333333,1,1,0.3203427486692796
0,39.906548,116.390524,107.0,2008-10-26,14:10:42,2008-10-26 14:10:42,14,26,Sunday,10,True,39.906543,116.390445,2008-10-26 14:10:37,0.0067384481756154,5.0,4.851682686443129,39.9065_116.3905,0.0833333333333333,1,1,0.3159849068613689
0,39.906545,116.390589,109.0,2008-10-26,14:10:47,2008-10-26 14:10:47,14,26,Sunday,10,True,39.906548,116.390524,2008-10-26 14:10:42,0.0055442900307588,5.0,3.9918888221463944,39.9065_116.3906,0.0833333333333333,1,1,0.31972574387730146
0,39.906541,116.390652,108.0,2008-10-26,14:10:52,2008-10-26 14:10:52,14,26,Sunday,10,True,39.906545,116.390589,2008-10-26 14:10:47,0.0053736994093491,5.0,3.86906357473138,39.9065_116.3907,0.0833333333333333,1,1,0.31972574387730146
0,39.906554,116.390701,108.0,2008-10-26,14:10:57,2008-10-26 14:10:57,14,26,Sunday,10,True,39.906541,116.390652,2008-10-26 14:10:52,0.0041796154962827,5.0,3.0093231573235544,39.9066_116.3907,0.0833333333333333,1,1,0.31769128986665207
0,39.90654,116.390729,108.0,2008-10-26,14:11:02,2008-10-26 14:11:02,14,26,Sunday,10,True,39.906554,116.390701,2008-10-26 14:10:57,0.0023884627579447,5.0,1.7196931857202462,39.9065_116.3907,0.0833333333333333,1,1,0.3242947550315908
0,39.90654,116.390729,108.0,2008-10-26,14:11:05,2008-10-26 14:11:05,14,26,Sunday,10,True,39.90654,116.390729,2008-10-26 14:11:02,0.0,3.0,0.0,39.9065_116.3907,0.05,1,1,0.32782220398727174
0,39.906542,116.390736,107.0,2008-10-26,14:11:07,2008-10-26 14:11:07,14,26,Sunday,10,True,39.90654,116.390729,2008-10-26 14:11:05,0.0005970897234491,2.0,1.0747615022083952,39.9065_116.3907,0.0333333333333333,1,1,0.328342185205837
0,39.906551,116.390753,108.0,2008-10-26,14:11:12,2008-10-26 14:11:12,14,26,Sunday,10,True,39.906542,116.390736,2008-10-26 14:11:07,0.0014501494772776,5.0,1.0441076236399234,39.9066_116.3908,0.0833333333333333,1,1,0.3272082035525534
0,39.906552,116.390746,109.0,2008-10-26,14:11:17,2008-10-26 14:11:17,14,26,Sunday,10,True,39.906551,116.390753,2008-10-26 14:11:12,0.0005970801700077,5.0,0.4298977224055864,39.9066_116.3907,0.0833333333333333,1,1,0.3285279612545728
0,39.906552,116.390746,109.0,2008-10-26,14:11:20,2008-10-26 14:11:20,14,26,Sunday,10,True,39.906552,116.390746,2008-10-26 14:11:17,0.0,3.0,0.0,39.9066_116.3907,0.05,1,1,0.32782220398727174
0,39.906557,116.390744,109.0,2008-10-26,14:11:22,2008-10-26 14:11:22,14,26,Sunday,10,True,39.906552,116.390746,2008-10-26 14:11:20,0.0001708691788017,2.0,0.3075645218431765,39.9066_116.3907,0.0333333333333333,1,1,0.32782220398727174
0,39.906564,116.390756,109.0,2008-10-26,14:11:27,2008-10-26 14:11:27,14,26,Sunday,10,True,39.906557,116.390744,2008-10-26 14:11:22,0.0010236506110797,5.0,0.7370284399774368,39.9066_116.3908,0.0833333333333333,1,1,0.32739459600136905
0,39.906558,116.390787,109.0,2008-10-26,14:11:32,2008-10-26 14:11:32,14,26,Sunday,10,True,39.906564,116.390756,2008-10-26 14:11:27,0.0026442234825753,5.0,1.9038409074542273,39.9066_116.3908,0.0833333333333333,1,1,0.3220673317464342
0,39.906541,116.390812,109.0,2008-10-26,14:11:37,2008-10-26 14:11:37,14,26,Sunday,10,True,39.906558,116.390787,2008-10-26 14:11:32,0.0021326731806712,5.0,1.5355246900832769,39.9065_116.3908,0.0833333333333333,1,1,0.3265322715057353
0,39.906553,116.390879,108.0,2008-10-26,14:11:42,2008-10-26 14:11:42,14,26,Sunday,10,True,39.906541,116.390812,2008-10-26 14:11:37,0.0057149278282908,5.0,4.114748036369383,39.9066_116.3909,0.0833333333333333,1,1,0.31972574387730146
0,39.906545,116.390943,108.0,2008-10-26,14:11:47,2008-10-26 14:11:47,14,26,Sunday,10,True,39.906553,116.390879,2008-10-26 14:11:42,0.0054590121290075,5.0,3.9304887328854288,39.9065_116.3909,0.0833333333333333,1,1,0.31972574387730146
0,39.906543,116.391008,104.0,2008-10-26,14:11:52,2008-10-26 14:11:52,14,26,Sunday,10,True,39.906545,116.390943,2008-10-26 14:11:47,0.005544288534761,5.0,3.9918877450279497,39.9065_116.391,0.0833333333333333,1,1,0.31972574387730146
0,39.906549,116.391065,102.0,2008-10-26,14:11:57,2008-10-26 14:11:57,14,26,Sunday,10,True,39.906543,116.391008,2008-10-26 14:11:52,0.0048619271713116,5.0,3.5005875633444177,39.9065_116.3911,0.0833333333333333,1,1,0.3203427486692796
0,39.906542,116.391143,100.0,2008-10-26,14:12:02,2008-10-26 14:12:02,14,26,Sunday,10,True,39.906549,116.391065,2008-10-26 14:11:57,0.0066531583347549,5.0,4.790274001023547,39.9065_116.3911,0.0833333333333333,1,1,0.3174195760852528
0,39.906515,116.391201,99.0,2008-10-26,14:12:07,2008-10-26 14:12:07,14,26,Sunday,10,True,39.906542,116.391143,2008-10-26 14:12:02,0.0049474887054722,5.0,3.5621918679400086,39.9065_116.3912,0.0833333333333333,1,1,0.3203427486692796
0,39.906517,116.391276,99.0,2008-10-26,14:12:12,2008-10-26 14:12:12,14,26,Sunday,10,True,39.906515,116.391201,2008-10-26 14:12:07,0.0063972582262444,5.0,4.606025922896038,39.9065_116.3913,0.0833333333333333,1,1,0.3174195760852528
0,39.906523,116.391325,100.0,2008-10-26,14:12:17,2008-10-26 14:12:17,14,26,Sunday,10,True,39.906517,116.391276,2008-10-26 14:12:12,0.0041795572470596,5.0,3.0092812178829553,39.9065_116.3913,0.0833333333333333,1,1,0.31769128986665207
0,39.906533,116.391411,97.0,2008-10-26,14:12:22,2008-10-26 14:12:22,14,26,Sunday,10,True,39.906523,116.391325,2008-10-26 14:12:17,0.0073355458031413,5.0,5.281592978261737,39.9065_116.3914,0.0833333333333333,1,1,0.32034138241271815
0,39.906551,116.391451,96.0,2008-10-26,14:12:27,2008-10-26 14:12:27,14,26,Sunday,10,True,39.906533,116.391411,2008-10-26 14:12:22,0.0034120479587644,5.0,2.456674530310409,39.9066_116.3915,0.0833333333333333,1,1,0.3232258927640629
0,39.906553,116.391523,96.0,2008-10-26,14:12:32,2008-10-26 14:12:32,14,26,Sunday,10,True,39.906551,116.391451,2008-10-26 14:12:27,0.0061413647656747,5.0,4.42178263128579,39.9066_116.3915,0.0833333333333333,1,1,0.3174195760852528
0,39.90658,116.391564,95.0,2008-10-26,14:12:37,2008-10-26 14:12:37,14,26,Sunday,10,True,39.906553,116.391523,2008-10-26 14:12:32,0.0034975571460489,5.0,2.518241145155224,39.9066_116.3916,0.0833333333333333,1,1,0.3190164125956023
0,39.906585,116.391623,93.0,2008-10-26,14:12:42,2008-10-26 14:12:42,14,26,Sunday,10,True,39.90658,116.391564,2008-10-26 14:12:37,0.0050325133473295,5.0,3.62340961007728,39.9066_116.3916,0.0833333333333333,1,1,0.3203427486692796
0,39.906558,116.39168,93.0,2008-10-26,14:12:47,2008-10-26 14:12:47,14,26,Sunday,10,True,39.906585,116.391623,2008-10-26 14:12:42,0.0048621937771794,5.0,3.500779519569214,39.9066_116.3917,0.0833333333333333,1,1,0.3203427486692796
0,39.906517,116.391751,92.0,2008-10-26,14:12:52,2008-10-26 14:12:52,14,26,Sunday,10,True,39.906558,116.39168,2008-10-26 14:12:47,0.0060565908057689,5.0,4.3607453801536105,39.9065_116.3918,0.0833333333333333,1,1,0.3174195760852528
0,39.906512,116.391798,92.0,2008-10-26,14:12:57,2008-10-26 14:12:57,14,26,Sunday,10,True,39.906517,116.391751,2008-10-26 14:12:52,0.0040089595810497,5.0,2.886450898355849,39.9065_116.3918,0.0833333333333333,1,1,0.3190164125956023
0,39.906511,116.391882,91.0,2008-10-26,14:13:02,2008-10-26 14:13:02,14,26,Sunday,10,True,39.906512,116.391798,2008-10-26 14:12:57,0.0071649286272303,5.0,5.158748611605852,39.9065_116.3919,0.0833333333333333,1,1,0.31618867159310016
0,39.906509,116.39194,91.0,2008-10-26,14:13:07,2008-10-26 14:13:07,14,26,Sunday,10,True,39.906511,116.391882,2008-10-26 14:13:02,0.0049472140738094,5.0,3.5619941331427833,39.9065_116.3919,0.0833333333333333,1,1,0.3203427486692796
0,39.906511,116.391997,91.0,2008-10-26,14:13:12,2008-10-26 14:13:12,14,26,Sunday,10,True,39.906509,116.39194,2008-10-26 14:13:07,0.0048619173314161,5.0,3.5005804786196255,39.9065_116.392,0.0833333333333333,1,1,0.3203427486692796
0,39.906522,116.392062,91.0,2008-10-26,14:13:17,2008-10-26 14:13:17,14,26,Sunday,10,True,39.906511,116.391997,2008-10-26 14:13:12,0.0055443304995307,5.0,3.991917959662152,39.9065_116.3921,0.0833333333333333,1,1,0.31972574387730146
0,39.906513,116.392124,90.0,2008-10-26,14:13:22,2008-10-26 14:13:22,14,26,Sunday,10,True,39.906522,116.392062,2008-10-26 14:13:17,0.0052884278877331,5.0,3.807668079167843,39.9065_116.3921,0.0833333333333333,1,1,0.31972574387730146
0,39.906518,116.392201,90.0,2008-10-26,14:13:27,2008-10-26 14:13:27,14,26,Sunday,10,True,39.906513,116.392124,2008-10-26 14:13:22,0.0065678577857438,5.0,4.728857605735601,39.9065_116.3922,0.0833333333333333,1,1,0.3174195760852528
0,39.906521,116.392264,89.0,2008-10-26,14:13:32,2008-10-26 14:13:32,14,26,Sunday,10,True,39.906518,116.392201,2008-10-26 14:13:27,0.0053736987995094,5.0,3.8690631356467904,39.9065_116.3923,0.0833333333333333,1,1,0.31972574387730146
0,39.906524,116.392336,89.0,2008-10-26,14:13:37,2008-10-26 14:13:37,14,26,Sunday,10,True,39.906521,116.392264,2008-10-26 14:13:32,0.0061413689433469,5.0,4.421785639209803,39.9065_116.3923,0.0833333333333333,1,1,0.3174195760852528
0,39.906502,116.39241,89.0,2008-10-26,14:13:42,2008-10-26 14:13:42,14,26,Sunday,10,True,39.906524,116.392336,2008-10-26 14:13:37,0.0063121049647078,5.0,4.544715574589665,39.9065_116.3924,0.0833333333333333,1,1,0.3174195760852528
0,39.906511,116.392485,89.0,2008-10-26,14:13:47,2008-10-26 14:13:47,14,26,Sunday,10,True,39.906502,116.39241,2008-10-26 14:13:42,0.0063972817789497,5.0,4.6060428808438445,39.9065_116.3925,0.0833333333333333,1,1,0.3174195760852528
0,39.906521,116.392511,89.0,2008-10-26,14:13:52,2008-10-26 14:13:52,14,26,Sunday,10,True,39.906511,116.392485,2008-10-26 14:13:47,0.0022178006913077,5.0,1.5968164977415515,39.9065_116.3925,0.0833333333333333,1,1,0.3265322715057353
0,39.906518,116.392529,89.0,2008-10-26,14:13:57,2008-10-26 14:13:57,14,26,Sunday,10,True,39.906521,116.392511,2008-10-26 14:13:52,0.0015353526518471,5.0,1.1054539093299387,39.9065_116.3925,0.0833333333333333,1,1,0.3272082035525534
0,39.906519,116.39253,89.0,2008-10-26,14:14:02,2008-10-26 14:14:02,14,26,Sunday,10,True,39.906518,116.392529,2008-10-26 14:13:57,8.531883257869121e-05,5.0,0.0614295594566576,39.9065_116.3925,0.0833333333333333,1,1,0.32782220398727174
0,39.906519,116.39253,89.0,2008-10-26,14:14:05,2008-10-26 14:14:05,14,26,Sunday,10,True,39.906519,116.39253,2008-10-26 14:14:02,0.0,3.0,0.0,39.9065_116.3925,0.05,1,1,0.32782220398727174
0,39.906521,116.392532,89.0,2008-10-26,14:14:07,2008-10-26 14:14:07,14,26,Sunday,10,True,39.906519,116.39253,2008-10-26 14:14:05,0.0001706376626339,2.0,0.3071477927410665,39.9065_116.3925,0.0333333333333333,1,1,0.32782220398727174
0,39.906517,116.392605,89.0,2008-10-26,14:14:12,2008-10-26 14:14:12,14,26,Sunday,10,True,39.906521,116.392532,2008-10-26 14:14:07,0.00622666809306,5.0,4.4832010270032185,39.9065_116.3926,0.0833333333333333,1,1,0.3174195760852528
0,39.906523,116.392679,89.0,2008-10-26,14:14:17,2008-10-26 14:14:17,14,26,Sunday,10,True,39.906517,116.392605,2008-10-26 14:14:12,0.0063119706592764,5.0,4.5446188746790135,39.9065_116.3927,0.0833333333333333,1,1,0.3174195760852528
0,39.906553,116.392755,90.0,2008-10-26,14:14:22,2008-10-26 14:14:22,14,26,Sunday,10,True,39.906523,116.392679,2008-10-26 14:14:17,0.0064828131725126,5.0,4.667625484209118,39.9066_116.3928,0.0833333333333333,1,1,0.3174195760852528
0,39.906577,116.392837,91.0,2008-10-26,14:14:27,2008-10-26 14:14:27,14,26,Sunday,10,True,39.906553,116.392755,2008-10-26 14:14:22,0.006994484454084,5.0,5.03602880694055,39.9066_116.3928,0.0833333333333333,1,1,0.31618867159310016
0,39.906584,116.392889,96.0,2008-10-26,14:14:32,2008-10-26 14:14:32,14,26,Sunday,10,True,39.906577,116.392837,2008-10-26 14:14:27,0.0044354481814223,5.0,3.193522690624099,39.9066_116.3929,0.0833333333333333,1,1,0.31769128986665207
0,39.90659,116.392952,98.0,2008-10-26,14:14:37,2008-10-26 14:14:37,14,26,Sunday,10,True,39.906584,116.392889,2008-10-26 14:14:32,0.0053737029670163,5.0,3.8690661362517775,39.9066_116.393,0.0833333333333333,1,1,0.31972574387730146
0,39.90661,116.393017,99.0,2008-10-26,14:14:42,2008-10-26 14:14:42,14,26,Sunday,10,True,39.90659,116.392952,2008-10-26 14:14:37,0.0055444185080227,5.0,3.991981325776352,39.9066_116.393,0.0833333333333333,1,1,0.31972574387730146
0,39.906594,116.393105,101.0,2008-10-26,14:14:47,2008-10-26 14:14:47,14,26,Sunday,10,True,39.90661,116.393017,2008-10-26 14:14:42,0.0075061697412634,5.0,5.404442213709696,39.9066_116.3931,0.0833333333333333,1,1,0.32034138241271815
0,39.906583,116.393182,101.0,2008-10-26,14:14:52,2008-10-26 14:14:52,14,26,Sunday,10,True,39.906594,116.393105,2008-10-26 14:14:47,0.0065678783120664,5.0,4.728872384687846,39.9066_116.3932,0.0833333333333333,1,1,0.3174195760852528
0,39.906576,116.39323,97.0,2008-10-26,14:14:57,2008-10-26 14:14:57,14,26,Sunday,10,True,39.906583,116.393182,2008-10-26 14:14:52,0.0040942632543975,5.0,2.9478695431662683,39.9066_116.3932,0.0833333333333333,1,1,0.31563366225745915
0,39.906587,116.393274,98.0,2008-10-26,14:15:02,2008-10-26 14:15:02,14,26,Sunday,10,True,39.906576,116.39323,2008-10-26 14:14:57,0.0037531145945301,5.0,2.7022425080616825,39.9066_116.3933,0.0833333333333333,1,1,0.3190164125956023
0,39.90659,116.393343,98.0,2008-10-26,14:15:07,2008-10-26 14:15:07,14,26,Sunday,10,True,39.906587,116.393274,2008-10-26 14:15:02,0.0058854731352092,5.0,4.23754065735063,39.9066_116.3933,0.0833333333333333,1,1,0.3174195760852528
0,39.906591,116.393423,98.0,2008-10-26,14:15:12,2008-10-26 14:15:12,14,26,Sunday,10,True,39.90659,116.393343,2008-10-26 14:15:07,0.0068237337063843,5.0,4.913088268596763,39.9066_116.3934,0.0833333333333333,1,1,0.3159849068613689
0,39.906578,116.39351,98.0,2008-10-26,14:15:17,2008-10-26 14:15:17,14,26,Sunday,10,True,39.906591,116.393423,2008-10-26 14:15:12,0.0074208536437274,5.0,5.343014623483758,39.9066_116.3935,0.0833333333333333,1,1,0.32034138241271815
0,39.906564,116.393581,101.0,2008-10-26,14:15:22,2008-10-26 14:15:22,14,26,Sunday,10,True,39.906578,116.39351,2008-10-26 14:15:17,0.0060561260905342,5.0,4.360410785184625,39.9066_116.3936,0.0833333333333333,1,1,0.3174195760852528
0,39.904292,116.394204,488.0,2008-10-26,14:16:57,2008-10-26 14:16:57,14,26,Sunday,10,True,39.906564,116.393581,2008-10-26 14:15:22,0.0533233415411737,95.0,2.0206739952444774,39.9043_116.3942,1.5833333333333333,1,1,0.2346816713655845
0,39.905421,116.393726,199.0,2008-10-26,14:17:02,2008-10-26 14:17:02,14,26,Sunday,10,True,39.904292,116.394204,2008-10-26 14:16:57,0.0408316691241926,5.0,29.39880176941872,39.9054_116.3937,0.0833333333333333,1,1,0.23470743232446412
0,39.905396,116.39368,194.0,2008-10-26,14:17:07,2008-10-26 14:17:07,14,26,Sunday,10,True,39.905421,116.393726,2008-10-26 14:17:02,0.0039240143752928,5.0,2.8252903502108393,39.9054_116.3937,0.0833333333333333,1,1,0.3190164125956023
0,39.90537,116.393702,194.0,2008-10-26,14:17:12,2008-10-26 14:17:12,14,26,Sunday,10,True,39.905396,116.39368,2008-10-26 14:17:07,0.0018772380344248,5.0,1.351611384785907,39.9054_116.3937,0.0833333333333333,1,1,0.3280740683898042
0,39.905329,116.393672,199.0,2008-10-26,14:17:17,2008-10-26 14:17:17,14,26,Sunday,10,True,39.90537,116.393702,2008-10-26 14:17:12,0.0025601831805664,5.0,1.8433318900078488,39.9053_116.3937,0.0833333333333333,1,1,0.3242947550315908
0,39.905313,116.39367,174.0,2008-10-26,14:17:22,2008-10-26 14:17:22,14,26,Sunday,10,True,39.905329,116.393672,2008-10-26 14:17:17,0.00017339942069,5.0,0.1248475828968112,39.9053_116.3937,0.0833333333333333,1,1,0.32782220398727174
0,39.905272,116.393644,183.0,2008-10-26,14:17:27,2008-10-26 14:17:27,14,26,Sunday,10,True,39.905313,116.39367,2008-10-26 14:17:22,0.0022191823336028,5.0,1.597811280194022,39.9053_116.3936,0.0833333333333333,1,1,0.3265322715057353
0,39.905221,116.393664,190.0,2008-10-26,14:17:32,2008-10-26 14:17:32,14,26,Sunday,10,True,39.905272,116.393644,2008-10-26 14:17:27,0.0017088356190796,5.0,1.2303616457373352,39.9052_116.3937,0.0833333333333333,1,1,0.3280740683898042
0,39.905187,116.393671,188.0,2008-10-26,14:17:37,2008-10-26 14:17:37,14,26,Sunday,10,True,39.905221,116.393664,2008-10-26 14:17:32,0.0006007236688024,5.0,0.4325210415377866,39.9052_116.3937,0.0833333333333333,1,1,0.3285279612545728
0,39.905144,116.39368,164.0,2008-10-26,14:17:42,2008-10-26 14:17:42,14,26,Sunday,10,True,39.905187,116.393671,2008-10-26 14:17:37,0.0007722083964478,5.0,0.5559900454424588,39.9051_116.3937,0.0833333333333333,1,1,0.32864751856490987
0,39.90511,116.393681,140.0,2008-10-26,14:17:47,2008-10-26 14:17:47,14,26,Sunday,10,True,39.905144,116.39368,2008-10-26 14:17:42,0.0001078414257365,5.0,0.077645826530294,39.9051_116.3937,0.0833333333333333,1,1,0.32782220398727174
0,39.905083,116.393642,140.0,2008-10-26,14:17:52,2008-10-26 14:17:52,14,26,Sunday,10,True,39.90511,116.393681,2008-10-26 14:17:47,0.0033270552470504,5.0,2.395479777876337,39.9051_116.3936,0.0833333333333333,1,1,0.3232258927640629
0,39.90511,116.393613,142.0,2008-10-26,14:17:57,2008-10-26 14:17:57,14,26,Sunday,10,True,39.905083,116.393642,2008-10-26 14:17:52,0.0024742122349478,5.0,1.781432809162455,39.9051_116.3936,0.0833333333333333,1,1,0.3242947550315908
0,39.905105,116.393576,128.0,2008-10-26,14:18:02,2008-10-26 14:18:02,14,26,Sunday,10,True,39.90511,116.393613,2008-10-26 14:17:57,0.0031560599452512,5.0,2.272363160580892,39.9051_116.3936,0.0833333333333333,1,1,0.3232258927640629
0,39.905082,116.393568,123.0,2008-10-26,14:18:07,2008-10-26 14:18:07,14,26,Sunday,10,True,39.905105,116.393576,2008-10-26 14:18:02,0.000683846580244,5.0,0.4923695377757334,39.9051_116.3936,0.0833333333333333,1,1,0.3285279612545728
0,39.905038,116.393547,123.0,2008-10-26,14:18:12,2008-10-26 14:18:12,14,26,Sunday,10,True,39.905082,116.393568,2008-10-26 14:18:07,0.0017933042359449,5.0,1.291179049880384,39.905_116.3935,0.0833333333333333,1,1,0.3280740683898042
0,39.905033,116.393582,119.0,2008-10-26,14:18:17,2008-10-26 14:18:17,14,26,Sunday,10,True,39.905038,116.393547,2008-10-26 14:18:12,0.0029854669057679,5.0,2.1495361721529074,39.905_116.3936,0.0833333333333333,1,1,0.3220673317464342
0,39.905004,116.393555,114.0,2008-10-26,14:18:22,2008-10-26 14:18:22,14,26,Sunday,10,True,39.905033,116.393582,2008-10-26 14:18:17,0.0023037504506322,5.0,1.6587003244552168,39.905_116.3936,0.0833333333333333,1,1,0.3265322715057353
0,39.904985,116.393576,106.0,2008-10-26,14:18:27,2008-10-26 14:18:27,14,26,Sunday,10,True,39.905004,116.393555,2008-10-26 14:18:22,0.0017916512376781,5.0,1.289988891128272,39.905_116.3936,0.0833333333333333,1,1,0.3280740683898042
0,39.90494,116.393549,100.0,2008-10-26,14:18:32,2008-10-26 14:18:32,14,26,Sunday,10,True,39.904985,116.393576,2008-10-26 14:18:27,0.0023047199861733,5.0,1.659398390044806,39.9049_116.3935,0.0833333333333333,1,1,0.3265322715057353
0,39.904898,116.393548,101.0,2008-10-26,14:18:37,2008-10-26 14:18:37,14,26,Sunday,10,True,39.90494,116.393549,2008-10-26 14:18:32,0.0001179821138956,5.0,0.0849471220048955,39.9049_116.3935,0.0833333333333333,1,1,0.32782220398727174
0,39.90486,116.393513,101.0,2008-10-26,14:18:42,2008-10-26 14:18:42,14,26,Sunday,10,True,39.904898,116.393548,2008-10-26 14:18:37,0.0029863686751561,5.0,2.150185446112421,39.9049_116.3935,0.0833333333333333,1,1,0.3220673317464342
0,39.904838,116.393498,102.0,2008-10-26,14:18:47,2008-10-26 14:18:47,14,26,Sunday,10,True,39.90486,116.393513,2008-10-26 14:18:42,0.0012801947136204,5.0,0.921740193806692,39.9048_116.3935,0.0833333333333333,1,1,0.32739459600136905
0,39.904798,116.393523,104.0,2008-10-26,14:18:52,2008-10-26 14:18:52,14,26,Sunday,10,True,39.904838,116.393498,2008-10-26 14:18:47,0.0021338843647884,5.0,1.53639674264769,39.9048_116.3935,0.0833333333333333,1,1,0.3265322715057353
0,39.904785,116.393521,105.0,2008-10-26,14:18:57,2008-10-26 14:18:57,14,26,Sunday,10,True,39.904798,116.393523,2008-10-26 14:18:52,0.0001724532791092,5.0,0.1241663609586497,39.9048_116.3935,0.0833333333333333,1,1,0.32782220398727174
0,39.904785,116.393521,105.0,2008-10-26,14:19:00,2008-10-26 14:19:00,14,26,Sunday,10,True,39.904785,116.393521,2008-10-26 14:18:57,0.0,3.0,0.0,39.9048_116.3935,0.05,1,1,0.32782220398727174
0,39.904778,116.393518,105.0,2008-10-26,14:19:02,2008-10-26 14:19:02,14,26,Sunday,10,True,39.904785,116.393521,2008-10-26 14:19:00,0.0002562571074368,2.0,0.4612627933862772,39.9048_116.3935,0.0333333333333333,1,1,0.32782220398727174
0,39.904728,116.393508,97.0,2008-10-26,14:19:07,2008-10-26 14:19:07,14,26,Sunday,10,True,39.904778,116.393518,2008-10-26 14:19:02,0.0008584912026702,5.0,0.6181136659225813,39.9047_116.3935,0.0833333333333333,1,1,0.32864751856490987
0,39.904674,116.393491,95.0,2008-10-26,14:19:12,2008-10-26 14:19:12,14,26,Sunday,10,True,39.904728,116.393508,2008-10-26 14:19:07,0.0014538653609837,5.0,1.046783059908306,39.9047_116.3935,0.0833333333333333,1,1,0.3272082035525534
0,39.904657,116.393522,94.0,2008-10-26,14:19:17,2008-10-26 14:19:17,14,26,Sunday,10,True,39.904674,116.393491,2008-10-26 14:19:12,0.0026444768129903,5.0,1.9040233053530589,39.9047_116.3935,0.0833333333333333,1,1,0.3220673317464342
0,39.904546,116.393512,92.0,2008-10-26,14:19:22,2008-10-26 14:19:22,14,26,Sunday,10,True,39.904657,116.393522,2008-10-26 14:19:17,0.0008797727134138,5.0,0.6334363536580072,39.9045_116.3935,0.0833333333333333,1,1,0.32864751856490987
0,39.904449,116.393518,81.0,2008-10-26,14:19:27,2008-10-26 14:19:27,14,26,Sunday,10,True,39.904546,116.393512,2008-10-26 14:19:22,0.0005453188913354,5.0,0.3926296017615043,39.9044_116.3935,0.0833333333333333,1,1,0.3285279612545728
0,39.904373,116.393509,85.0,2008-10-26,14:19:32,2008-10-26 14:19:32,14,26,Sunday,10,True,39.904449,116.393518,2008-10-26 14:19:27,0.0007817348532103,5.0,0.562849094311485,39.9044_116.3935,0.0833333333333333,1,1,0.32864751856490987
0,39.904322,116.39352,89.0,2008-10-26,14:19:37,2008-10-26 14:19:37,14,26,Sunday,10,True,39.904373,116.393509,2008-10-26 14:19:32,0.000943499930649,5.0,0.6793199500673198,39.9043_116.3935,0.0833333333333333,1,1,0.32864751856490987
0,39.904255,116.39349,88.0,2008-10-26,14:19:42,2008-10-26 14:19:42,14,26,Sunday,10,True,39.904322,116.39352,2008-10-26 14:19:37,0.002562287402895,5.0,1.844846930084436,39.9043_116.3935,0.0833333333333333,1,1,0.3242947550315908
0,39.904186,116.393488,87.0,2008-10-26,14:19:47,2008-10-26 14:19:47,14,26,Sunday,10,True,39.904255,116.39349,2008-10-26 14:19:42,0.0002168775167287,5.0,0.156151812044669,39.9042_116.3935,0.0833333333333333,1,1,0.32782220398727174
0,39.904149,116.393491,86.0,2008-10-26,14:19:52,2008-10-26 14:19:52,14,26,Sunday,10,True,39.904186,116.393488,2008-10-26 14:19:47,0.0002657828173981,5.0,0.1913636285266606,39.9041_116.3935,0.0833333333333333,1,1,0.32782220398727174
0,39.904063,116.393474,85.0,2008-10-26,14:19:57,2008-10-26 14:19:57,14,26,Sunday,10,True,39.904149,116.393491,2008-10-26 14:19:52,0.0014596692822502,5.0,1.0509618832201562,39.9041_116.3935,0.0833333333333333,1,1,0.3272082035525534
0,39.903996,116.393465,84.0,2008-10-26,14:20:02,2008-10-26 14:20:02,14,26,Sunday,10,True,39.904063,116.393474,2008-10-26 14:19:57,0.0007786325224251,5.0,0.5606154161461074,39.904_116.3935,0.0833333333333333,1,1,0.32864751856490987
0,39.903925,116.39345,86.0,2008-10-26,14:20:07,2008-10-26 14:20:07,14,26,Sunday,10,True,39.903996,116.393465,2008-10-26 14:20:02,0.0012868971909465,5.0,0.9265659774815328,39.9039_116.3934,0.0833333333333333,1,1,0.32739459600136905
0,39.90385,116.393436,83.0,2008-10-26,14:20:12,2008-10-26 14:20:12,14,26,Sunday,10,True,39.903925,116.39345,2008-10-26 14:20:07,0.0012030380973943,5.0,0.8661874301239105,39.9038_116.3934,0.0833333333333333,1,1,0.32739459600136905
0,39.903829,116.393478,82.0,2008-10-26,14:20:17,2008-10-26 14:20:17,14,26,Sunday,10,True,39.90385,116.393436,2008-10-26 14:20:12,0.0035828357062114,5.0,2.579641708472241,39.9038_116.3935,0.0833333333333333,1,1,0.3190164125956023
0,39.903783,116.393463,85.0,2008-10-26,14:20:22,2008-10-26 14:20:22,14,26,Sunday,10,True,39.903829,116.393478,2008-10-26 14:20:17,0.0012826126024757,5.0,0.9234810737825598,39.9038_116.3935,0.0833333333333333,1,1,0.32739459600136905
0,39.903757,116.393457,85.0,2008-10-26,14:20:27,2008-10-26 14:20:27,14,26,Sunday,10,True,39.903783,116.393463,2008-10-26 14:20:22,0.0005142824301486,5.0,0.3702833497070413,39.9038_116.3935,0.0833333333333333,1,1,0.3285279612545728
0,39.903693,116.393401,83.0,2008-10-26,14:20:32,2008-10-26 14:20:32,14,26,Sunday,10,True,39.903757,116.393457,2008-10-26 14:20:27,0.0047784277036065,5.0,3.4404679465967143,39.9037_116.3934,0.0833333333333333,1,1,0.31769128986665207
0,39.903653,116.393417,84.0,2008-10-26,14:20:37,2008-10-26 14:20:37,14,26,Sunday,10,True,39.903693,116.393401,2008-10-26 14:20:32,0.0013670107411458,5.0,0.984247733624982,39.9037_116.3934,0.0833333333333333,1,1,0.32739459600136905
0,39.903638,116.393459,81.0,2008-10-26,14:20:42,2008-10-26 14:20:42,14,26,Sunday,10,True,39.903653,116.393417,2008-10-26 14:20:37,0.003582732314029,5.0,2.5795672661009346,39.9036_116.3935,0.0833333333333333,1,1,0.3190164125956023
0,39.903566,116.393468,84.0,2008-10-26,14:20:47,2008-10-26 14:20:47,14,26,Sunday,10,True,39.903638,116.393459,2008-10-26 14:20:42,0.000780316345368,5.0,0.561827768664983,39.9036_116.3935,0.0833333333333333,1,1,0.32864751856490987
0,39.903541,116.39346,85.0,2008-10-26,14:20:52,2008-10-26 14:20:52,14,26,Sunday,10,True,39.903566,116.393468,2008-10-26 14:20:47,0.0006841261957522,5.0,0.4925708609416392,39.9035_116.3935,0.0833333333333333,1,1,0.3285279612545728
0,39.903456,116.39345,87.0,2008-10-26,14:20:57,2008-10-26 14:20:57,14,26,Sunday,10,True,39.903541,116.39346,2008-10-26 14:20:52,0.0008688095059353,5.0,0.6255428442734168,39.9035_116.3934,0.0833333333333333,1,1,0.32864751856490987
0,39.903368,116.393431,86.0,2008-10-26,14:21:02,2008-10-26 14:21:02,14,26,Sunday,10,True,39.903456,116.39345,2008-10-26 14:20:57,0.0016296852061892,5.0,1.1733733484562563,39.9034_116.3934,0.0833333333333333,1,1,0.3272082035525534
0,39.903298,116.393484,89.0,2008-10-26,14:21:07,2008-10-26 14:21:07,14,26,Sunday,10,True,39.903368,116.393431,2008-10-26 14:21:02,0.0045229789732863,5.0,3.256544860766171,39.9033_116.3935,0.0833333333333333,1,1,0.31769128986665207
0,39.903239,116.39347,89.0,2008-10-26,14:21:12,2008-10-26 14:21:12,14,26,Sunday,10,True,39.903298,116.393484,2008-10-26 14:21:07,0.0011996880024336,5.0,0.8637753617522115,39.9032_116.3935,0.0833333333333333,1,1,0.32739459600136905
0,39.90319,116.393486,90.0,2008-10-26,14:21:17,2008-10-26 14:21:17,14,26,Sunday,10,True,39.903239,116.39347,2008-10-26 14:21:12,0.0013681228637436,5.0,0.985048461895416,39.9032_116.3935,0.0833333333333333,1,1,0.32739459600136905
0,39.903142,116.393512,91.0,2008-10-26,14:21:22,2008-10-26 14:21:22,14,26,Sunday,10,True,39.90319,116.393486,2008-10-26 14:21:17,0.0022197797200215,5.0,1.5982413984155135,39.9031_116.3935,0.0833333333333333,1,1,0.3265322715057353
0,39.903138,116.393527,91.0,2008-10-26,14:21:27,2008-10-26 14:21:27,14,26,Sunday,10,True,39.903142,116.393512,2008-10-26 14:21:22,0.0012795380053124,5.0,0.9212673638249688,39.9031_116.3935,0.0833333333333333,1,1,0.32739459600136905
0,39.903124,116.393546,88.0,2008-10-26,14:21:32,2008-10-26 14:21:32,14,26,Sunday,10,True,39.903138,116.393527,2008-10-26 14:21:27,0.0016209462497437,5.0,1.1670812998154991,39.9031_116.3935,0.0833333333333333,1,1,0.3272082035525534
0,39.903045,116.393538,88.0,2008-10-26,14:21:37,2008-10-26 14:21:37,14,26,Sunday,10,True,39.903124,116.393546,2008-10-26 14:21:32,0.0006994190757458,5.0,0.503581734537021,39.903_116.3935,0.0833333333333333,1,1,0.3285279612545728
0,39.903044,116.393513,87.0,2008-10-26,14:21:42,2008-10-26 14:21:42,14,26,Sunday,10,True,39.903045,116.393538,2008-10-26 14:21:37,0.0021325279498912,5.0,1.5354201239216858,39.903_116.3935,0.0833333333333333,1,1,0.3265322715057353
0,39.903028,116.393528,84.0,2008-10-26,14:21:47,2008-10-26 14:21:47,14,26,Sunday,10,True,39.903044,116.393513,2008-10-26 14:21:42,0.0012798931241847,5.0,0.921523049413025,39.903_116.3935,0.0833333333333333,1,1,0.32739459600136905
0,39.903005,116.39352,83.0,2008-10-26,14:21:52,2008-10-26 14:21:52,14,26,Sunday,10,True,39.903028,116.393528,2008-10-26 14:21:47,0.0006838672238937,5.0,0.4923844012034842,39.903_116.3935,0.0833333333333333,1,1,0.3285279612545728
0,39.902896,116.393492,83.0,2008-10-26,14:21:57,2008-10-26 14:21:57,14,26,Sunday,10,True,39.903005,116.39352,2008-10-26 14:21:52,0.0023977830249404,5.0,1.7264037779571464,39.9029_116.3935,0.0833333333333333,1,1,0.3242947550315908
0,39.902845,116.3935,84.0,2008-10-26,14:22:02,2008-10-26 14:22:02,14,26,Sunday,10,True,39.902896,116.393492,2008-10-26 14:21:57,0.0006895508057148,5.0,0.4964765801147122,39.9028_116.3935,0.0833333333333333,1,1,0.3285279612545728
0,39.902712,116.393502,93.0,2008-10-26,14:22:07,2008-10-26 14:22:07,14,26,Sunday,10,True,39.902845,116.3935,2008-10-26 14:22:02,0.0003094008793516,5.0,0.2227686331332237,39.9027_116.3935,0.0833333333333333,1,1,0.32782220398727174
0,39.902655,116.393509,98.0,2008-10-26,14:22:12,2008-10-26 14:22:12,14,26,Sunday,10,True,39.902712,116.393502,2008-10-26 14:22:07,0.0006072711099259,5.0,0.4372351991466566,39.9027_116.3935,0.0833333333333333,1,1,0.3285279612545728
0,39.902543,116.393474,100.0,2008-10-26,14:22:17,2008-10-26 14:22:17,14,26,Sunday,10,True,39.902655,116.393509,2008-10-26 14:22:12,0.0029934591940374,5.0,2.1552906197069923,39.9025_116.3935,0.0833333333333333,1,1,0.3220673317464342
0,39.902424,116.393475,102.0,2008-10-26,14:22:22,2008-10-26 14:22:22,14,26,Sunday,10,True,39.902543,116.393474,2008-10-26 14:22:17,0.0002461953858026,5.0,0.1772606777779138,39.9024_116.3935,0.0833333333333333,1,1,0.32782220398727174
0,39.902334,116.393508,105.0,2008-10-26,14:22:27,2008-10-26 14:22:27,14,26,Sunday,10,True,39.902424,116.393475,2008-10-26 14:22:22,0.0028203767110252,5.0,2.0306712319381797,39.9023_116.3935,0.0833333333333333,1,1,0.3220673317464342
0,39.902277,116.393508,111.0,2008-10-26,14:22:32,2008-10-26 14:22:32,14,26,Sunday,10,True,39.902334,116.393508,2008-10-26 14:22:27,0.0001106209021486,5.0,0.0796470495469921,39.9023_116.3935,0.0833333333333333,1,1,0.32782220398727174
0,39.902246,116.393545,114.0,2008-10-26,14:22:37,2008-10-26 14:22:37,14,26,Sunday,10,True,39.902277,116.393508,2008-10-26 14:22:32,0.003156749472402,5.0,2.2728596201294455,39.9022_116.3935,0.0833333333333333,1,1,0.3232258927640629
0,39.902178,116.39357,114.0,2008-10-26,14:22:42,2008-10-26 14:22:42,14,26,Sunday,10,True,39.902246,116.393545,2008-10-26 14:22:37,0.0021366323872267,5.0,1.538375318803244,39.9022_116.3936,0.0833333333333333,1,1,0.3265322715057353
0,39.902126,116.393577,116.0,2008-10-26,14:22:47,2008-10-26 14:22:47,14,26,Sunday,10,True,39.902178,116.39357,2008-10-26 14:22:42,0.0006055832334737,5.0,0.4360199281010725,39.9021_116.3936,0.0833333333333333,1,1,0.3285279612545728
0,39.902087,116.393566,116.0,2008-10-26,14:22:52,2008-10-26 14:22:52,14,26,Sunday,10,True,39.902126,116.393577,2008-10-26 14:22:47,0.0009413724096746,5.0,0.677788134965741,39.9021_116.3936,0.0833333333333333,1,1,0.32864751856490987
0,39.902066,116.393554,117.0,2008-10-26,14:22:57,2008-10-26 14:22:57,14,26,Sunday,10,True,39.902087,116.393566,2008-10-26 14:22:52,0.0010244384511859,5.0,0.7375956848538777,39.9021_116.3936,0.0833333333333333,1,1,0.32739459600136905
0,39.902001,116.393531,115.0,2008-10-26,14:23:02,2008-10-26 14:23:02,14,26,Sunday,10,True,39.902066,116.393554,2008-10-26 14:22:57,0.0019660050565173,5.0,1.4155236406925045,39.902_116.3935,0.0833333333333333,1,1,0.3280740683898042
0,39.90192,116.393559,114.0,2008-10-26,14:23:07,2008-10-26 14:23:07,14,26,Sunday,10,True,39.902001,116.393531,2008-10-26 14:23:02,0.0023936355439104,5.0,1.7234175916155452,39.9019_116.3936,0.0833333333333333,1,1,0.3242947550315908
0,39.901821,116.393555,109.0,2008-10-26,14:23:12,2008-10-26 14:23:12,14,26,Sunday,10,True,39.90192,116.393559,2008-10-26 14:23:07,0.000391584883406,5.0,0.2819411160523842,39.9018_116.3936,0.0833333333333333,1,1,0.32511702532079345
0,39.901739,116.393568,107.0,2008-10-26,14:23:17,2008-10-26 14:23:17,14,26,Sunday,10,True,39.901821,116.393555,2008-10-26 14:23:12,0.0011202950425924,5.0,0.8066124306665545,39.9017_116.3936,0.0833333333333333,1,1,0.32739459600136905
0,39.90169,116.39361,109.0,2008-10-26,14:23:22,2008-10-26 14:23:22,14,26,Sunday,10,True,39.901739,116.393568,2008-10-26 14:23:17,0.0035839768346228,5.0,2.580463320928449,39.9017_116.3936,0.0833333333333333,1,1,0.3190164125956023
0,39.90163,116.393637,110.0,2008-10-26,14:23:27,2008-10-26 14:23:27,14,26,Sunday,10,True,39.90169,116.39361,2008-10-26 14:23:22,0.0023061174316754,5.0,1.6604045508063496,39.9016_116.3936,0.0833333333333333,1,1,0.3265322715057353
0,39.901578,116.393625,109.0,2008-10-26,14:23:32,2008-10-26 14:23:32,14,26,Sunday,10,True,39.90163,116.393637,2008-10-26 14:23:27,0.0010285970627198,5.0,0.7405898851583173,39.9016_116.3936,0.0833333333333333,1,1,0.32739459600136905
0,39.901532,116.393618,108.0,2008-10-26,14:23:37,2008-10-26 14:23:37,14,26,Sunday,10,True,39.901578,116.393625,2008-10-26 14:23:32,0.0006037570964273,5.0,0.4347051094277079,39.9015_116.3936,0.0833333333333333,1,1,0.3285279612545728
0,39.901462,116.393628,106.0,2008-10-26,14:23:42,2008-10-26 14:23:42,14,26,Sunday,10,True,39.901532,116.393618,2008-10-26 14:23:37,0.0008637798464347,5.0,0.6219214894330093,39.9015_116.3936,0.0833333333333333,1,1,0.32864751856490987
0,39.901398,116.393572,101.0,2008-10-26,14:23:47,2008-10-26 14:23:47,14,26,Sunday,10,True,39.901462,116.393628,2008-10-26 14:23:42,0.0047785876491796,5.0,3.440583107409357,39.9014_116.3936,0.0833333333333333,1,1,0.31769128986665207
0,39.901372,116.393558,98.0,2008-10-26,14:23:52,2008-10-26 14:23:52,14,26,Sunday,10,True,39.901398,116.393572,2008-10-26 14:23:47,0.0011953095839,5.0,0.8606229004080456,39.9014_116.3936,0.0833333333333333,1,1,0.32739459600136905
0,39.901331,116.393557,96.0,2008-10-26,14:23:57,2008-10-26 14:23:57,14,26,Sunday,10,True,39.901372,116.393558,2008-10-26 14:23:52,0.0001166530195678,5.0,0.0839901740888592,39.9013_116.3936,0.0833333333333333,1,1,0.32782220398727174
0,39.901308,116.39355,95.0,2008-10-26,14:24:02,2008-10-26 14:24:02,14,26,Sunday,10,True,39.901331,116.393557,2008-10-26 14:23:57,0.0005987886353162,5.0,0.4311278174276818,39.9013_116.3936,0.0833333333333333,1,1,0.3285279612545728
0,39.901307,116.393541,95.0,2008-10-26,14:24:07,2008-10-26 14:24:07,14,26,Sunday,10,True,39.901308,116.39355,2008-10-26 14:24:02,0.0007677316592058,5.0,0.552766794628181,39.9013_116.3935,0.0833333333333333,1,1,0.32864751856490987
0,39.901268,116.393612,91.0,2008-10-26,14:24:12,2008-10-26 14:24:12,14,26,Sunday,10,True,39.901307,116.393541,2008-10-26 14:24:07,0.0060570050842398,5.0,4.3610436606526655,39.9013_116.3936,0.0833333333333333,1,1,0.3174195760852528
0,39.90125,116.393614,91.0,2008-10-26,14:24:17,2008-10-26 14:24:17,14,26,Sunday,10,True,39.901268,116.393612,2008-10-26 14:24:12,0.000174146272424,5.0,0.125385316145296,39.9012_116.3936,0.0833333333333333,1,1,0.32782220398727174
0,39.901238,116.393612,90.0,2008-10-26,14:24:22,2008-10-26 14:24:22,14,26,Sunday,10,True,39.90125,116.393614,2008-10-26 14:24:17,0.0001721888140689,5.0,0.123975946129649,39.9012_116.3936,0.0833333333333333,1,1,0.32782220398727174
0,39.901184,116.393594,88.0,2008-10-26,14:24:27,2008-10-26 14:24:27,14,26,Sunday,10,True,39.901238,116.393612,2008-10-26 14:24:22,0.0015390327985724,5.0,1.1081036149721462,39.9012_116.3936,0.0833333333333333,1,1,0.3272082035525534
0,39.901147,116.393583,86.0,2008-10-26,14:24:32,2008-10-26 14:24:32,14,26,Sunday,10,True,39.901184,116.393594,2008-10-26 14:24:27,0.0009410811368339,5.0,0.6775784185204654,39.9011_116.3936,0.0833333333333333,1,1,0.32864751856490987
0,39.901109,116.393597,85.0,2008-10-26,14:24:37,2008-10-26 14:24:37,14,26,Sunday,10,True,39.901147,116.393583,2008-10-26 14:24:32,0.0011965234140649,5.0,0.8614968581267457,39.9011_116.3936,0.0833333333333333,1,1,0.32739459600136905
0,39.901118,116.393636,84.0,2008-10-26,14:24:42,2008-10-26 14:24:42,14,26,Sunday,10,True,39.901109,116.393597,2008-10-26 14:24:37,0.0033268818280645,5.0,2.3953549162064887,39.9011_116.3936,0.0833333333333333,1,1,0.32275617892878367
0,39.901106,116.393629,83.0,2008-10-26,14:24:47,2008-10-26 14:24:47,14,26,Sunday,10,True,39.901118,116.393636,2008-10-26 14:24:42,0.0005975783891065,5.0,0.4302564401566835,39.9011_116.3936,0.0833333333333333,1,1,0.3285279612545728
0,39.901016,116.393574,83.0,2008-10-26,14:24:52,2008-10-26 14:24:52,14,26,Sunday,10,True,39.901106,116.393629,2008-10-26 14:24:47,0.0046949454786188,5.0,3.380360744605564,39.901_116.3936,0.0833333333333333,1,1,0.31769128986665207
0,39.900943,116.393591,82.0,2008-10-26,14:24:57,2008-10-26 14:24:57,14,26,Sunday,10,True,39.901016,116.393574,2008-10-26 14:24:52,0.0014570659572597,5.0,1.049087489227029,39.9009_116.3936,0.0833333333333333,1,1,0.3272082035525534
0,39.900921,116.393623,83.0,2008-10-26,14:25:02,2008-10-26 14:25:02,14,26,Sunday,10,True,39.900943,116.393591,2008-10-26 14:24:57,0.0027300526858878,5.0,1.965637933839259,39.9009_116.3936,0.0833333333333333,1,1,0.3215960491169103
0,39.900895,116.393651,82.0,2008-10-26,14:25:07,2008-10-26 14:25:07,14,26,Sunday,10,True,39.900921,116.393623,2008-10-26 14:25:02,0.0023890377138278,5.0,1.720107153956074,39.9009_116.3937,0.0833333333333333,1,1,0.3242947550315908
0,39.900773,116.393677,82.0,2008-10-26,14:25:12,2008-10-26 14:25:12,14,26,Sunday,10,True,39.900895,116.393651,2008-10-26 14:25:07,0.0022305017234778,5.0,1.6059612409040722,39.9008_116.3937,0.0833333333333333,1,1,0.3265322715057353
0,39.900698,116.393659,82.0,2008-10-26,14:25:17,2008-10-26 14:25:17,14,26,Sunday,10,True,39.900773,116.393677,2008-10-26 14:25:12,0.001542354631277,5.0,1.1104953345194897,39.9007_116.3937,0.0833333333333333,1,1,0.3272082035525534
0,39.900663,116.393648,81.0,2008-10-26,14:25:22,2008-10-26 14:25:22,14,26,Sunday,10,True,39.900698,116.393659,2008-10-26 14:25:17,0.0009407995604836,5.0,0.6773756835482456,39.9007_116.3936,0.0833333333333333,1,1,0.32864751856490987
0,39.900626,116.393619,80.0,2008-10-26,14:25:27,2008-10-26 14:25:27,14,26,Sunday,10,True,39.900663,116.393648,2008-10-26 14:25:22,0.0024748599739296,5.0,1.7818991812293463,39.9006_116.3936,0.0833333333333333,1,1,0.3242947550315908
0,39.900563,116.393621,79.0,2008-10-26,14:25:32,2008-10-26 14:25:32,14,26,Sunday,10,True,39.900626,116.393619,2008-10-26 14:25:27,0.0002098951192285,5.0,0.1511244858445262,39.9006_116.3936,0.0833333333333333,1,1,0.32782220398727174
0,39.900496,116.393612,79.0,2008-10-26,14:25:37,2008-10-26 14:25:37,14,26,Sunday,10,True,39.900563,116.393621,2008-10-26 14:25:32,0.0007786711871296,5.0,0.5606432547333814,39.9005_116.3936,0.0833333333333333,1,1,0.32864751856490987
0,39.900479,116.393618,78.0,2008-10-26,14:25:42,2008-10-26 14:25:42,14,26,Sunday,10,True,39.900496,116.393612,2008-10-26 14:25:37,0.0005128878290846,5.0,0.3692792369409827,39.9005_116.3936,0.0833333333333333,1,1,0.3285279612545728
0,39.900476,116.393629,77.0,2008-10-26,14:25:47,2008-10-26 14:25:47,14,26,Sunday,10,True,39.900479,116.393618,2008-10-26 14:25:42,0.0009383651240665,5.0,0.6756228893279193,39.9005_116.3936,0.0833333333333333,1,1,0.32864751856490987
0,39.900476,116.393629,77.0,2008-10-26,14:25:50,2008-10-26 14:25:50,14,26,Sunday,10,True,39.900476,116.393629,2008-10-26 14:25:47,0.0,3.0,0.0,39.9005_116.3936,0.05,1,1,0.32782220398727174
0,39.900479,116.393633,77.0,2008-10-26,14:25:52,2008-10-26 14:25:52,14,26,Sunday,10,True,39.900476,116.393629,2008-10-26 14:25:50,0.0003412667803254,2.0,0.6142802045858473,39.9005_116.3936,0.0333333333333333,1,1,0.32782220398727174
0,39.900352,116.393636,78.0,2008-10-26,14:25:57,2008-10-26 14:25:57,14,26,Sunday,10,True,39.900479,116.393633,2008-10-26 14:25:52,0.0003553020085398,5.0,0.2558174461486563,39.9004_116.3936,0.0833333333333333,1,1,0.32511702532079345
0,39.900301,116.393664,78.0,2008-10-26,14:26:02,2008-10-26 14:26:02,14,26,Sunday,10,True,39.900352,116.393636,2008-10-26 14:25:57,0.0023905748922877,5.0,1.721213922447182,39.9003_116.3937,0.0833333333333333,1,1,0.3242947550315908
0,39.900275,116.393656,77.0,2008-10-26,14:26:07,2008-10-26 14:26:07,14,26,Sunday,10,True,39.900301,116.393664,2008-10-26 14:26:02,0.0006842990039394,5.0,0.4926952828364171,39.9003_116.3937,0.0833333333333333,1,1,0.3285279612545728
0,39.900236,116.393635,76.0,2008-10-26,14:26:12,2008-10-26 14:26:12,14,26,Sunday,10,True,39.900275,116.393656,2008-10-26 14:26:07,0.001792993875973,5.0,1.290955590700584,39.9002_116.3936,0.0833333333333333,1,1,0.3280740683898042
0,39.900189,116.393646,73.0,2008-10-26,14:26:17,2008-10-26 14:26:17,14,26,Sunday,10,True,39.900236,116.393635,2008-10-26 14:26:12,0.000942773547938,5.0,0.6787969545153828,39.9002_116.3936,0.0833333333333333,1,1,0.32864751856490987
0,39.900099,116.393596,70.0,2008-10-26,14:26:22,2008-10-26 14:26:22,14,26,Sunday,10,True,39.900189,116.393646,2008-10-26 14:26:17,0.0042688095012776,5.0,3.073542840919879,39.9001_116.3936,0.0833333333333333,1,1,0.31769128986665207
0,39.900022,116.393667,67.0,2008-10-26,14:26:27,2008-10-26 14:26:27,14,26,Sunday,10,True,39.900099,116.393596,2008-10-26 14:26:22,0.0060584838438742,5.0,4.362108367589448,39.9_116.3937,0.0833333333333333,1,1,0.3174195760852528
0,39.899845,116.393659,68.0,2008-10-26,14:26:32,2008-10-26 14:26:32,14,26,Sunday,10,True,39.900022,116.393667,2008-10-26 14:26:27,0.0007640163185117,5.0,0.5500917493284553,39.8998_116.3937,0.0833333333333333,1,1,0.3285279612545728
0,39.899793,116.393666,67.0,2008-10-26,14:26:37,2008-10-26 14:26:37,14,26,Sunday,10,True,39.899845,116.393659,2008-10-26 14:26:32,0.0006056032796347,5.0,0.4360343613370407,39.8998_116.3937,0.0833333333333333,1,1,0.3285279612545728
0,39.899736,116.393688,65.0,2008-10-26,14:26:42,2008-10-26 14:26:42,14,26,Sunday,10,True,39.899793,116.393666,2008-10-26 14:26:37,0.0018799710401079,5.0,1.3535791488776885,39.8997_116.3937,0.0833333333333333,1,1,0.3280740683898042
0,39.89961,116.393691,66.0,2008-10-26,14:26:47,2008-10-26 14:26:47,14,26,Sunday,10,True,39.899736,116.393688,2008-10-26 14:26:42,0.000353960507982,5.0,0.2548515657470513,39.8996_116.3937,0.0833333333333333,1,1,0.32511702532079345
0,39.899524,116.393693,68.0,2008-10-26,14:26:52,2008-10-26 14:26:52,14,26,Sunday,10,True,39.89961,116.393691,2008-10-26 14:26:47,0.0002386718132919,5.0,0.1718437055701836,39.8995_116.3937,0.0833333333333333,1,1,0.32782220398727174
0,39.899475,116.39369,69.0,2008-10-26,14:26:57,2008-10-26 14:26:57,14,26,Sunday,10,True,39.899524,116.393693,2008-10-26 14:26:52,0.0002730134392027,5.0,0.1965696762259466,39.8995_116.3937,0.0833333333333333,1,1,0.32782220398727174
0,39.899379,116.393683,73.0,2008-10-26,14:27:02,2008-10-26 14:27:02,14,26,Sunday,10,True,39.899475,116.39369,2008-10-26 14:26:57,0.0006255286649288,5.0,0.4503806387487779,39.8994_116.3937,0.0833333333333333,1,1,0.3285279612545728
0,39.89941,116.393597,76.0,2008-10-26,14:27:07,2008-10-26 14:27:07,14,26,Sunday,10,True,39.899379,116.393683,2008-10-26 14:27:02,0.0073365305630116,5.0,5.282302005368371,39.8994_116.3936,0.0833333333333333,1,1,0.32034138241271815
0,39.899438,116.393563,79.0,2008-10-26,14:27:12,2008-10-26 14:27:12,14,26,Sunday,10,True,39.89941,116.393597,2008-10-26 14:27:07,0.0029008990521064,5.0,2.0886473175166653,39.8994_116.3936,0.0833333333333333,1,1,0.3215960491169103
0,39.899476,116.393558,79.0,2008-10-26,14:27:17,2008-10-26 14:27:17,14,26,Sunday,10,True,39.899438,116.393563,2008-10-26 14:27:12,0.000432856299275,5.0,0.3116565354780635,39.8995_116.3936,0.0833333333333333,1,1,0.3285279612545728
0,39.899515,116.393559,80.0,2008-10-26,14:27:22,2008-10-26 14:27:22,14,26,Sunday,10,True,39.899476,116.393558,2008-10-26 14:27:17,0.0001140425342093,5.0,0.0821106246307268,39.8995_116.3936,0.0833333333333333,1,1,0.32782220398727174
0,39.899538,116.393563,79.0,2008-10-26,14:27:27,2008-10-26 14:27:27,14,26,Sunday,10,True,39.899515,116.393559,2008-10-26 14:27:22,0.0003441289989625,5.0,0.2477728792530436,39.8995_116.3936,0.0833333333333333,1,1,0.32782220398727174
0,39.899547,116.39358,78.0,2008-10-26,14:27:32,2008-10-26 14:27:32,14,26,Sunday,10,True,39.899538,116.393563,2008-10-26 14:27:27,0.0014502977004337,5.0,1.044214344312294,39.8995_116.3936,0.0833333333333333,1,1,0.3272082035525534
0,39.899558,116.393589,81.0,2008-10-26,14:27:37,2008-10-26 14:27:37,14,26,Sunday,10,True,39.899547,116.39358,2008-10-26 14:27:32,0.0007680456097954,5.0,0.5529928390527253,39.8996_116.3936,0.0833333333333333,1,1,0.32864751856490987
0,39.899578,116.39355,80.0,2008-10-26,14:27:42,2008-10-26 14:27:42,14,26,Sunday,10,True,39.899558,116.393589,2008-10-26 14:27:37,0.0033271374236597,5.0,2.3955389450350557,39.8996_116.3936,0.0833333333333333,1,1,0.32275617892878367
0,39.899587,116.393497,80.0,2008-10-26,14:27:47,2008-10-26 14:27:47,14,26,Sunday,10,True,39.899578,116.39355,2008-10-26 14:27:42,0.0045212195423615,5.0,3.2552780705003332,39.8996_116.3935,0.0833333333333333,1,1,0.31769128986665207
0,39.899283,116.393428,119.0,2008-10-26,14:28:27,2008-10-26 14:28:27,14,26,Sunday,10,True,39.899587,116.393497,2008-10-26 14:27:47,0.0059155784100714,40.0,0.5324020569064336,39.8993_116.3934,0.6666666666666666,1,1,0.31726671303885645
0,39.899297,116.393156,18.0,2008-10-26,14:28:32,2008-10-26 14:28:32,14,26,Sunday,10,True,39.899283,116.393428,2008-10-26 14:28:27,0.0232031817114193,5.0,16.70629083222196,39.8993_116.3932,0.0833333333333333,1,1,0.28194588087791267
0,39.89927,116.393218,100.0,2008-10-26,14:28:37,2008-10-26 14:28:37,14,26,Sunday,10,True,39.899297,116.393156,2008-10-26 14:28:32,0.0052892169751486,5.0,3.808236222107035,39.8993_116.3932,0.0833333333333333,1,1,0.31972574387730146
0,39.899239,116.393183,109.0,2008-10-26,14:28:42,2008-10-26 14:28:42,14,26,Sunday,10,True,39.89927,116.393218,2008-10-26 14:28:37,0.0029863091062635,5.0,2.1501425565097336,39.8992_116.3932,0.0833333333333333,1,1,0.3215960491169103
0,39.899238,116.393162,82.0,2008-10-26,14:28:47,2008-10-26 14:28:47,14,26,Sunday,10,True,39.899239,116.393183,2008-10-26 14:28:42,0.0017914232859503,5.0,1.2898247658842767,39.8992_116.3932,0.0833333333333333,1,1,0.3280740683898042
0,39.899244,116.393152,66.0,2008-10-26,14:28:52,2008-10-26 14:28:52,14,26,Sunday,10,True,39.899238,116.393162,2008-10-26 14:28:47,0.000853137645685,5.0,0.6142591048932005,39.8992_116.3932,0.0833333333333333,1,1,0.32864751856490987
0,39.899208,116.393132,71.0,2008-10-26,14:28:57,2008-10-26 14:28:57,14,26,Sunday,10,True,39.899244,116.393152,2008-10-26 14:28:52,0.0017075466375669,5.0,1.229433579048224,39.8992_116.3931,0.0833333333333333,1,1,0.3280740683898042
0,39.899181,116.393109,85.0,2008-10-26,14:29:02,2008-10-26 14:29:02,14,26,Sunday,10,True,39.899208,116.393132,2008-10-26 14:28:57,0.0019627347177944,5.0,1.4131689968119794,39.8992_116.3931,0.0833333333333333,1,1,0.3280740683898042
0,39.899131,116.39309,93.0,2008-10-26,14:29:07,2008-10-26 14:29:07,14,26,Sunday,10,True,39.899181,116.393109,2008-10-26 14:29:02,0.0016237146509675,5.0,1.1690745486966276,39.8991_116.3931,0.0833333333333333,1,1,0.3272082035525534
0,39.899078,116.393068,106.0,2008-10-26,14:29:12,2008-10-26 14:29:12,14,26,Sunday,10,True,39.899131,116.39309,2008-10-26 14:29:07,0.001879548282739,5.0,1.3532747635720876,39.8991_116.3931,0.0833333333333333,1,1,0.3280740683898042
0,39.899044,116.393034,109.0,2008-10-26,14:29:17,2008-10-26 14:29:17,14,26,Sunday,10,True,39.899078,116.393068,2008-10-26 14:29:12,0.0029011558953124,5.0,2.088832244624943,39.899_116.393,0.0833333333333333,1,1,0.3215960491169103
0,39.899023,116.392988,107.0,2008-10-26,14:29:22,2008-10-26 14:29:22,14,26,Sunday,10,True,39.899044,116.393034,2008-10-26 14:29:17,0.0039242911261034,5.0,2.825489610794483,39.899_116.393,0.0833333333333333,1,1,0.3190164125956023
0,39.899023,116.392883,97.0,2008-10-26,14:29:27,2008-10-26 14:29:27,14,26,Sunday,10,True,39.899023,116.392988,2008-10-26 14:29:22,0.0089571393463074,5.0,6.449140329341362,39.899_116.3929,0.0833333333333333,1,1,0.3146520722919838
0,39.899005,116.392817,98.0,2008-10-26,14:29:32,2008-10-26 14:29:32,14,26,Sunday,10,True,39.899023,116.392883,2008-10-26 14:29:27,0.0056303109849337,5.0,4.0538239091522685,39.899_116.3928,0.0833333333333333,1,1,0.31972574387730146
0,39.899016,116.392808,104.0,2008-10-26,14:29:37,2008-10-26 14:29:37,14,26,Sunday,10,True,39.899005,116.392817,2008-10-26 14:29:32,0.0007680516786349,5.0,0.5529972086171346,39.899_116.3928,0.0833333333333333,1,1,0.32864751856490987
0,39.899022,116.39283,104.0,2008-10-26,14:29:42,2008-10-26 14:29:42,14,26,Sunday,10,True,39.899016,116.392808,2008-10-26 14:29:37,0.0018767701913808,5.0,1.3512745377941922,39.899_116.3928,0.0833333333333333,1,1,0.3280740683898042
0,39.899059,116.392859,106.0,2008-10-26,14:29:47,2008-10-26 14:29:47,14,26,Sunday,10,True,39.899022,116.39283,2008-10-26 14:29:42,0.0024749178558537,5.0,1.781940856214703,39.8991_116.3929,0.0833333333333333,1,1,0.3242947550315908
0,39.8991,116.392847,106.0,2008-10-26,14:29:52,2008-10-26 14:29:52,14,26,Sunday,10,True,39.899059,116.392859,2008-10-26 14:29:47,0.0010267600083695,5.0,0.7392672060261039,39.8991_116.3928,0.0833333333333333,1,1,0.32739459600136905
0,39.899112,116.392814,107.0,2008-10-26,14:29:57,2008-10-26 14:29:57,14,26,Sunday,10,True,39.8991,116.392847,2008-10-26 14:29:52,0.0028151938566398,5.0,2.0269395767807272,39.8991_116.3928,0.0833333333333333,1,1,0.3215960491169103
0,39.899081,116.392745,107.0,2008-10-26,14:30:02,2008-10-26 14:30:02,14,26,Sunday,10,True,39.899112,116.392814,2008-10-26 14:29:57,0.0058864212805547,5.0,4.2382233219994525,39.8991_116.3927,0.0833333333333333,1,1,0.3174195760852528
0,39.899049,116.392693,108.0,2008-10-26,14:30:07,2008-10-26 14:30:07,14,26,Sunday,10,True,39.899081,116.392745,2008-10-26 14:30:02,0.0044363486112297,5.0,3.194171000085434,39.899_116.3927,0.0833333333333333,1,1,0.31769128986665207
0,39.898307,116.392142,39.0,2008-10-26,14:31:52,2008-10-26 14:31:52,14,26,Sunday,10,True,39.899049,116.392693,2008-10-26 14:30:07,0.0470259446352114,105.0,1.6123181017786794,39.8983_116.3921,1.75,1,1,0.24017491777027888
0,39.898416,116.392353,92.0,2008-10-26,14:31:57,2008-10-26 14:31:57,14,26,Sunday,10,True,39.898307,116.392142,2008-10-26 14:31:52,0.0180010015157333,5.0,12.96072109132799,39.8984_116.3924,0.0833333333333333,1,1,0.2963173511570554
0,39.898417,116.392721,84.0,2008-10-26,14:32:02,2008-10-26 14:32:02,14,26,Sunday,10,True,39.898416,116.392353,2008-10-26 14:31:57,0.0313929186527967,5.0,22.602901430013688,39.8984_116.3927,0.0833333333333333,1,1,0.2572849799296685
0,39.898422,116.392844,68.0,2008-10-26,14:32:07,2008-10-26 14:32:07,14,26,Sunday,10,True,39.898417,116.392721,2008-10-26 14:32:02,0.010492745840159,5.0,7.554777004914507,39.8984_116.3928,0.0833333333333333,1,1,0.3147870771256323
0,39.898405,116.392847,65.0,2008-10-26,14:32:12,2008-10-26 14:32:12,14,26,Sunday,10,True,39.898422,116.392844,2008-10-26 14:32:07,0.0002580383884549,5.0,0.1857876396875961,39.8984_116.3928,0.0833333333333333,1,1,0.32782220398727174
0,39.898384,116.392851,62.0,2008-10-26,14:32:17,2008-10-26 14:32:17,14,26,Sunday,10,True,39.898405,116.392847,2008-10-26 14:32:12,0.0003436526909228,5.0,0.2474299374644431,39.8984_116.3929,0.0833333333333333,1,1,0.32782220398727174
0,39.898345,116.392851,60.0,2008-10-26,14:32:22,2008-10-26 14:32:22,14,26,Sunday,10,True,39.898384,116.392851,2008-10-26 14:32:17,7.568798567997145e-05,5.0,0.0544953496895794,39.8983_116.3929,0.0833333333333333,1,1,0.32782220398727174
0,39.898305,116.392854,58.0,2008-10-26,14:32:27,2008-10-26 14:32:27,14,26,Sunday,10,True,39.898345,116.392851,2008-10-26 14:32:22,0.0002674354304554,5.0,0.1925535099279001,39.8983_116.3929,0.0833333333333333,1,1,0.32782220398727174
0,39.89828,116.392865,56.0,2008-10-26,14:32:32,2008-10-26 14:32:32,14,26,Sunday,10,True,39.898305,116.392854,2008-10-26 14:32:27,0.0009396304331403,5.0,0.6765339118610445,39.8983_116.3929,0.0833333333333333,1,1,0.32864751856490987
0,39.898261,116.392877,54.0,2008-10-26,14:32:37,2008-10-26 14:32:37,14,26,Sunday,10,True,39.89828,116.392865,2008-10-26 14:32:32,0.0010243481971571,5.0,0.7375307019531488,39.8983_116.3929,0.0833333333333333,1,1,0.32739459600136905
0,39.898241,116.392887,52.0,2008-10-26,14:32:42,2008-10-26 14:32:42,14,26,Sunday,10,True,39.898261,116.392877,2008-10-26 14:32:37,0.0008539530623595,5.0,0.6148462048988856,39.8982_116.3929,0.0833333333333333,1,1,0.32864751856490987
0,39.898219,116.392883,51.0,2008-10-26,14:32:47,2008-10-26 14:32:47,14,26,Sunday,10,True,39.898241,116.392887,2008-10-26 14:32:42,0.0003438890611048,5.0,0.2476001239954897,39.8982_116.3929,0.0833333333333333,1,1,0.32782220398727174
0,39.898209,116.392873,49.0,2008-10-26,14:32:52,2008-10-26 14:32:52,14,26,Sunday,10,True,39.898219,116.392883,2008-10-26 14:32:47,0.0008532916870085,5.0,0.6143700146461359,39.8982_116.3929,0.0833333333333333,1,1,0.32864751856490987
0,39.898197,116.392873,48.0,2008-10-26,14:32:57,2008-10-26 14:32:57,14,26,Sunday,10,True,39.898209,116.392873,2008-10-26 14:32:52,2.3288610970855757e-05,5.0,0.0167677998990161,39.8982_116.3929,0.0833333333333333,1,1,0.32782220398727174
0,39.898197,116.392873,48.0,2008-10-26,14:33:00,2008-10-26 14:33:00,14,26,Sunday,10,True,39.898197,116.392873,2008-10-26 14:32:57,0.0,3.0,0.0,39.8982_116.3929,0.05,1,1,0.32782220398727174
0,39.898205,116.392871,47.0,2008-10-26,14:33:02,2008-10-26 14:33:02,14,26,Sunday,10,True,39.898197,116.392873,2008-10-26 14:33:00,0.0001713191818996,2.0,0.3083745274192804,39.8982_116.3929,0.0333333333333333,1,1,0.32782220398727174
0,39.898237,116.39284,46.0,2008-10-26,14:33:07,2008-10-26 14:33:07,14,26,Sunday,10,True,39.898205,116.392871,2008-10-26 14:33:02,0.0026452488092417,5.0,1.9045791426540648,39.8982_116.3928,0.0833333333333333,1,1,0.3215960491169103
0,39.898238,116.392802,45.0,2008-10-26,14:33:12,2008-10-26 14:33:12,14,26,Sunday,10,True,39.898237,116.39284,2008-10-26 14:33:07,0.0032416691206955,5.0,2.3340017669007924,39.8982_116.3928,0.0833333333333333,1,1,0.32275617892878367
0,39.898045,116.392679,45.0,2008-10-26,14:33:17,2008-10-26 14:33:17,14,26,Sunday,10,True,39.898238,116.392802,2008-10-26 14:33:12,0.0104994670547262,5.0,7.559616279402891,39.898_116.3927,0.0833333333333333,1,1,0.3147870771256323
0,39.897907,116.392556,45.0,2008-10-26,14:33:22,2008-10-26 14:33:22,14,26,Sunday,10,True,39.898045,116.392679,2008-10-26 14:33:17,0.0104962266162232,5.0,7.557283163680713,39.8979_116.3926,0.0833333333333333,1,1,0.3147870771256323
0,39.8978,116.392476,43.0,2008-10-26,14:33:27,2008-10-26 14:33:27,14,26,Sunday,10,True,39.897907,116.392556,2008-10-26 14:33:22,0.006827762111926,5.0,4.91598872058677,39.8978_116.3925,0.0833333333333333,1,1,0.3159849068613689
0,39.897742,116.392397,42.0,2008-10-26,14:33:32,2008-10-26 14:33:32,14,26,Sunday,10,True,39.8978,116.392476,2008-10-26 14:33:27,0.0067402441066109,5.0,4.852975756759881,39.8977_116.3924,0.0833333333333333,1,1,0.3159849068613689
0,39.89772,116.392306,43.0,2008-10-26,14:33:37,2008-10-26 14:33:37,14,26,Sunday,10,True,39.897742,116.392397,2008-10-26 14:33:32,0.007763117867325,5.0,5.589444864474022,39.8977_116.3923,0.0833333333333333,1,1,0.32034138241271815
0,39.897735,116.392212,44.0,2008-10-26,14:33:42,2008-10-26 14:33:42,14,26,Sunday,10,True,39.89772,116.392306,2008-10-26 14:33:37,0.0080189767984842,5.0,5.773663294908689,39.8977_116.3922,0.0833333333333333,1,1,0.32034138241271815
0,39.897703,116.392135,43.0,2008-10-26,14:33:47,2008-10-26 14:33:47,14,26,Sunday,10,True,39.897735,116.392212,2008-10-26 14:33:42,0.0065689874110635,5.0,4.729670935965754,39.8977_116.3921,0.0833333333333333,1,1,0.3174195760852528
0,39.897672,116.392059,43.0,2008-10-26,14:33:52,2008-10-26 14:33:52,14,26,Sunday,10,True,39.897703,116.392135,2008-10-26 14:33:47,0.0064836682418505,5.0,4.668241134132428,39.8977_116.3921,0.0833333333333333,1,1,0.3174195760852528
0,39.897615,116.392003,43.0,2008-10-26,14:33:57,2008-10-26 14:33:57,14,26,Sunday,10,True,39.897672,116.392059,2008-10-26 14:33:52,0.0047785177379753,5.0,3.440532771342227,39.8976_116.392,0.0833333333333333,1,1,0.31769128986665207
0,39.897551,116.391971,44.0,2008-10-26,14:34:02,2008-10-26 14:34:02,14,26,Sunday,10,True,39.897615,116.392003,2008-10-26 14:33:57,0.0027326763808033,5.0,1.9675269941784324,39.8976_116.392,0.0833333333333333,1,1,0.3215960491169103
0,39.897567,116.391906,43.0,2008-10-26,14:34:07,2008-10-26 14:34:07,14,26,Sunday,10,True,39.897551,116.391971,2008-10-26 14:34:02,0.0055451011845247,5.0,3.99247285285779,39.8976_116.3919,0.0833333333333333,1,1,0.31972574387730146
0,39.89761,116.39183,47.0,2008-10-26,14:34:12,2008-10-26 14:34:12,14,26,Sunday,10,True,39.897567,116.391906,2008-10-26 14:34:07,0.0064839355242124,5.0,4.668433577432946,39.8976_116.3918,0.0833333333333333,1,1,0.3174195760852528
0,39.897541,116.391751,45.0,2008-10-26,14:34:17,2008-10-26 14:34:17,14,26,Sunday,10,True,39.89761,116.39183,2008-10-26 14:34:12,0.0067406536322179,5.0,4.853270615196946,39.8975_116.3918,0.0833333333333333,1,1,0.3159849068613689
0,39.89754,116.391724,45.0,2008-10-26,14:34:22,2008-10-26 14:34:22,14,26,Sunday,10,True,39.897541,116.391751,2008-10-26 14:34:17,0.0023033150484257,5.0,1.6583868348665416,39.8975_116.3917,0.0833333333333333,1,1,0.3265322715057353
0,39.897542,116.3917,45.0,2008-10-26,14:34:27,2008-10-26 14:34:27,14,26,Sunday,10,True,39.89754,116.391724,2008-10-26 14:34:22,0.0020473940911251,5.0,1.4741237456101308,39.8975_116.3917,0.0833333333333333,1,1,0.3265322715057353
0,39.897553,116.391686,48.0,2008-10-26,14:34:32,2008-10-26 14:34:32,14,26,Sunday,10,True,39.897542,116.3917,2008-10-26 14:34:27,0.0011945017377911,5.0,0.8600412512096625,39.8976_116.3917,0.0833333333333333,1,1,0.32739459600136905
0,39.897546,116.391679,54.0,2008-10-26,14:34:37,2008-10-26 14:34:37,14,26,Sunday,10,True,39.897553,116.391686,2008-10-26 14:34:32,0.0005973099704046,5.0,0.4300631786913566,39.8975_116.3917,0.0833333333333333,1,1,0.3285279612545728
0,39.897546,116.391679,54.0,2008-10-26,14:34:40,2008-10-26 14:34:40,14,26,Sunday,10,True,39.897546,116.391679,2008-10-26 14:34:37,0.0,3.0,0.0,39.8975_116.3917,0.05,1,1,0.32782220398727174
0,39.897547,116.391686,57.0,2008-10-26,14:34:42,2008-10-26 14:34:42,14,26,Sunday,10,True,39.897546,116.391679,2008-10-26 14:34:40,0.0005971586434925,2.0,1.0748855582865309,39.8975_116.3917,0.0333333333333333,1,1,0.328342185205837
0,39.897549,116.391698,57.0,2008-10-26,14:34:47,2008-10-26 14:34:47,14,26,Sunday,10,True,39.897547,116.391686,2008-10-26 14:34:42,0.0010237024597823,5.0,0.7370657710432839,39.8975_116.3917,0.0833333333333333,1,1,0.32739459600136905
0,39.897549,116.391698,57.0,2008-10-26,14:34:50,2008-10-26 14:34:50,14,26,Sunday,10,True,39.897549,116.391698,2008-10-26 14:34:47,0.0,3.0,0.0,39.8975_116.3917,0.05,1,1,0.32782220398727174
0,39.897542,116.391704,57.0,2008-10-26,14:34:52,2008-10-26 14:34:52,14,26,Sunday,10,True,39.897549,116.391698,2008-10-26 14:34:50,0.0005120278186999,2.0,0.9216500736598318,39.8975_116.3917,0.0333333333333333,1,1,0.3285279612545728
0,39.897524,116.391747,58.0,2008-10-26,14:34:57,2008-10-26 14:34:57,14,26,Sunday,10,True,39.897542,116.391704,2008-10-26 14:34:52,0.0036684079132179,5.0,2.6412536975169303,39.8975_116.3917,0.0833333333333333,1,1,0.3190164125956023
0,39.897505,116.391771,61.0,2008-10-26,14:35:02,2008-10-26 14:35:02,14,26,Sunday,10,True,39.897524,116.391747,2008-10-26 14:34:57,0.0020477232260529,5.0,1.4743607227581594,39.8975_116.3918,0.0833333333333333,1,1,0.3265322715057353
0,39.897505,116.391771,61.0,2008-10-26,14:35:05,2008-10-26 14:35:05,14,26,Sunday,10,True,39.897505,116.391771,2008-10-26 14:35:02,0.0,3.0,0.0,39.8975_116.3918,0.05,1,1,0.32782220398727174
0,39.897507,116.391774,61.0,2008-10-26,14:35:07,2008-10-26 14:35:07,14,26,Sunday,10,True,39.897505,116.391771,2008-10-26 14:35:05,0.0002559533635231,2.0,0.4607160543415873,39.8975_116.3918,0.0333333333333333,1,1,0.32782220398727174
0,39.897512,116.391785,61.0,2008-10-26,14:35:12,2008-10-26 14:35:12,14,26,Sunday,10,True,39.897507,116.391774,2008-10-26 14:35:07,0.0009384378732756,5.0,0.6756752687584624,39.8975_116.3918,0.0833333333333333,1,1,0.32864751856490987
0,39.897478,116.391746,62.0,2008-10-26,14:35:17,2008-10-26 14:35:17,14,26,Sunday,10,True,39.897512,116.391785,2008-10-26 14:35:12,0.0033276659208907,5.0,2.3959194630413343,39.8975_116.3917,0.0833333333333333,1,1,0.32275617892878367
0,39.897466,116.391711,64.0,2008-10-26,14:35:22,2008-10-26 14:35:22,14,26,Sunday,10,True,39.897478,116.391746,2008-10-26 14:35:17,0.0029858715128032,5.0,2.149827489218347,39.8975_116.3917,0.0833333333333333,1,1,0.3215960491169103
0,39.897445,116.391681,64.0,2008-10-26,14:35:27,2008-10-26 14:35:27,14,26,Sunday,10,True,39.897466,116.391711,2008-10-26 14:35:22,0.0025595656927592,5.0,1.8428872987866929,39.8974_116.3917,0.0833333333333333,1,1,0.3242947550315908
0,39.897419,116.391661,64.0,2008-10-26,14:35:32,2008-10-26 14:35:32,14,26,Sunday,10,True,39.897445,116.391681,2008-10-26 14:35:27,0.0017069073696386,5.0,1.228973306139856,39.8974_116.3917,0.0833333333333333,1,1,0.3280740683898042
0,39.897419,116.391661,64.0,2008-10-26,14:35:35,2008-10-26 14:35:35,14,26,Sunday,10,True,39.897419,116.391661,2008-10-26 14:35:32,0.0,3.0,0.0,39.8974_116.3917,0.05,1,1,0.32782220398727174
0,39.897422,116.391659,65.0,2008-10-26,14:35:37,2008-10-26 14:35:37,14,26,Sunday,10,True,39.897419,116.391661,2008-10-26 14:35:35,0.0001707154767189,2.0,0.3072878580941328,39.8974_116.3917,0.0333333333333333,1,1,0.32782220398727174
0,39.897426,116.391648,65.0,2008-10-26,14:35:42,2008-10-26 14:35:42,14,26,Sunday,10,True,39.897422,116.391659,2008-10-26 14:35:37,0.0009384209832235,5.0,0.6756631079209252,39.8974_116.3916,0.0833333333333333,1,1,0.32864751856490987
0,39.897416,116.391656,67.0,2008-10-26,14:35:47,2008-10-26 14:35:47,14,26,Sunday,10,True,39.897426,116.391648,2008-10-26 14:35:42,0.000682740549397,5.0,0.4915731955658655,39.8974_116.3917,0.0833333333333333,1,1,0.3285279612545728
0,39.897428,116.391651,67.0,2008-10-26,14:35:52,2008-10-26 14:35:52,14,26,Sunday,10,True,39.897416,116.391656,2008-10-26 14:35:47,0.0004271757024639,5.0,0.3075665057740384,39.8974_116.3917,0.0833333333333333,1,1,0.3285279612545728
0,39.897429,116.39165,67.0,2008-10-26,14:35:57,2008-10-26 14:35:57,14,26,Sunday,10,True,39.897428,116.391651,2008-10-26 14:35:52,8.53301460086586e-05,5.0,0.0614377051262341,39.8974_116.3916,0.0833333333333333,1,1,0.32782220398727174
0,39.897429,116.39165,67.0,2008-10-26,14:36:00,2008-10-26 14:36:00,14,26,Sunday,10,True,39.897429,116.39165,2008-10-26 14:35:57,0.0,3.0,0.0,39.8974_116.3916,0.05,1,1,0.32782220398727174
0,39.897434,116.391645,67.0,2008-10-26,14:36:02,2008-10-26 14:36:02,14,26,Sunday,10,True,39.897429,116.39165,2008-10-26 14:36:00,0.0004266507125868,2.0,0.7679712826564189,39.8974_116.3916,0.0333333333333333,1,1,0.3285279612545728
0,39.897362,116.391625,69.0,2008-10-26,14:36:07,2008-10-26 14:36:07,14,26,Sunday,10,True,39.897434,116.391645,2008-10-26 14:36:02,0.0017118745617527,5.0,1.2325496844620114,39.8974_116.3916,0.0833333333333333,1,1,0.3280740683898042
0,39.897372,116.39164,70.0,2008-10-26,14:36:12,2008-10-26 14:36:12,14,26,Sunday,10,True,39.897362,116.391625,2008-10-26 14:36:07,0.0012797694151633,5.0,0.9214339789175864,39.8974_116.3916,0.0833333333333333,1,1,0.32739459600136905
0,39.897462,116.391612,68.0,2008-10-26,14:36:17,2008-10-26 14:36:17,14,26,Sunday,10,True,39.897372,116.39164,2008-10-26 14:36:12,0.0023950039932482,5.0,1.7244028751387064,39.8975_116.3916,0.0833333333333333,1,1,0.3242947550315908
0,39.897518,116.391547,68.0,2008-10-26,14:36:22,2008-10-26 14:36:22,14,26,Sunday,10,True,39.897462,116.391612,2008-10-26 14:36:17,0.0055460847676451,5.0,3.9931810327044976,39.8975_116.3915,0.0833333333333333,1,1,0.31972574387730146
0,39.897527,116.391495,68.0,2008-10-26,14:36:27,2008-10-26 14:36:27,14,26,Sunday,10,True,39.897518,116.391547,2008-10-26 14:36:22,0.0044360481433521,5.0,3.193954663213548,39.8975_116.3915,0.0833333333333333,1,1,0.31769128986665207
0,39.897575,116.391453,69.0,2008-10-26,14:36:32,2008-10-26 14:36:32,14,26,Sunday,10,True,39.897527,116.391495,2008-10-26 14:36:27,0.0035841434789685,5.0,2.580583304857353,39.8976_116.3915,0.0833333333333333,1,1,0.3190164125956023
0,39.89762,116.391418,70.0,2008-10-26,14:36:37,2008-10-26 14:36:37,14,26,Sunday,10,True,39.897575,116.391453,2008-10-26 14:36:32,0.0029870521604494,5.0,2.1506775555236195,39.8976_116.3914,0.0833333333333333,1,1,0.3215960491169103
0,39.897658,116.39139,71.0,2008-10-26,14:36:42,2008-10-26 14:36:42,14,26,Sunday,10,True,39.89762,116.391418,2008-10-26 14:36:37,0.0023897569135547,5.0,1.7206249777594282,39.8977_116.3914,0.0833333333333333,1,1,0.3242947550315908
0,39.897673,116.391337,71.0,2008-10-26,14:36:47,2008-10-26 14:36:47,14,26,Sunday,10,True,39.897658,116.39139,2008-10-26 14:36:42,0.0045214059953339,5.0,3.2554123166404563,39.8977_116.3913,0.0833333333333333,1,1,0.31769128986665207
0,39.897657,116.391234,70.0,2008-10-26,14:36:52,2008-10-26 14:36:52,14,26,Sunday,10,True,39.897673,116.391337,2008-10-26 14:36:47,0.0087867561533187,5.0,6.326464430389499,39.8977_116.3912,0.0833333333333333,1,1,0.3146520722919838
0,39.897675,116.391189,69.0,2008-10-26,14:36:57,2008-10-26 14:36:57,14,26,Sunday,10,True,39.897657,116.391234,2008-10-26 14:36:52,0.0038390089595686,5.0,2.7640864508894456,39.8977_116.3912,0.0833333333333333,1,1,0.3190164125956023
0,39.897687,116.39112,70.0,2008-10-26,14:37:02,2008-10-26 14:37:02,14,26,Sunday,10,True,39.897675,116.391189,2008-10-26 14:36:57,0.0058862814799776,5.0,4.2381226655838855,39.8977_116.3911,0.0833333333333333,1,1,0.3174195760852528
0,39.897717,116.391064,71.0,2008-10-26,14:37:07,2008-10-26 14:37:07,14,26,Sunday,10,True,39.897687,116.39112,2008-10-26 14:37:02,0.004777587840244,5.0,3.4398632449756974,39.8977_116.3911,0.0833333333333333,1,1,0.31769128986665207
0,39.897751,116.390968,72.0,2008-10-26,14:37:12,2008-10-26 14:37:12,14,26,Sunday,10,True,39.897717,116.391064,2008-10-26 14:37:07,0.0081898044040534,5.0,5.896659170918495,39.8978_116.391,0.0833333333333333,1,1,0.3184709275215373
0,39.897764,116.390867,73.0,2008-10-26,14:37:17,2008-10-26 14:37:17,14,26,Sunday,10,True,39.897751,116.390968,2008-10-26 14:37:12,0.0086161110363878,5.0,6.203599946199217,39.8978_116.3909,0.0833333333333333,1,1,0.3158052791817156
0,39.89778,116.390813,74.0,2008-10-26,14:37:22,2008-10-26 14:37:22,14,26,Sunday,10,True,39.897764,116.390867,2008-10-26 14:37:17,0.0046067175523707,5.0,3.3168366377069147,39.8978_116.3908,0.0833333333333333,1,1,0.31769128986665207
0,39.89782,116.390752,76.0,2008-10-26,14:37:27,2008-10-26 14:37:27,14,26,Sunday,10,True,39.89778,116.390813,2008-10-26 14:37:22,0.0052043432890867,5.0,3.747127168142467,39.8978_116.3908,0.0833333333333333,1,1,0.3203427486692796
0,39.897857,116.39069,77.0,2008-10-26,14:37:32,2008-10-26 14:37:32,14,26,Sunday,10,True,39.89782,116.390752,2008-10-26 14:37:27,0.0052895563527135,5.0,3.808480573953745,39.8979_116.3907,0.0833333333333333,1,1,0.31972574387730146
0,39.89789,116.390631,79.0,2008-10-26,14:37:37,2008-10-26 14:37:37,14,26,Sunday,10,True,39.897857,116.39069,2008-10-26 14:37:32,0.0050335511191446,5.0,3.624156805784162,39.8979_116.3906,0.0833333333333333,1,1,0.3203427486692796
0,39.897918,116.390537,80.0,2008-10-26,14:37:42,2008-10-26 14:37:42,14,26,Sunday,10,True,39.89789,116.390631,2008-10-26 14:37:37,0.0080190874218096,5.0,5.773742943702921,39.8979_116.3905,0.0833333333333333,1,1,0.32034138241271815
0,39.897938,116.390499,80.0,2008-10-26,14:37:47,2008-10-26 14:37:47,14,26,Sunday,10,True,39.897918,116.390537,2008-10-26 14:37:42,0.0032419155427502,5.0,2.334179190780202,39.8979_116.3905,0.0833333333333333,1,1,0.32275617892878367
0,39.897951,116.390432,80.0,2008-10-26,14:37:52,2008-10-26 14:37:52,14,26,Sunday,10,True,39.897938,116.390499,2008-10-26 14:37:47,0.0057156535970635,5.0,4.115270589885722,39.898_116.3904,0.0833333333333333,1,1,0.31972574387730146
0,39.897958,116.390393,81.0,2008-10-26,14:37:57,2008-10-26 14:37:57,14,26,Sunday,10,True,39.897951,116.390432,2008-10-26 14:37:52,0.0033270170810863,5.0,2.395452298382166,39.898_116.3904,0.0833333333333333,1,1,0.32275617892878367
0,39.897975,116.390372,83.0,2008-10-26,14:38:02,2008-10-26 14:38:02,14,26,Sunday,10,True,39.897958,116.390393,2008-10-26 14:37:57,0.0017917592613624,5.0,1.2900666681809578,39.898_116.3904,0.0833333333333333,1,1,0.3280740683898042
0,39.897985,116.39038,84.0,2008-10-26,14:38:07,2008-10-26 14:38:07,14,26,Sunday,10,True,39.897975,116.390372,2008-10-26 14:38:02,0.0006827349848432,5.0,0.491569189087114,39.898_116.3904,0.0833333333333333,1,1,0.3285279612545728
0,39.897983,116.390404,84.0,2008-10-26,14:38:12,2008-10-26 14:38:12,14,26,Sunday,10,True,39.897985,116.39038,2008-10-26 14:38:07,0.0020473808574941,5.0,1.4741142173957993,39.898_116.3904,0.0833333333333333,1,1,0.3265322715057353
0,39.898168,116.390323,83.0,2008-10-26,14:38:57,2008-10-26 14:38:57,14,26,Sunday,10,True,39.897983,116.390404,2008-10-26 14:38:12,0.0069192100005936,45.0,0.5535368000474891,39.8982_116.3903,0.75,1,1,0.3158314220034273
0,39.898094,116.390087,83.0,2008-10-26,14:39:02,2008-10-26 14:39:02,14,26,Sunday,10,True,39.898168,116.390323,2008-10-26 14:38:57,0.020133011276994,5.0,14.49576811943571,39.8981_116.3901,0.0833333333333333,1,1,0.29376768505070144
0,39.898107,116.389829,89.0,2008-10-26,14:39:07,2008-10-26 14:39:07,14,26,Sunday,10,True,39.898094,116.390087,2008-10-26 14:39:02,0.0220092817004104,5.0,15.846682824295542,39.8981_116.3898,0.0833333333333333,1,1,0.29260237281736623
0,39.898043,116.389669,92.0,2008-10-26,14:39:12,2008-10-26 14:39:12,14,26,Sunday,10,True,39.898107,116.389829,2008-10-26 14:39:07,0.013649728177223,5.0,9.827804287600587,39.898_116.3897,0.0833333333333333,1,1,0.3062826329621677
0,39.898003,116.389611,99.0,2008-10-26,14:39:17,2008-10-26 14:39:17,14,26,Sunday,10,True,39.898043,116.389669,2008-10-26 14:39:12,0.0049484343012125,5.0,3.562872696873002,39.898_116.3896,0.0833333333333333,1,1,0.3203427486692796
0,39.897956,116.389586,99.0,2008-10-26,14:39:22,2008-10-26 14:39:22,14,26,Sunday,10,True,39.898003,116.389611,2008-10-26 14:39:17,0.0021346343892004,5.0,1.5369367602243384,39.898_116.3896,0.0833333333333333,1,1,0.3265322715057353
0,39.897934,116.38954,99.0,2008-10-26,14:39:27,2008-10-26 14:39:27,14,26,Sunday,10,True,39.897956,116.389586,2008-10-26 14:39:22,0.0039243740872881,5.0,2.825549342847464,39.8979_116.3895,0.0833333333333333,1,1,0.3190164125956023
0,39.897922,116.389476,99.0,2008-10-26,14:39:32,2008-10-26 14:39:32,14,26,Sunday,10,True,39.897934,116.38954,2008-10-26 14:39:27,0.0054597266033116,5.0,3.9310031543843538,39.8979_116.3895,0.0833333333333333,1,1,0.31972574387730146
0,39.897856,116.389462,89.0,2008-10-26,14:39:37,2008-10-26 14:39:37,14,26,Sunday,10,True,39.897922,116.389476,2008-10-26 14:39:32,0.0012011539568608,5.0,0.8648308489398101,39.8979_116.3895,0.0833333333333333,1,1,0.32739459600136905
0,39.897829,116.389429,92.0,2008-10-26,14:39:42,2008-10-26 14:39:42,14,26,Sunday,10,True,39.897856,116.389462,2008-10-26 14:39:37,0.0028156370523658,5.0,2.0272586777034203,39.8978_116.3894,0.0833333333333333,1,1,0.3215960491169103
0,39.897789,116.389394,96.0,2008-10-26,14:39:47,2008-10-26 14:39:47,14,26,Sunday,10,True,39.897829,116.389429,2008-10-26 14:39:42,0.0029867749960199,5.0,2.1504779971343453,39.8978_116.3894,0.0833333333333333,1,1,0.3215960491169103
0,39.897725,116.389345,97.0,2008-10-26,14:39:52,2008-10-26 14:39:52,14,26,Sunday,10,True,39.897789,116.389394,2008-10-26 14:39:47,0.0041819204901982,5.0,3.010982752942744,39.8977_116.3893,0.0833333333333333,1,1,0.31769128986665207
0,39.897636,116.389309,103.0,2008-10-26,14:39:57,2008-10-26 14:39:57,14,26,Sunday,10,True,39.897725,116.389345,2008-10-26 14:39:52,0.0030759327066615,5.0,2.214671548796338,39.8976_116.3893,0.0833333333333333,1,1,0.3215960491169103
0,39.897552,116.389288,106.0,2008-10-26,14:40:02,2008-10-26 14:40:02,14,26,Sunday,10,True,39.897636,116.389309,2008-10-26 14:39:57,0.0017988672171866,5.0,1.295184396374362,39.8976_116.3893,0.0833333333333333,1,1,0.3280740683898042
0,39.897493,116.389266,108.0,2008-10-26,14:40:07,2008-10-26 14:40:07,14,26,Sunday,10,True,39.897552,116.389288,2008-10-26 14:40:02,0.0018802647084642,5.0,1.3537905900942555,39.8975_116.3893,0.0833333333333333,1,1,0.3280740683898042
0,39.89746,116.389208,108.0,2008-10-26,14:40:12,2008-10-26 14:40:12,14,26,Sunday,10,True,39.897493,116.389266,2008-10-26 14:40:07,0.0049482792843375,5.0,3.562761084723003,39.8975_116.3892,0.0833333333333333,1,1,0.3203427486692796
0,39.897433,116.389152,109.0,2008-10-26,14:40:17,2008-10-26 14:40:17,14,26,Sunday,10,True,39.89746,116.389208,2008-10-26 14:40:12,0.004777538245984,5.0,3.439827537108523,39.8974_116.3892,0.0833333333333333,1,1,0.31769128986665207
0,39.897415,116.389071,112.0,2008-10-26,14:40:22,2008-10-26 14:40:22,14,26,Sunday,10,True,39.897433,116.389152,2008-10-26 14:40:17,0.0069100427380942,5.0,4.975230771427894,39.8974_116.3891,0.0833333333333333,1,1,0.3169865714026756
0,39.897424,116.389072,113.0,2008-10-26,14:40:27,2008-10-26 14:40:27,14,26,Sunday,10,True,39.897415,116.389071,2008-10-26 14:40:22,8.707781869121674e-05,5.0,0.062696029457676,39.8974_116.3891,0.0833333333333333,1,1,0.32782220398727174
0,39.897434,116.389086,113.0,2008-10-26,14:40:32,2008-10-26 14:40:32,14,26,Sunday,10,True,39.897424,116.389072,2008-10-26 14:40:27,0.0011944706958454,5.0,0.860018901008727,39.8974_116.3891,0.0833333333333333,1,1,0.32739459600136905
0,39.890553,116.38828,113.0,2008-10-26,14:42:57,2008-10-26 14:42:57,14,26,Sunday,10,True,39.897434,116.389086,2008-10-26 14:40:32,0.0700464856266089,145.0,1.739085160384774,39.8906_116.3883,2.4166666666666665,1,1,0.2108890962731092
0,39.88985,116.388581,113.0,2008-10-26,14:43:02,2008-10-26 14:43:02,14,26,Sunday,10,True,39.890553,116.38828,2008-10-26 14:42:57,0.025716653586201,5.0,18.51599058206478,39.8898_116.3886,0.0833333333333333,1,1,0.26893892659780405
0,39.889387,116.388412,113.0,2008-10-26,14:43:07,2008-10-26 14:43:07,14,26,Sunday,10,True,39.88985,116.388581,2008-10-26 14:43:02,0.0144466784428478,5.0,10.401608478850456,39.8894_116.3884,0.0833333333333333,1,1,0.30180142349745814
0,39.889107,116.387982,112.0,2008-10-26,14:43:12,2008-10-26 14:43:12,14,26,Sunday,10,True,39.889387,116.388412,2008-10-26 14:43:07,0.03669087485107,5.0,26.417429892770453,39.8891_116.388,0.0833333333333333,1,1,0.23765291653062365
0,39.888919,116.387519,112.0,2008-10-26,14:43:17,2008-10-26 14:43:17,14,26,Sunday,10,True,39.889107,116.387982,2008-10-26 14:43:12,0.0395041729236614,5.0,28.443004505036217,39.8889_116.3875,0.0833333333333333,1,1,0.23006621378924869
0,39.888766,116.387035,112.0,2008-10-26,14:43:22,2008-10-26 14:43:22,14,26,Sunday,10,True,39.888919,116.387519,2008-10-26 14:43:17,0.0412953477757223,5.0,29.732650398520075,39.8888_116.387,0.0833333333333333,1,1,0.23470743232446412
0,39.887811,116.358262,143.0,2008-10-26,14:47:57,2008-10-26 14:47:57,14,26,Sunday,10,True,39.888766,116.387035,2008-10-26 14:43:22,2.454897233031155,275.0,32.13683650513512,39.8878_116.3583,4.583333333333333,1,1,0.04123038874249629
0,39.888135,116.357553,190.0,2008-10-26,14:48:02,2008-10-26 14:48:02,14,26,Sunday,10,True,39.887811,116.358262,2008-10-26 14:47:57,0.0604950366343807,5.0,43.55642637675411,39.8881_116.3576,0.0833333333333333,1,1,0.22151187851555554
0,39.887985,116.357414,44.0,2008-10-26,14:48:07,2008-10-26 14:48:07,14,26,Sunday,10,True,39.888135,116.357553,2008-10-26 14:48:02,0.0118630154198834,5.0,8.541371102316097,39.888_116.3574,0.0833333333333333,1,1,0.30990019029732496
0,39.887563,116.357614,-139.0,2008-10-26,14:48:12,2008-10-26 14:48:12,14,26,Sunday,10,True,39.887985,116.357414,2008-10-26 14:48:07,0.017083660251029,5.0,12.300235380740922,39.8876_116.3576,0.0833333333333333,1,1,0.29986112890808414
0,39.887244,116.357767,-296.0,2008-10-26,14:48:17,2008-10-26 14:48:17,14,26,Sunday,10,True,39.887563,116.357614,2008-10-26 14:48:12,0.0130687163391609,5.0,9.409475764195896,39.8872_116.3578,0.0833333333333333,1,1,0.30644834621853045
0,39.887205,116.357897,-330.0,2008-10-26,14:48:22,2008-10-26 14:48:22,14,26,Sunday,10,True,39.887244,116.357767,2008-10-26 14:48:17,0.0110919589270144,5.0,7.986210427450407,39.8872_116.3579,0.0833333333333333,1,1,0.30990019029732496
0,39.887183,116.358038,-360.0,2008-10-26,14:48:27,2008-10-26 14:48:27,14,26,Sunday,10,True,39.887205,116.357897,2008-10-26 14:48:22,0.0120303103250034,5.0,8.661823434002516,39.8872_116.358,0.0833333333333333,1,1,0.30990019029732496
0,39.88716,116.358174,-378.0,2008-10-26,14:48:32,2008-10-26 14:48:32,14,26,Sunday,10,True,39.887183,116.358038,2008-10-26 14:48:27,0.0116037201604881,5.0,8.354678515551498,39.8872_116.3582,0.0833333333333333,1,1,0.30990019029732496
0,39.887134,116.358309,-387.0,2008-10-26,14:48:37,2008-10-26 14:48:37,14,26,Sunday,10,True,39.88716,116.358174,2008-10-26 14:48:32,0.0115184281048485,5.0,8.29326823549099,39.8871_116.3583,0.0833333333333333,1,1,0.30990019029732496
0,39.887104,116.358404,-378.0,2008-10-26,14:48:42,2008-10-26 14:48:42,14,26,Sunday,10,True,39.887134,116.358309,2008-10-26 14:48:37,0.0081056951518855,5.0,5.8361005093575695,39.8871_116.3584,0.0833333333333333,1,1,0.3184709275215373
0,39.887157,116.35841,-281.0,2008-10-26,14:48:47,2008-10-26 14:48:47,14,26,Sunday,10,True,39.887104,116.358404,2008-10-26 14:48:42,0.0005221564314628,5.0,0.3759526306532474,39.8872_116.3584,0.0833333333333333,1,1,0.3285279612545728
0,39.887264,116.358372,-163.0,2008-10-26,14:48:52,2008-10-26 14:48:52,14,26,Sunday,10,True,39.887157,116.35841,2008-10-26 14:48:47,0.0032488333210094,5.0,2.3391599911268037,39.8873_116.3584,0.0833333333333333,1,1,0.32275617892878367
0,39.887335,116.358451,-87.0,2008-10-26,14:48:57,2008-10-26 14:48:57,14,26,Sunday,10,True,39.887264,116.358372,2008-10-26 14:48:52,0.0067417420795866,5.0,4.854054297302381,39.8873_116.3585,0.0833333333333333,1,1,0.3159849068613689
0,39.888015,116.350022,230.0,2008-10-26,14:49:37,2008-10-26 14:49:37,14,26,Sunday,10,True,39.887335,116.358451,2008-10-26 14:48:57,0.7191652931803527,40.0,64.72487638623174,39.888_116.35,0.6666666666666666,1,1,0.048858566330177156
0,39.888129,116.349224,254.0,2008-10-26,14:49:42,2008-10-26 14:49:42,14,26,Sunday,10,True,39.888015,116.350022,2008-10-26 14:49:37,0.0680854958369705,5.0,49.02155700261882,39.8881_116.3492,0.0833333333333333,1,1,0.2025144253851835
0,39.888175,116.348258,269.0,2008-10-26,14:49:47,2008-10-26 14:49:47,14,26,Sunday,10,True,39.888129,116.349224,2008-10-26 14:49:42,0.0824188014683569,5.0,59.34153705721696,39.8882_116.3483,0.0833333333333333,1,1,0.17944778826341934
0,39.888217,116.347311,298.0,2008-10-26,14:49:52,2008-10-26 14:49:52,14,26,Sunday,10,True,39.888175,116.348258,2008-10-26 14:49:47,0.0807976695909772,5.0,58.17432210550364,39.8882_116.3473,0.0833333333333333,1,1,0.18386610074284176
0,39.888301,116.346335,254.0,2008-10-26,14:49:57,2008-10-26 14:49:57,14,26,Sunday,10,True,39.888217,116.347311,2008-10-26 14:49:52,0.0832719789208026,5.0,59.95582482297791,39.8883_116.3463,0.0833333333333333,1,1,0.17944778826341934
0,39.888389,116.345375,227.0,2008-10-26,14:50:02,2008-10-26 14:50:02,14,26,Sunday,10,True,39.888301,116.346335,2008-10-26 14:49:57,0.0819067828533716,5.0,58.972883654427584,39.8884_116.3454,0.0833333333333333,1,1,0.17987536238058904
0,39.88843,116.34445,246.0,2008-10-26,14:50:07,2008-10-26 14:50:07,14,26,Sunday,10,True,39.888389,116.345375,2008-10-26 14:50:02,0.0789203923630048,5.0,56.822682501363474,39.8884_116.3444,0.0833333333333333,1,1,0.1832076814044905
0,39.88849,116.343651,261.0,2008-10-26,14:50:12,2008-10-26 14:50:12,14,26,Sunday,10,True,39.88843,116.34445,2008-10-26 14:50:07,0.0681701697161992,5.0,49.082522195663465,39.8885_116.3437,0.0833333333333333,1,1,0.2025144253851835
0,39.888551,116.343034,272.0,2008-10-26,14:50:17,2008-10-26 14:50:17,14,26,Sunday,10,True,39.88849,116.343651,2008-10-26 14:50:12,0.0526420558092464,5.0,37.90228018265745,39.8886_116.343,0.0833333333333333,1,1,0.22960120932161032
0,39.88861,116.342542,272.0,2008-10-26,14:50:22,2008-10-26 14:50:22,14,26,Sunday,10,True,39.888551,116.343034,2008-10-26 14:50:17,0.0419771469256055,5.0,30.223545786436024,39.8886_116.3425,0.0833333333333333,1,1,0.23743583450839773
0,39.888807,116.342226,272.0,2008-10-26,14:50:27,2008-10-26 14:50:27,14,26,Sunday,10,True,39.88861,116.342542,2008-10-26 14:50:22,0.0269634917683115,5.0,19.41371407318434,39.8888_116.3422,0.0833333333333333,1,1,0.26664840534098705
0,39.889253,116.342205,284.0,2008-10-26,14:50:32,2008-10-26 14:50:32,14,26,Sunday,10,True,39.888807,116.342226,2008-10-26 14:50:27,0.0019898100235872,5.0,1.4326632169828184,39.8893_116.3422,0.0833333333333333,1,1,0.3285365910691496
0,39.889537,116.342008,291.0,2008-10-26,14:50:37,2008-10-26 14:50:37,14,26,Sunday,10,True,39.889253,116.342205,2008-10-26 14:50:32,0.0168166949869234,5.0,12.108020390584908,39.8895_116.342,0.0833333333333333,1,1,0.2993597771128621
0,39.889912,116.342044,292.0,2008-10-26,14:50:42,2008-10-26 14:50:42,14,26,Sunday,10,True,39.889537,116.342008,2008-10-26 14:50:37,0.0031564800272268,5.0,2.272665619603296,39.8899_116.342,0.0833333333333333,1,1,0.3232258927640629
0,39.890377,116.342122,306.0,2008-10-26,14:50:47,2008-10-26 14:50:47,14,26,Sunday,10,True,39.889912,116.342044,2008-10-26 14:50:42,0.0067156466842483,5.0,4.835265612658844,39.8904_116.3421,0.0833333333333333,1,1,0.3159849068613689
0,39.890827,116.342177,302.0,2008-10-26,14:50:52,2008-10-26 14:50:52,14,26,Sunday,10,True,39.890377,116.342122,2008-10-26 14:50:47,0.0047729883380914,5.0,3.4365516034258436,39.8908_116.3422,0.0833333333333333,1,1,0.31816785273617687
0,39.891336,116.342296,303.0,2008-10-26,14:50:57,2008-10-26 14:50:57,14,26,Sunday,10,True,39.890827,116.342177,2008-10-26 14:50:52,0.0102005443098643,5.0,7.344391903102365,39.8913_116.3423,0.0833333333333333,1,1,0.3147870771256323
0,39.891845,116.342338,289.0,2008-10-26,14:51:02,2008-10-26 14:51:02,14,26,Sunday,10,True,39.891336,116.342296,2008-10-26 14:50:57,0.0037169124921163,5.0,2.6761769943237637,39.8918_116.3423,0.0833333333333333,1,1,0.31949118355797207
0,39.892343,116.342358,281.0,2008-10-26,14:51:07,2008-10-26 14:51:07,14,26,Sunday,10,True,39.891845,116.342338,2008-10-26 14:51:02,0.001960999399741,5.0,1.4119195678135643,39.8923_116.3424,0.0833333333333333,1,1,0.3285365910691496
0,39.892854,116.342369,273.0,2008-10-26,14:51:12,2008-10-26 14:51:12,14,26,Sunday,10,True,39.892343,116.342358,2008-10-26 14:51:07,0.0013653497108644,5.0,0.9830517918223836,39.8929_116.3424,0.0833333333333333,1,1,0.3278580375023511
0,39.893374,116.342427,256.0,2008-10-26,14:51:17,2008-10-26 14:51:17,14,26,Sunday,10,True,39.892854,116.342369,2008-10-26 14:51:12,0.0050500409394062,5.0,3.636029476372533,39.8934_116.3424,0.0833333333333333,1,1,0.3208157260837397
0,39.893862,116.342512,273.0,2008-10-26,14:51:22,2008-10-26 14:51:22,14,26,Sunday,10,True,39.893374,116.342427,2008-10-26 14:51:17,0.0073131724603787,5.0,5.265484171472705,39.8939_116.3425,0.0833333333333333,1,1,0.32034138241271815
0,39.894285,116.342555,277.0,2008-10-26,14:51:27,2008-10-26 14:51:27,14,26,Sunday,10,True,39.893862,116.342512,2008-10-26 14:51:22,0.003759158189796,5.0,2.706593896653172,39.8943_116.3426,0.0833333333333333,1,1,0.31949118355797207
0,39.894708,116.342596,294.0,2008-10-26,14:51:32,2008-10-26 14:51:32,14,26,Sunday,10,True,39.894285,116.342555,2008-10-26 14:51:27,0.0035928241027275,5.0,2.5868333539638377,39.8947_116.3426,0.0833333333333333,1,1,0.31949118355797207
0,39.895131,116.342596,307.0,2008-10-26,14:51:37,2008-10-26 14:51:37,14,26,Sunday,10,True,39.894708,116.342596,2008-10-26 14:51:32,0.0008209235369572,5.0,0.5910649466092003,39.8951_116.3426,0.0833333333333333,1,1,0.32864751856490987
0,39.895542,116.342573,295.0,2008-10-26,14:51:42,2008-10-26 14:51:42,14,26,Sunday,10,True,39.895131,116.342596,2008-10-26 14:51:37,0.0021180738427112,5.0,1.5250131667520868,39.8955_116.3426,0.0833333333333333,1,1,0.32699687909148817
0,39.895956,116.342544,286.0,2008-10-26,14:51:47,2008-10-26 14:51:47,14,26,Sunday,10,True,39.895542,116.342573,2008-10-26 14:51:42,0.0026011907659019,5.0,1.8728573514494224,39.896_116.3425,0.0833333333333333,1,1,0.32476238831578813
0,39.896292,116.342467,288.0,2008-10-26,14:51:52,2008-10-26 14:51:52,14,26,Sunday,10,True,39.895956,116.342544,2008-10-26 14:51:47,0.0066011330130082,5.0,4.752815769365965,39.8963_116.3425,0.0833333333333333,1,1,0.31789650638177774
0,39.896624,116.342434,296.0,2008-10-26,14:51:57,2008-10-26 14:51:57,14,26,Sunday,10,True,39.896292,116.342467,2008-10-26 14:51:52,0.002887998013949,5.0,2.0793585700432957,39.8966_116.3424,0.0833333333333333,1,1,0.3220673317464342
0,39.896958,116.342386,290.0,2008-10-26,14:52:02,2008-10-26 14:52:02,14,26,Sunday,10,True,39.896624,116.342434,2008-10-26 14:51:57,0.0041458123219732,5.0,2.984984871820759,39.897_116.3424,0.0833333333333333,1,1,0.3161130075693607
0,39.897252,116.34234,255.0,2008-10-26,14:52:07,2008-10-26 14:52:07,14,26,Sunday,10,True,39.896958,116.342386,2008-10-26 14:52:02,0.003965453036755,5.0,2.8551261864636093,39.8973_116.3423,0.0833333333333333,1,1,0.31949118355797207
0,39.89744,116.342472,218.0,2008-10-26,14:52:12,2008-10-26 14:52:12,14,26,Sunday,10,True,39.897252,116.34234,2008-10-26 14:52:07,0.0112665885523752,5.0,8.11194375771021,39.8974_116.3425,0.0833333333333333,1,1,0.30990019029732496
0,39.897554,116.342803,165.0,2008-10-26,14:52:17,2008-10-26 14:52:17,14,26,Sunday,10,True,39.89744,116.342472,2008-10-26 14:52:12,0.0282378109541785,5.0,20.33122388700858,39.8976_116.3428,0.0833333333333333,1,1,0.2682829509999705
0,39.897622,116.343181,143.0,2008-10-26,14:52:22,2008-10-26 14:52:22,14,26,Sunday,10,True,39.897554,116.342803,2008-10-26 14:52:17,0.0322466469183618,5.0,23.217585781220556,39.8976_116.3432,0.0833333333333333,1,1,0.252028315428881
0,39.897317,116.343296,144.0,2008-10-26,14:52:27,2008-10-26 14:52:27,14,26,Sunday,10,True,39.897622,116.343181,2008-10-26 14:52:22,0.0098282633286336,5.0,7.076349596616244,39.8973_116.3433,0.0833333333333333,1,1,0.3147870771256323
0,39.896906,116.343324,132.0,2008-10-26,14:52:32,2008-10-26 14:52:32,14,26,Sunday,10,True,39.897317,116.343296,2008-10-26 14:52:27,0.0025182948109433,5.0,1.813172263879195,39.8969_116.3433,0.0833333333333333,1,1,0.32476238831578813
0,39.8964,116.343194,116.0,2008-10-26,14:52:37,2008-10-26 14:52:37,14,26,Sunday,10,True,39.896906,116.343324,2008-10-26 14:52:32,0.0111335669846424,5.0,8.016168228942547,39.8964_116.3432,0.0833333333333333,1,1,0.30990019029732496
0,39.896164,116.342628,92.0,2008-10-26,14:52:42,2008-10-26 14:52:42,14,26,Sunday,10,True,39.8964,116.343194,2008-10-26 14:52:37,0.0482873497624023,5.0,34.76689182892971,39.8962_116.3426,0.0833333333333333,1,1,0.2295944990690294
0,39.896311,116.341556,67.0,2008-10-26,14:52:47,2008-10-26 14:52:47,14,26,Sunday,10,True,39.896164,116.342628,2008-10-26 14:52:42,0.0914522894676339,5.0,65.84564841669645,39.8963_116.3416,0.0833333333333333,1,1,0.14453527654435472
0,39.896427,116.340485,52.0,2008-10-26,14:52:52,2008-10-26 14:52:52,14,26,Sunday,10,True,39.896311,116.341556,2008-10-26 14:52:47,0.0913666369722019,5.0,65.78397861998542,39.8964_116.3405,0.0833333333333333,1,1,0.14453527654435472
0,39.896524,116.339345,54.0,2008-10-26,14:52:57,2008-10-26 14:52:57,14,26,Sunday,10,True,39.896427,116.340485,2008-10-26 14:52:52,0.0972527387914491,5.0,70.02197192984342,39.8965_116.3393,0.0833333333333333,1,1,0.13043980610450034
0,39.896482,116.338167,62.0,2008-10-26,14:53:02,2008-10-26 14:53:02,14,26,Sunday,10,True,39.896524,116.339345,2008-10-26 14:52:57,0.1004943012133868,5.0,72.35589687363851,39.8965_116.3382,0.0833333333333333,1,1,0.12604035686311066
0,39.896446,116.336906,100.0,2008-10-26,14:53:07,2008-10-26 14:53:07,14,26,Sunday,10,True,39.896482,116.338167,2008-10-26 14:53:02,0.1075750178151843,5.0,77.45401282693271,39.8964_116.3369,0.0833333333333333,1,1,0.12152315794766999
0,39.896348,116.335752,125.0,2008-10-26,14:53:12,2008-10-26 14:53:12,14,26,Sunday,10,True,39.896446,116.336906,2008-10-26 14:53:07,0.0984471827162238,5.0,70.88197155568115,39.8963_116.3358,0.0833333333333333,1,1,0.1275108105384214
0,39.896242,116.334644,140.0,2008-10-26,14:53:17,2008-10-26 14:53:17,14,26,Sunday,10,True,39.896348,116.335752,2008-10-26 14:53:12,0.0945231330747878,5.0,68.05665581384721,39.8962_116.3346,0.0833333333333333,1,1,0.14275481389122824
0,39.896151,116.333527,148.0,2008-10-26,14:53:22,2008-10-26 14:53:22,14,26,Sunday,10,True,39.896242,116.334644,2008-10-26 14:53:17,0.0952909951912223,5.0,68.60951653768012,39.8962_116.3335,0.0833333333333333,1,1,0.14189250888569271
0,39.896157,116.332469,157.0,2008-10-26,14:53:27,2008-10-26 14:53:27,14,26,Sunday,10,True,39.896151,116.333527,2008-10-26 14:53:22,0.0902576214200976,5.0,64.98548742247029,39.8962_116.3325,0.0833333333333333,1,1,0.1584962222032137
0,39.896198,116.33137,171.0,2008-10-26,14:53:32,2008-10-26 14:53:32,14,26,Sunday,10,True,39.896157,116.332469,2008-10-26 14:53:27,0.0937553183605017,5.0,67.50382921956128,39.8962_116.3314,0.0833333333333333,1,1,0.14275481389122824
0,39.896107,116.330137,184.0,2008-10-26,14:53:37,2008-10-26 14:53:37,14,26,Sunday,10,True,39.896198,116.33137,2008-10-26 14:53:32,0.1051869617935592,5.0,75.73461249136263,39.8961_116.3301,0.0833333333333333,1,1,0.12332143098743242
0,39.895958,116.328822,185.0,2008-10-26,14:53:42,2008-10-26 14:53:42,14,26,Sunday,10,True,39.896107,116.330137,2008-10-26 14:53:37,0.1121827749471848,5.0,80.77159796197311,39.896_116.3288,0.0833333333333333,1,1,0.10645504611542023
0,39.895851,116.327588,186.0,2008-10-26,14:53:47,2008-10-26 14:53:47,14,26,Sunday,10,True,39.895958,116.328822,2008-10-26 14:53:42,0.1052727089443552,5.0,75.79635043993576,39.8959_116.3276,0.0833333333333333,1,1,0.12332143098743242
0,39.895688,116.326348,181.0,2008-10-26,14:53:52,2008-10-26 14:53:52,14,26,Sunday,10,True,39.895851,116.327588,2008-10-26 14:53:47,0.1057850453207354,5.0,76.16523263092951,39.8957_116.3263,0.0833333333333333,1,1,0.12035380139714957
0,39.895536,116.325104,181.0,2008-10-26,14:53:57,2008-10-26 14:53:57,14,26,Sunday,10,True,39.895688,116.326348,2008-10-26 14:53:52,0.1061264667541357,5.0,76.41105606297776,39.8955_116.3251,0.0833333333333333,1,1,0.12035380139714957
0,39.895452,116.323818,179.0,2008-10-26,14:54:02,2008-10-26 14:54:02,14,26,Sunday,10,True,39.895536,116.325104,2008-10-26 14:53:57,0.1097094008560266,5.0,78.99076861633914,39.8955_116.3238,0.0833333333333333,1,1,0.10569180535192946
0,39.895459,116.322583,175.0,2008-10-26,14:54:07,2008-10-26 14:54:07,14,26,Sunday,10,True,39.895452,116.323818,2008-10-26 14:54:02,0.1053585052224907,5.0,75.8581237601933,39.8955_116.3226,0.0833333333333333,1,1,0.12332143098743242
0,39.895494,116.321381,178.0,2008-10-26,14:54:12,2008-10-26 14:54:12,14,26,Sunday,10,True,39.895459,116.322583,2008-10-26 14:54:07,0.1025432479376231,5.0,73.8311385150887,39.8955_116.3214,0.0833333333333333,1,1,0.12456591824257857
0,39.895564,116.320212,179.0,2008-10-26,14:54:17,2008-10-26 14:54:17,14,26,Sunday,10,True,39.895494,116.321381,2008-10-26 14:54:12,0.0997279949541772,5.0,71.80415636700762,39.8956_116.3202,0.0833333333333333,1,1,0.1275108105384214
0,39.895604,116.319046,173.0,2008-10-26,14:54:22,2008-10-26 14:54:22,14,26,Sunday,10,True,39.895564,116.320212,2008-10-26 14:54:17,0.0994719215752196,5.0,71.61978353415817,39.8956_116.319,0.0833333333333333,1,1,0.1252861901050989
0,39.895596,116.317907,163.0,2008-10-26,14:54:27,2008-10-26 14:54:27,14,26,Sunday,10,True,39.895604,116.319046,2008-10-26 14:54:22,0.0971684898530063,5.0,69.96131269416459,39.8956_116.3179,0.0833333333333333,1,1,0.1251925574442233
0,39.895557,116.316767,161.0,2008-10-26,14:54:32,2008-10-26 14:54:32,14,26,Sunday,10,True,39.895596,116.317907,2008-10-26 14:54:27,0.0972538617628186,5.0,70.0227804692294,39.8956_116.3168,0.0833333333333333,1,1,0.1251925574442233
0,39.895524,116.315621,163.0,2008-10-26,14:54:37,2008-10-26 14:54:37,14,26,Sunday,10,True,39.895557,116.316767,2008-10-26 14:54:32,0.0977657669162288,5.0,70.39135217968477,39.8955_116.3156,0.0833333333333333,1,1,0.1251925574442233
0,39.906329,116.305087,-254.0,2008-10-26,14:57:02,2008-10-26 14:57:02,14,26,Sunday,10,True,39.895524,116.315621,2008-10-26 14:54:37,0.8988340107502637,145.0,22.315878887592753,39.9063_116.3051,2.4166666666666665,1,1,0.05941134342102372
0,39.907606,116.304866,-116.0,2008-10-26,14:57:07,2008-10-26 14:57:07,14,26,Sunday,10,True,39.906329,116.305087,2008-10-26 14:57:02,0.0190126744560672,5.0,13.689125608368396,39.9076_116.3049,0.0833333333333333,1,1,0.29196018016004766
0,39.908973,116.30463,-19.0,2008-10-26,14:57:12,2008-10-26 14:57:12,14,26,Sunday,10,True,39.907606,116.304866,2008-10-26 14:57:07,0.020303584692229,5.0,14.618580978404944,39.909_116.3046,0.0833333333333333,1,1,0.29196018016004766
0,39.909989,116.304525,19.0,2008-10-26,14:57:17,2008-10-26 14:57:17,14,26,Sunday,10,True,39.908973,116.30463,2008-10-26 14:57:12,0.0091702633382094,5.0,6.602589603510803,39.91_116.3045,0.0833333333333333,1,1,0.31304509132586883
0,39.910792,116.304573,14.0,2008-10-26,14:57:22,2008-10-26 14:57:22,14,26,Sunday,10,True,39.909989,116.304525,2008-10-26 14:57:17,0.0043805868143295,5.0,3.1540225063172924,39.9108_116.3046,0.0833333333333333,1,1,0.31647753702483805
0,39.911518,116.30458,20.0,2008-10-26,14:57:27,2008-10-26 14:57:27,14,26,Sunday,10,True,39.910792,116.304573,2008-10-26 14:57:22,0.0015302365989733,5.0,1.1017703512608077,39.9115_116.3046,0.0833333333333333,1,1,0.3260272274380907
0,39.912295,116.304531,15.0,2008-10-26,14:57:32,2008-10-26 14:57:32,14,26,Sunday,10,True,39.911518,116.30458,2008-10-26 14:57:27,0.0044429373083048,5.0,3.1989148619795116,39.9123_116.3045,0.0833333333333333,1,1,0.31647753702483805
0,39.913239,116.304353,-4.0,2008-10-26,14:57:37,2008-10-26 14:57:37,14,26,Sunday,10,True,39.912295,116.304531,2008-10-26 14:57:32,0.0152915800325526,5.0,11.009937623437938,39.9132_116.3044,0.0833333333333333,1,1,0.2964625275109204
0,39.914398,116.303982,-3.0,2008-10-26,14:57:42,2008-10-26 14:57:42,14,26,Sunday,10,True,39.913239,116.304353,2008-10-26 14:57:37,0.031721570951385,5.0,22.83953108499724,39.9144_116.304,0.0833333333333333,1,1,0.2533669275110798
0,39.915454,116.303666,33.0,2008-10-26,14:57:47,2008-10-26 14:57:47,14,26,Sunday,10,True,39.914398,116.303982,2008-10-26 14:57:42,0.027028276280077,5.0,19.46035892165544,39.9155_116.3037,0.0833333333333333,1,1,0.26471065191377524
0,39.916244,116.303502,50.0,2008-10-26,14:57:52,2008-10-26 14:57:52,14,26,Sunday,10,True,39.915454,116.303666,2008-10-26 14:57:47,0.0140705414492084,5.0,10.130789843430115,39.9162_116.3035,0.0833333333333333,1,1,0.30379868990890807
0,39.916733,116.303511,34.0,2008-10-26,14:57:57,2008-10-26 14:57:57,14,26,Sunday,10,True,39.916244,116.303502,2008-10-26 14:57:52,0.0012205607884606,5.0,0.8788037676916499,39.9167_116.3035,0.0833333333333333,1,1,0.3262142618318348
0,39.917003,116.303706,-6.0,2008-10-26,14:58:02,2008-10-26 14:58:02,14,26,Sunday,10,True,39.916733,116.303511,2008-10-26 14:57:57,0.0166386077831399,5.0,11.97979760386075,39.917_116.3037,0.0833333333333333,1,1,0.29757912993433006
0,39.917034,116.304053,-62.0,2008-10-26,14:58:07,2008-10-26 14:58:07,14,26,Sunday,10,True,39.917003,116.303706,2008-10-26 14:58:02,0.0295934992071345,5.0,21.3073194291369,39.917_116.3041,0.0833333333333333,1,1,0.2606427716695785
0,39.917695,116.303979,-48.0,2008-10-26,14:58:12,2008-10-26 14:58:12,14,26,Sunday,10,True,39.917034,116.304053,2008-10-26 14:58:07,0.0064400184110253,5.0,4.636813255938239,39.9177_116.304,0.0833333333333333,1,1,0.3162048874475679
0,39.923903,116.30109,45.0,2008-10-26,14:58:32,2008-10-26 14:58:32,14,26,Sunday,10,True,39.917695,116.303979,2008-10-26 14:58:12,0.246665366020465,20.0,44.3997658836837,39.9239_116.3011,0.3333333333333333,1,1,0.06866765735399405
0,39.921621,116.31333,620.0,2008-10-26,14:59:47,2008-10-26 14:59:47,14,26,Sunday,10,True,39.923903,116.30109,2008-10-26 14:58:32,1.0437941245632534,75.0,50.102117979036166,39.9216_116.3133,1.25,1,1,0.05519156113116608
0,39.921726,116.314124,562.0,2008-10-26,14:59:52,2008-10-26 14:59:52,14,26,Sunday,10,True,39.921621,116.31333,2008-10-26 14:59:47,0.0677109480613916,5.0,48.75188260420195,39.9217_116.3141,0.0833333333333333,1,1,0.1979679610277898
0,39.921752,116.314912,502.0,2008-10-26,14:59:57,2008-10-26 14:59:57,14,26,Sunday,10,True,39.921726,116.314124,2008-10-26 14:59:52,0.0671989287765654,5.0,48.383228719127096,39.9218_116.3149,0.0833333333333333,1,1,0.1979679610277898
0,39.921727,116.315631,473.0,2008-10-26,15:00:02,2008-10-26 15:00:02,15,26,Sunday,10,True,39.921752,116.314912,2008-10-26 14:59:57,0.0613147600790595,5.0,44.146627256922905,39.9217_116.3156,0.0833333333333333,1,1,0.20896235359598647
0,39.921654,116.316311,465.0,2008-10-26,15:00:07,2008-10-26 15:00:07,15,26,Sunday,10,True,39.921727,116.315631,2008-10-26 15:00:02,0.05798912109573,5.0,41.75216718892562,39.9217_116.3163,0.0833333333333333,1,1,0.2163730325477331
0,39.924984,116.321619,139.0,2008-10-26,15:03:37,2008-10-26 15:03:37,15,26,Sunday,10,True,39.921654,116.316311,2008-10-26 15:00:07,0.452690272117492,210.0,7.760404664871292,39.925_116.3216,3.5,1,1,0.05464748598346514
0,39.925771,116.320944,202.0,2008-10-26,15:03:42,2008-10-26 15:03:42,15,26,Sunday,10,True,39.924984,116.321619,2008-10-26 15:03:37,0.0575797195832702,5.0,41.45739809995455,39.9258_116.3209,0.0833333333333333,1,1,0.21889988815502842
0,39.926631,116.320306,219.0,2008-10-26,15:03:47,2008-10-26 15:03:47,15,26,Sunday,10,True,39.925771,116.320944,2008-10-26 15:03:42,0.0544292889034074,5.0,39.18908801045336,39.9266_116.3203,0.0833333333333333,1,1,0.2191900365805548
0,39.926547,116.320323,192.0,2008-10-26,15:03:52,2008-10-26 15:03:52,15,26,Sunday,10,True,39.926631,116.320306,2008-10-26 15:03:47,0.0014587575893142,5.0,1.0503054643062737,39.9265_116.3203,0.0833333333333333,1,1,0.32316637797351283
0,39.926519,116.320339,177.0,2008-10-26,15:03:57,2008-10-26 15:03:57,15,26,Sunday,10,True,39.926547,116.320323,2008-10-26 15:03:52,0.0013654310505343,5.0,0.983110356384764,39.9265_116.3203,0.0833333333333333,1,1,0.32335496744342
0,39.926514,116.320361,173.0,2008-10-26,15:04:02,2008-10-26 15:04:02,15,26,Sunday,10,True,39.926519,116.320339,2008-10-26 15:03:57,0.001876005883659,5.0,1.350724236234517,39.9265_116.3204,0.0833333333333333,1,1,0.32207217457864223
0,39.926426,116.320399,167.0,2008-10-26,15:04:07,2008-10-26 15:04:07,15,26,Sunday,10,True,39.926514,116.320361,2008-10-26 15:04:02,0.0032448301303137,5.0,2.336277693825921,39.9264_116.3204,0.0833333333333333,1,1,0.3176162355120688
0,39.994622,116.326757,492.0,2008-10-27,11:54:49,2008-10-27 11:54:49,11,27,Monday,10,False,39.926426,116.320399,2008-10-26 15:04:07,0.5578170452557799,75042.0,0.0267602324421098,39.9946_116.3268,1250.7,9,1,0.10225158076894048
0,39.994622,116.326757,492.0,2008-10-27,11:54:52,2008-10-27 11:54:52,11,27,Monday,10,False,39.994622,116.326757,2008-10-27 11:54:49,0.0,3.0,0.0,39.9946_116.3268,0.05,9,1,0.33905436884410395
0,39.994614,116.326751,492.0,2008-10-27,11:54:54,2008-10-27 11:54:54,11,27,Monday,10,False,39.994622,116.326757,2008-10-27 11:54:52,0.0005113575640244,2.0,0.9204436152440738,39.9946_116.3268,0.0333333333333333,9,1,0.33973696680684984
0,39.994602,116.326769,492.0,2008-10-27,11:54:59,2008-10-27 11:54:59,11,27,Monday,10,False,39.994614,116.326751,2008-10-27 11:54:54,0.0015335425116056,5.0,1.1041506083560717,39.9946_116.3268,0.0833333333333333,9,1,0.3384065999315877
0,39.994599,116.326769,492.0,2008-10-27,11:55:04,2008-10-27 11:55:04,11,27,Monday,10,False,39.994602,116.326769,2008-10-27 11:54:59,5.822152742713939e-06,5.0,0.004191949974754,39.9946_116.3268,0.0833333333333333,9,1,0.33905436884410395
0,39.994599,116.326769,492.0,2008-10-27,11:55:07,2008-10-27 11:55:07,11,27,Monday,10,False,39.994599,116.326769,2008-10-27 11:55:04,0.0,3.0,0.0,39.9946_116.3268,0.05,9,1,0.33905436884410395
0,39.994601,116.326765,492.0,2008-10-27,11:55:09,2008-10-27 11:55:09,11,27,Monday,10,False,39.994599,116.326769,2008-10-27 11:55:07,0.0003407700726633,2.0,0.6133861307940464,39.9946_116.3268,0.0333333333333333,9,1,0.33905436884410395
0,39.994584,116.326731,492.0,2008-10-27,11:55:14,2008-10-27 11:55:14,11,27,Monday,10,False,39.994601,116.326765,2008-10-27 11:55:09,0.0028965459326602,5.0,2.0855130715154,39.9946_116.3267,0.0833333333333333,9,1,0.33376384461553077
0,39.994593,116.326668,492.0,2008-10-27,11:55:19,2008-10-27 11:55:19,11,27,Monday,10,False,39.994584,116.326731,2008-10-27 11:55:14,0.0053668097978267,5.0,3.8641030544352817,39.9946_116.3267,0.0833333333333333,9,1,0.3346104317081223
0,39.994564,116.326612,492.0,2008-10-27,11:55:24,2008-10-27 11:55:24,11,27,Monday,10,False,39.994593,116.326668,2008-10-27 11:55:19,0.0047708050139431,5.0,3.4349796100390395,39.9946_116.3266,0.0833333333333333,9,1,0.33285571112250717
0,39.994549,116.326542,492.0,2008-10-27,11:55:29,2008-10-27 11:55:29,11,27,Monday,10,False,39.994564,116.326612,2008-10-27 11:55:24,0.0059631642669736,5.0,4.293478272221008,39.9945_116.3265,0.0833333333333333,9,1,0.33240223190534357
0,39.994551,116.32651,493.0,2008-10-27,11:55:34,2008-10-27 11:55:34,11,27,Monday,10,False,39.994549,116.326542,2008-10-27 11:55:29,0.0027259884910894,5.0,1.962711713584403,39.9946_116.3265,0.0833333333333333,9,1,0.33376384461553077
0,39.994547,116.326425,494.0,2008-10-27,11:55:39,2008-10-27 11:55:39,11,27,Monday,10,False,39.994551,116.32651,2008-10-27 11:55:34,0.0072409038555131,5.0,5.21345077596949,39.9945_116.3264,0.0833333333333333,9,1,0.3325965500947095
0,39.994554,116.326341,494.0,2008-10-27,11:55:44,2008-10-27 11:55:44,11,27,Monday,10,False,39.994547,116.326425,2008-10-27 11:55:39,0.0071557253775832,5.0,5.152122271859972,39.9946_116.3263,0.0833333333333333,9,1,0.3325965500947095
0,39.994609,116.326361,495.0,2008-10-27,11:55:49,2008-10-27 11:55:49,11,27,Monday,10,False,39.994554,116.326341,2008-10-27 11:55:44,0.0017070806379242,5.0,1.2290980593054663,39.9946_116.3264,0.0833333333333333,9,1,0.3387709247594964
0,39.994664,116.326391,496.0,2008-10-27,11:55:54,2008-10-27 11:55:54,11,27,Monday,10,False,39.994609,116.326361,2008-10-27 11:55:49,0.0025578364914579,5.0,1.8416422738497016,39.9947_116.3264,0.0833333333333333,9,1,0.3366131109747777
0,39.994714,116.326453,498.0,2008-10-27,11:55:59,2008-10-27 11:55:59,11,27,Monday,10,False,39.994664,116.326391,2008-10-27 11:55:54,0.0052824779172982,5.0,3.80338410045475,39.9947_116.3265,0.0833333333333333,9,1,0.3346104317081223
0,39.99478,116.326489,499.0,2008-10-27,11:56:04,2008-10-27 11:56:04,11,27,Monday,10,False,39.994714,116.326453,2008-10-27 11:55:59,0.0030693988321867,5.0,2.209967159174485,39.9948_116.3265,0.0833333333333333,9,1,0.33376384461553077
0,39.994849,116.32652,500.0,2008-10-27,11:56:09,2008-10-27 11:56:09,11,27,Monday,10,False,39.99478,116.326489,2008-10-27 11:56:04,0.0026441814190665,5.0,1.9038106217278885,39.9948_116.3265,0.0833333333333333,9,1,0.33446503084904283
0,39.994911,116.326568,501.0,2008-10-27,11:56:14,2008-10-27 11:56:14,11,27,Monday,10,False,39.994849,116.32652,2008-10-27 11:56:09,0.0040907288248509,5.0,2.9453247538926712,39.9949_116.3266,0.0833333333333333,9,1,0.33088662194343516
0,39.994976,116.326634,503.0,2008-10-27,11:56:19,2008-10-27 11:56:19,11,27,Monday,10,False,39.994911,116.326568,2008-10-27 11:56:14,0.0056237281532082,5.0,4.04908427030997,39.995_116.3266,0.0833333333333333,9,1,0.3346104317081223
0,39.995029,116.326678,504.0,2008-10-27,11:56:24,2008-10-27 11:56:24,11,27,Monday,10,False,39.994976,116.326634,2008-10-27 11:56:19,0.0037496165873409,5.0,2.6997239428854645,39.995_116.3267,0.0833333333333333,9,1,0.33412381464855845
0,39.995096,116.326705,506.0,2008-10-27,11:56:29,2008-10-27 11:56:29,11,27,Monday,10,False,39.995029,116.326678,2008-10-27 11:56:24,0.0023037057129244,5.0,1.6586681133056205,39.9951_116.3267,0.0833333333333333,9,1,0.3387709247594964
0,39.99517,116.326729,507.0,2008-10-27,11:56:34,2008-10-27 11:56:34,11,27,Monday,10,False,39.995096,116.326705,2008-10-27 11:56:29,0.0020495096578428,5.0,1.4756469536468215,39.9952_116.3267,0.0833333333333333,9,1,0.3387709247594964
0,39.995224,116.326677,509.0,2008-10-27,11:56:39,2008-10-27 11:56:39,11,27,Monday,10,False,39.99517,116.326729,2008-10-27 11:56:34,0.0044309243472981,5.0,3.190265530054655,39.9952_116.3267,0.0833333333333333,9,1,0.33285571112250717
0,39.995287,116.326372,511.0,2008-10-27,11:56:44,2008-10-27 11:56:44,11,27,Monday,10,False,39.995224,116.326677,2008-10-27 11:56:39,0.0259820707416233,5.0,18.70709093396883,39.9953_116.3264,0.0833333333333333,9,1,0.28272003736944756
0,39.995361,116.326374,512.0,2008-10-27,11:56:49,2008-10-27 11:56:49,11,27,Monday,10,False,39.995287,116.326372,2008-10-27 11:56:44,0.0002228259441084,5.0,0.1604346797581046,39.9954_116.3264,0.0833333333333333,9,1,0.33905436884410395
0,39.995429,116.326381,514.0,2008-10-27,11:56:54,2008-10-27 11:56:54,11,27,Monday,10,False,39.995361,116.326374,2008-10-27 11:56:49,0.0006107305769973,5.0,0.4397260154380867,39.9954_116.3264,0.0833333333333333,9,1,0.33973696680684984
0,39.995472,116.326378,516.0,2008-10-27,11:56:59,2008-10-27 11:56:59,11,27,Monday,10,False,39.995429,116.326381,2008-10-27 11:56:54,0.0002688379255603,5.0,0.1935633064034878,39.9955_116.3264,0.0833333333333333,9,1,0.33905436884410395
0,39.995529,116.326376,518.0,2008-10-27,11:57:04,2008-10-27 11:57:04,11,27,Monday,10,False,39.995472,116.326378,2008-10-27 11:56:59,0.0002031342239623,5.0,0.1462566412529157,39.9955_116.3264,0.0833333333333333,9,1,0.33905436884410395
0,39.995573,116.326343,519.0,2008-10-27,11:57:09,2008-10-27 11:57:09,11,27,Monday,10,False,39.995529,116.326376,2008-10-27 11:57:04,0.0028124282160426,5.0,2.0249483155506836,39.9956_116.3263,0.0833333333333333,9,1,0.33376384461553077
0,39.995616,116.326277,519.0,2008-10-27,11:57:14,2008-10-27 11:57:14,11,27,Monday,10,False,39.995573,116.326343,2008-10-27 11:57:09,0.0056228788677681,5.0,4.048472784793095,39.9956_116.3263,0.0833333333333333,9,1,0.3346104317081223
0,39.995781,116.326147,519.0,2008-10-27,11:57:24,2008-10-27 11:57:24,11,27,Monday,10,False,39.995616,116.326277,2008-10-27 11:57:14,0.011078759516333,10.0,3.9883534258798865,39.9958_116.3261,0.1666666666666666,9,1,0.32695948878363607
0,39.999249,116.32586,520.0,2008-10-27,11:59:09,2008-10-27 11:59:09,11,27,Monday,10,False,39.995781,116.326147,2008-10-27 11:57:24,0.025357142404553,105.0,0.8693877395846752,39.9992_116.3259,1.75,9,1,0.2822518170397272
0,39.999392,116.325884,520.0,2008-10-27,11:59:14,2008-10-27 11:59:14,11,27,Monday,10,False,39.999249,116.32586,2008-10-27 11:59:09,0.0020630975080907,5.0,1.485430205825354,39.9994_116.3259,0.0833333333333333,9,1,0.3387709247594964
0,39.999424,116.325782,519.0,2008-10-27,11:59:19,2008-10-27 11:59:19,11,27,Monday,10,False,39.999392,116.325884,2008-10-27 11:59:14,0.0086886833492315,5.0,6.255852011446683,39.9994_116.3258,0.0833333333333333,9,1,0.32961422822346087
0,39.999386,116.325578,519.0,2008-10-27,11:59:24,2008-10-27 11:59:24,11,27,Monday,10,False,39.999424,116.325782,2008-10-27 11:59:19,0.0173770800623993,5.0,12.511497644927497,39.9994_116.3256,0.0833333333333333,9,1,0.31372101113872214
0,39.999343,116.325373,519.0,2008-10-27,11:59:29,2008-10-27 11:59:29,11,27,Monday,10,False,39.999386,116.325578,2008-10-27 11:59:24,0.0174623143289627,5.0,12.572866316853208,39.9993_116.3254,0.0833333333333333,9,1,0.31372101113872214
0,39.999348,116.325203,518.0,2008-10-27,11:59:34,2008-10-27 11:59:34,11,27,Monday,10,False,39.999343,116.325373,2008-10-27 11:59:29,0.0144807855117063,5.0,10.4261655684286,39.9993_116.3252,0.0833333333333333,9,1,0.3175891474326814
0,39.999466,116.324843,518.0,2008-10-27,11:59:44,2008-10-27 11:59:44,11,27,Monday,10,False,39.999348,116.325203,2008-10-27 11:59:34,0.0306660134267053,10.0,11.039764833613908,39.9995_116.3248,0.1666666666666666,9,1,0.26732854000643846
0,39.999545,116.324734,519.0,2008-10-27,11:59:49,2008-10-27 11:59:49,11,27,Monday,10,False,39.999466,116.324843,2008-10-27 11:59:44,0.0092859808632688,5.0,6.685906221553573,39.9995_116.3247,0.0833333333333333,9,1,0.3289484985036867
0,40.007143,116.324088,523.0,2008-10-27,12:03:59,2008-10-27 12:03:59,12,27,Monday,10,False,39.999545,116.324734,2008-10-27 11:59:49,0.056965296170951,250.0,0.8203002648616957,40.0071_116.3241,4.166666666666667,9,1,0.24211723942429025
0,40.007178,116.323881,522.0,2008-10-27,12:04:04,2008-10-27 12:04:04,12,27,Monday,10,False,40.007143,116.324088,2008-10-27 12:03:59,0.0176305946033177,5.0,12.694028114388752,40.0072_116.3239,0.0833333333333333,9,1,0.3011481699629502
0,40.007227,116.323653,522.0,2008-10-27,12:04:09,2008-10-27 12:04:09,12,27,Monday,10,False,40.007178,116.323881,2008-10-27 12:04:04,0.0194192824201867,5.0,13.981883342534486,40.0072_116.3237,0.0833333333333333,9,1,0.29764792829751807
0,40.008923,116.322803,523.0,2008-10-27,12:05:29,2008-10-27 12:05:29,12,27,Monday,10,False,40.007227,116.323653,2008-10-27 12:04:09,0.0724694394542132,80.0,3.261124775439594,40.0089_116.3228,1.3333333333333333,9,1,0.22371877962065118
0,40.00887,116.322512,523.0,2008-10-27,12:05:34,2008-10-27 12:05:34,12,27,Monday,10,False,40.008923,116.322803,2008-10-27 12:05:29,0.0247844379839206,5.0,17.844795348422846,40.0089_116.3225,0.0833333333333333,9,1,0.26865857352484634
0,40.008815,116.32227,522.0,2008-10-27,12:05:39,2008-10-27 12:05:39,12,27,Monday,10,False,40.00887,116.322512,2008-10-27 12:05:34,0.0206112285713011,5.0,14.84008457133682,40.0088_116.3223,0.0833333333333333,9,1,0.2964732442365064
0,40.008767,116.322068,521.0,2008-10-27,12:05:44,2008-10-27 12:05:44,12,27,Monday,10,False,40.008815,116.32227,2008-10-27 12:05:39,0.0172044484041746,5.0,12.38720285100573,40.0088_116.3221,0.0833333333333333,9,1,0.3011481699629502
0,40.008768,116.321916,521.0,2008-10-27,12:05:49,2008-10-27 12:05:49,12,27,Monday,10,False,40.008767,116.322068,2008-10-27 12:05:44,0.0129457364017379,5.0,9.320930209251326,40.0088_116.3219,0.0833333333333333,9,1,0.31103115848343776
0,40.008796,116.321834,521.0,2008-10-27,12:05:54,2008-10-27 12:05:54,12,27,Monday,10,False,40.008768,116.321916,2008-10-27 12:05:49,0.0069840939511039,5.0,5.028547644794866,40.0088_116.3218,0.0833333333333333,9,1,0.3202340161632001
0,40.01229,116.297072,492.0,2008-10-28,00:38:26,2008-10-28 00:38:26,0,28,Tuesday,10,False,40.008796,116.321834,2008-10-27 12:05:54,2.108918676348905,45152.0,0.168145535853474,40.0123_116.2971,752.5333333333333,9,1,0.04808732017820638
0,40.012594,116.297269,490.0,2008-10-28,00:38:31,2008-10-28 00:38:31,0,28,Tuesday,10,False,40.01229,116.297072,2008-10-28 00:38:26,0.0167878223986433,5.0,12.0872321270232,40.0126_116.2973,0.0833333333333333,9,1,0.2659421411161397
0,40.012581,116.297263,490.0,2008-10-28,00:38:36,2008-10-28 00:38:36,0,28,Tuesday,10,False,40.012594,116.297269,2008-10-28 00:38:31,0.0005116097598281,5.0,0.3683590270762375,40.0126_116.2973,0.0833333333333333,9,1,0.2894252207672875
0,40.012453,116.297177,490.0,2008-10-28,00:38:41,2008-10-28 00:38:41,0,28,Tuesday,10,False,40.012581,116.297263,2008-10-28 00:38:36,0.007328370411922,5.0,5.276426696583897,40.0125_116.2972,0.0833333333333333,9,1,0.2867768900926156
0,40.012398,116.297133,490.0,2008-10-28,00:38:46,2008-10-28 00:38:46,0,28,Tuesday,10,False,40.012453,116.297177,2008-10-28 00:38:41,0.003748769057669,5.0,2.6991137215216883,40.0124_116.2971,0.0833333333333333,9,1,0.2893658839247587
0,40.012398,116.297133,490.0,2008-10-28,00:38:49,2008-10-28 00:38:49,0,28,Tuesday,10,False,40.012398,116.297133,2008-10-28 00:38:46,0.0,3.0,0.0,40.0124_116.2971,0.05,9,1,0.2889402532080966
0,40.012391,116.297133,490.0,2008-10-28,00:38:51,2008-10-28 00:38:51,0,28,Tuesday,10,False,40.012398,116.297133,2008-10-28 00:38:49,1.3585023062217486e-05,2.0,0.0244530415119914,40.0124_116.2971,0.0333333333333333,9,1,0.2889402532080966
0,40.012395,116.297162,491.0,2008-10-28,00:38:56,2008-10-28 00:38:56,0,28,Tuesday,10,False,40.012391,116.297133,2008-10-28 00:38:51,0.0024697912193325,5.0,1.7782496779194026,40.0124_116.2972,0.0833333333333333,9,1,0.2876593325665804
0,40.012429,116.297183,491.0,2008-10-28,00:39:01,2008-10-28 00:39:01,0,28,Tuesday,10,False,40.012395,116.297162,2008-10-28 00:38:56,0.0017896769895833,5.0,1.2885674324999932,40.0124_116.2972,0.0833333333333333,9,1,0.2883699020779608
0,40.012478,116.297212,491.0,2008-10-28,00:39:06,2008-10-28 00:39:06,0,28,Tuesday,10,False,40.012429,116.297183,2008-10-28 00:39:01,0.0024716069025536,5.0,1.7795569698386144,40.0125_116.2972,0.0833333333333333,9,1,0.2876593325665804
0,40.012503,116.297231,491.0,2008-10-28,00:39:11,2008-10-28 00:39:11,0,28,Tuesday,10,False,40.012478,116.297212,2008-10-28 00:39:06,0.0016188559868778,5.0,1.1655763105520756,40.0125_116.2972,0.0833333333333333,9,1,0.28861537830361345
0,40.01254,116.297268,491.0,2008-10-28,00:39:16,2008-10-28 00:39:16,0,28,Tuesday,10,False,40.012503,116.297231,2008-10-28 00:39:11,0.0031519094894819,5.0,2.269374832427013,40.0125_116.2973,0.0833333333333333,9,1,0.28996300792967994
0,40.012576,116.297274,491.0,2008-10-28,00:39:21,2008-10-28 00:39:21,0,28,Tuesday,10,False,40.01254,116.297268,2008-10-28 00:39:16,0.0005157416869489,5.0,0.371334014603217,40.0126_116.2973,0.0833333333333333,9,1,0.2894252207672875
0,40.012585,116.297261,491.0,2008-10-28,00:39:26,2008-10-28 00:39:26,0,28,Tuesday,10,False,40.012576,116.297274,2008-10-28 00:39:21,0.0011072770459347,5.0,0.7972394730730132,40.0126_116.2973,0.0833333333333333,9,1,0.29007361497568407
0,40.012588,116.297239,490.0,2008-10-28,00:39:31,2008-10-28 00:39:31,0,28,Tuesday,10,False,40.012585,116.297261,2008-10-28 00:39:26,0.0018736291973873,5.0,1.349013022118899,40.0126_116.2972,0.0833333333333333,9,1,0.2883699020779608
0,40.012558,116.297209,490.0,2008-10-28,00:39:36,2008-10-28 00:39:36,0,28,Tuesday,10,False,40.012588,116.297239,2008-10-28 00:39:31,0.0025556003618193,5.0,1.840032260509897,40.0126_116.2972,0.0833333333333333,9,1,0.2876593325665804
0,40.012523,116.297173,491.0,2008-10-28,00:39:41,2008-10-28 00:39:41,0,28,Tuesday,10,False,40.012558,116.297209,2008-10-28 00:39:36,0.0030666782927501,5.0,2.208008370780125,40.0125_116.2972,0.0833333333333333,9,1,0.288693352414993
0,40.01254,116.297176,491.0,2008-10-28,00:39:46,2008-10-28 00:39:46,0,28,Tuesday,10,False,40.012523,116.297173,2008-10-28 00:39:41,0.0002576152146701,5.0,0.185482954562503,40.0125_116.2972,0.0833333333333333,9,1,0.2883164018796491
0,40.012449,116.297124,491.0,2008-10-28,00:39:51,2008-10-28 00:39:51,0,28,Tuesday,10,False,40.01254,116.297176,2008-10-28 00:39:46,0.0044320826859677,5.0,3.1910995338967463,40.0124_116.2971,0.0833333333333333,9,1,0.2893658839247587
0,40.012488,116.297157,491.0,2008-10-28,00:39:56,2008-10-28 00:39:56,0,28,Tuesday,10,False,40.012449,116.297124,2008-10-28 00:39:51,0.0028114540800261,5.0,2.0242469376188055,40.0125_116.2972,0.0833333333333333,9,1,0.2885947206375254
0,40.012549,116.29716,491.0,2008-10-28,00:40:01,2008-10-28 00:40:01,0,28,Tuesday,10,False,40.012488,116.297157,2008-10-28 00:39:56,0.0002815880976064,5.0,0.2027434302766486,40.0125_116.2972,0.0833333333333333,9,1,0.2893230632221578
0,40.012568,116.297165,491.0,2008-10-28,00:40:06,2008-10-28 00:40:06,0,28,Tuesday,10,False,40.012549,116.29716,2008-10-28 00:40:01,0.0004274164691825,5.0,0.3077398578114084,40.0126_116.2972,0.0833333333333333,9,1,0.2894252207672875
0,40.012644,116.297215,491.0,2008-10-28,00:40:11,2008-10-28 00:40:11,0,28,Tuesday,10,False,40.012568,116.297165,2008-10-28 00:40:06,0.0042607800580422,5.0,3.0677616417904368,40.0126_116.2972,0.0833333333333333,9,1,0.2893658839247587
0,40.012658,116.29724,491.0,2008-10-28,00:40:16,2008-10-28 00:40:16,0,28,Tuesday,10,False,40.012644,116.297215,2008-10-28 00:40:11,0.0021292851512162,5.0,1.5330853088757253,40.0127_116.2972,0.0833333333333333,9,1,0.28984012149529736
0,40.012658,116.29724,491.0,2008-10-28,00:40:19,2008-10-28 00:40:19,0,28,Tuesday,10,False,40.012658,116.29724,2008-10-28 00:40:16,0.0,3.0,0.0,40.0127_116.2972,0.05,9,1,0.2889402532080966
0,40.012653,116.297247,491.0,2008-10-28,00:40:21,2008-10-28 00:40:21,0,28,Tuesday,10,False,40.012658,116.29724,2008-10-28 00:40:19,0.0005962302310429,2.0,1.073214415877285,40.0127_116.2972,0.0333333333333333,9,1,0.29102300187305946
0,40.012584,116.297184,483.0,2008-10-28,00:40:26,2008-10-28 00:40:26,0,28,Tuesday,10,False,40.012653,116.297247,2008-10-28 00:40:21,0.0053670350872056,5.0,3.864265262788077,40.0126_116.2972,0.0833333333333333,9,1,0.2855612937496465
0,40.011744,116.296799,195.0,2008-10-28,00:40:31,2008-10-28 00:40:31,0,28,Tuesday,10,False,40.012584,116.297184,2008-10-28 00:40:26,0.0328290563441397,5.0,23.636920567780606,40.0117_116.2968,0.0833333333333333,9,1,0.2108923513717722
0,40.011704,116.296803,187.0,2008-10-28,00:40:36,2008-10-28 00:40:36,0,28,Tuesday,10,False,40.011744,116.296799,2008-10-28 00:40:31,0.0003493954269597,5.0,0.2515647074109965,40.0117_116.2968,0.0833333333333333,9,1,0.28863867200856835
0,40.01167,116.2968,185.0,2008-10-28,00:40:41,2008-10-28 00:40:41,0,28,Tuesday,10,False,40.011704,116.296803,2008-10-28 00:40:36,0.0002638800291118,5.0,0.1899936209605437,40.0117_116.2968,0.0833333333333333,9,1,0.2883164018796491
0,40.011664,116.296797,185.0,2008-10-28,00:40:46,2008-10-28 00:40:46,0,28,Tuesday,10,False,40.01167,116.2968,2008-10-28 00:40:41,0.0002557623071162,5.0,0.184148861123676,40.0117_116.2968,0.0833333333333333,9,1,0.2883164018796491
0,40.01166,116.296798,185.0,2008-10-28,00:40:51,2008-10-28 00:40:51,0,28,Tuesday,10,False,40.011664,116.296797,2008-10-28 00:40:46,8.551876742733617e-05,5.0,0.061573512547682,40.0117_116.2968,0.0833333333333333,9,1,0.2889402532080966
0,40.011664,116.296805,185.0,2008-10-28,00:40:56,2008-10-28 00:40:56,0,28,Tuesday,10,False,40.01166,116.296798,2008-10-28 00:40:51,0.0005962104820709,5.0,0.4292715470910685,40.0117_116.2968,0.0833333333333333,9,1,0.2894252207672875
0,40.011671,116.296811,185.0,2008-10-28,00:41:01,2008-10-28 00:41:01,0,28,Tuesday,10,False,40.011664,116.296805,2008-10-28 00:40:56,0.0005111747444404,5.0,0.3680458159971342,40.0117_116.2968,0.0833333333333333,9,1,0.2894252207672875
0,40.011668,116.29681,185.0,2008-10-28,00:41:06,2008-10-28 00:41:06,0,28,Tuesday,10,False,40.011671,116.296811,2008-10-28 00:41:01,8.536447446688388e-05,5.0,0.0614624216161563,40.0117_116.2968,0.0833333333333333,9,1,0.2889402532080966
0,40.011668,116.29681,185.0,2008-10-28,00:41:09,2008-10-28 00:41:09,0,28,Tuesday,10,False,40.011668,116.29681,2008-10-28 00:41:06,0.0,3.0,0.0,40.0117_116.2968,0.05,9,1,0.2889402532080966
0,40.011661,116.296803,185.0,2008-10-28,00:41:11,2008-10-28 00:41:11,0,28,Tuesday,10,False,40.011668,116.29681,2008-10-28 00:41:09,0.000596314683828,2.0,1.0733664308905633,40.0117_116.2968,0.0333333333333333,9,1,0.29102300187305946
0,40.011652,116.2968,185.0,2008-10-28,00:41:16,2008-10-28 00:41:16,0,28,Tuesday,10,False,40.011661,116.296803,2008-10-28 00:41:11,0.000256093468328,5.0,0.184387297196202,40.0117_116.2968,0.0833333333333333,9,1,0.2883164018796491
0,40.011635,116.296777,184.0,2008-10-28,00:41:21,2008-10-28 00:41:21,0,28,Tuesday,10,False,40.011652,116.2968,2008-10-28 00:41:16,0.0019590895902539,5.0,1.4105445049828502,40.0116_116.2968,0.0833333333333333,9,1,0.28984012149529736
0,40.011602,116.296769,180.0,2008-10-28,00:41:26,2008-10-28 00:41:26,0,28,Tuesday,10,False,40.011635,116.296777,2008-10-28 00:41:21,0.0006843294698097,5.0,0.4927172182629926,40.0116_116.2968,0.0833333333333333,9,1,0.2894252207672875
0,40.011552,116.296753,178.0,2008-10-28,00:41:31,2008-10-28 00:41:31,0,28,Tuesday,10,False,40.011602,116.296769,2008-10-28 00:41:26,0.0013661036335549,5.0,0.983594616159576,40.0116_116.2968,0.0833333333333333,9,1,0.28791502780558637
0,40.011552,116.296753,178.0,2008-10-28,00:41:34,2008-10-28 00:41:34,0,28,Tuesday,10,False,40.011552,116.296753,2008-10-28 00:41:31,0.0,3.0,0.0,40.0116_116.2968,0.05,9,1,0.2889402532080966
0,40.011546,116.29675,176.0,2008-10-28,00:41:36,2008-10-28 00:41:36,0,28,Tuesday,10,False,40.011552,116.296753,2008-10-28 00:41:34,0.0002557627471598,2.0,0.4603729448877984,40.0115_116.2968,0.0333333333333333,9,1,0.2883164018796491
0,40.011537,116.296728,174.0,2008-10-28,00:41:41,2008-10-28 00:41:41,0,28,Tuesday,10,False,40.011546,116.29675,2008-10-28 00:41:36,0.0018737302487511,5.0,1.3490857791008029,40.0115_116.2967,0.0833333333333333,9,1,0.2883699020779608
0,40.01153,116.296707,173.0,2008-10-28,00:41:46,2008-10-28 00:41:46,0,28,Tuesday,10,False,40.011537,116.296728,2008-10-28 00:41:41,0.001788534785569,5.0,1.287745045609685,40.0115_116.2967,0.0833333333333333,9,1,0.2883699020779608
0,40.011463,116.296676,169.0,2008-10-28,00:41:51,2008-10-28 00:41:51,0,28,Tuesday,10,False,40.01153,116.296707,2008-10-28 00:41:46,0.0026433433114834,5.0,1.9032071842680935,40.0115_116.2967,0.0833333333333333,9,1,0.2876593325665804
0,40.011644,116.296932,138.0,2008-10-28,00:50:51,2008-10-28 00:50:51,0,28,Tuesday,10,False,40.011463,116.296676,2008-10-28 00:41:51,0.0218052849257732,540.0,0.1453685661718218,40.0116_116.2969,9.0,9,1,0.2596965388947926
0,40.011665,116.296928,138.0,2008-10-28,00:51:01,2008-10-28 00:51:01,0,28,Tuesday,10,False,40.011644,116.296932,2008-10-28 00:50:51,0.000343092058808,10.0,0.1235131411708957,40.0117_116.2969,0.1666666666666666,9,1,0.28863867200856835
0,40.011666,116.296887,137.0,2008-10-28,00:51:06,2008-10-28 00:51:06,0,28,Tuesday,10,False,40.011665,116.296928,2008-10-28 00:51:01,0.0034917943021787,5.0,2.5140918975687145,40.0117_116.2969,0.0833333333333333,9,1,0.28665597729893433
0,40.011666,116.296887,137.0,2008-10-28,00:51:09,2008-10-28 00:51:09,0,28,Tuesday,10,False,40.011666,116.296887,2008-10-28 00:51:06,0.0,3.0,0.0,40.0117_116.2969,0.05,9,1,0.2889402532080966
0,40.011666,116.296884,138.0,2008-10-28,00:51:11,2008-10-28 00:51:11,0,28,Tuesday,10,False,40.011666,116.296887,2008-10-28 00:51:09,0.0002554971021079,2.0,0.4598947837942395,40.0117_116.2969,0.0333333333333333,9,1,0.2883164018796491
0,40.011676,116.296881,138.0,2008-10-28,00:51:16,2008-10-28 00:51:16,0,28,Tuesday,10,False,40.011666,116.296884,2008-10-28 00:51:11,0.0002562330944932,5.0,0.1844878280351623,40.0117_116.2969,0.0833333333333333,9,1,0.2883164018796491
0,40.011676,116.296881,138.0,2008-10-28,00:51:19,2008-10-28 00:51:19,0,28,Tuesday,10,False,40.011676,116.296881,2008-10-28 00:51:16,0.0,3.0,0.0,40.0117_116.2969,0.05,9,1,0.2889402532080966
