user_id,date_only,distance_km
0,2008-10-23,9.883460091009571
0,2008-10-24,0.8303619932613957
0,2008-10-26,17.030891520455818
0,2008-10-27,1.0550349903020235
0,2008-10-28,6.581622977607053
0,2008-10-29,2.133734481293897
0,2008-11-03,2.83655052864088
0,2008-11-04,5.698168338137437
0,2008-11-10,3.3791425307042537
0,2008-11-11,9.246791861468283
0,2008-11-12,7.001104814016421
0,2008-11-13,5.356255799427851
0,2008-11-14,5.00081955628711
0,2008-11-15,3.7430088809404776
0,2008-11-16,0.2944924641041903
0,2008-11-17,1.7633370928166932
0,2008-11-18,3.1889991807719236
0,2008-11-19,4.168639751978841
0,2008-11-20,2.351286521732127
0,2008-11-21,0.1958633399856791
0,2008-11-22,6.725507549280365
0,2008-11-23,1.5191488894154745
0,2008-12-01,0.9345955127265226
0,2008-12-02,1.8513551672460427
0,2008-12-03,3.928086791822661
0,2008-12-04,0.0169806348243574
0,2008-12-10,1.9690908728090024
0,2008-12-11,1.3720515253439398
0,2008-12-12,4.130206726530175
0,2008-12-14,1.7154658432763736
0,2009-03-30,12.614516597343103
0,2009-03-31,6.104971054724306
0,2009-04-01,5.397456400972437
0,2009-04-02,6.706538880724981
0,2009-04-03,76.00585750027281
0,2009-04-04,32.57060008607056
0,2009-04-05,25.24679351027029
0,2009-04-06,61.650170598269796
0,2009-04-09,0.6450403127038081
0,2009-04-10,34.87714684351596
0,2009-04-11,37.347655232480946
0,2009-04-12,35.37519904045937
0,2009-04-13,57.999248545882764
0,2009-04-14,62.961110741147756
0,2009-04-15,45.16571699382058
0,2009-04-16,7.70740400415881
0,2009-04-17,5.138369450407363
0,2009-04-18,1.5814515704917187
0,2009-04-19,92.26173022408857
0,2009-04-20,7.400830305012634
0,2009-04-21,3.114281258434082
0,2009-04-22,8.246880521388631
0,2009-04-23,3.164131402117462
0,2009-04-24,11.643618538428063
0,2009-04-25,66.74369918379007
0,2009-04-26,51.72550342570841
0,2009-04-27,11.295450421580561
0,2009-04-28,2.2709942767963573
0,2009-04-29,66.19414948890403
0,2009-04-30,15.290117481739484
0,2009-05-01,12.521002350905821
0,2009-05-02,17.943946783825893
0,2009-05-03,60.21748075042856
0,2009-05-04,7.310035890787704
0,2009-05-05,7.315653595808741
0,2009-05-06,1.5233936077692285
0,2009-05-07,7.129936534906762
0,2009-05-08,2.391779119125349
0,2009-05-09,4.180822244525944
0,2009-05-10,4.358645555823906
0,2009-05-11,4.413796313079355
0,2009-05-12,9.195404252569242
0,2009-05-13,11.734784818461732
0,2009-05-14,3.7871884054566345
0,2009-05-15,4.980720685229093
0,2009-05-16,0.9053485233826174
0,2009-05-17,9.31789075442246
0,2009-05-18,6.496994004136063
0,2009-05-19,3.1561243596593007
0,2009-05-20,2.908129881191493
0,2009-05-21,15.108265358489398
0,2009-05-22,474.18345251965627
0,2009-05-23,481.0166718457392
0,2009-05-24,3.8188181094787925
0,2009-05-25,6.571544438201286
0,2009-05-26,6.619865693775493
0,2009-05-27,19.32589267417143
0,2009-05-28,24.89749769242861
0,2009-05-30,28.70581514216835
0,2009-05-31,4.439072395110343
0,2009-06-01,0.969794493054826
0,2009-06-02,9.715309813753926
0,2009-06-03,6.773921785291687
0,2009-06-04,28.364659169935862
0,2009-06-05,24.108435813075882
0,2009-06-06,4.635707095881641
0,2009-06-07,5.031212541005967
0,2009-06-08,4.361011958622302
0,2009-06-09,21.883158512219367
0,2009-06-10,6.051342481014743
0,2009-06-11,33.38894628192882
0,2009-06-12,3.4184591029133284
0,2009-06-13,48.97450416505914
0,2009-06-14,19.909605668340763
0,2009-06-15,4.9847259030829605
0,2009-06-16,19.894375174810854
0,2009-06-17,6.372228651597055
0,2009-06-18,4.142790310625297
0,2009-06-19,8.476214934292676
0,2009-06-20,8.705849548932836
0,2009-06-21,8.770909903713704
0,2009-06-22,4.595397677187842
0,2009-06-23,15.170611566615491
0,2009-06-24,5.205646292887507
0,2009-06-25,481.5946308687881
0,2009-06-26,5.504205714585753
0,2009-06-27,11.699120983257721
0,2009-06-28,121.49265952869729
0,2009-06-29,481.0157395869669
0,2009-06-30,5.958789889584969
0,2009-07-01,2.2925888086270456
0,2009-07-02,32.11040597465992
0,2009-07-03,10.453609792075815
0,2009-07-04,3.0078802994900746
0,2009-07-05,22.628430927716092
1,2008-10-23,7.768011620836004
1,2008-10-24,11.574037072431514
1,2008-10-25,35.76917033242387
1,2008-10-26,30.29134937270609
1,2008-10-27,12.03833184275489
1,2008-10-28,8.578511978227057
1,2008-10-29,5.55792449389984
1,2008-10-30,10.469433626695519
1,2008-10-31,7.963246142128031
1,2008-11-01,38.17227849342164
1,2008-11-02,7.539252047469023
1,2008-11-03,4.914018714279614
1,2008-11-04,12.687429415134675
1,2008-11-05,11.129481936494772
1,2008-11-06,7.87597482038362
1,2008-11-07,9.789362462125027
1,2008-11-08,19.835587903391563
1,2008-11-09,9.141185389935547
1,2008-11-10,2.2935716502313883
1,2008-11-11,4.346148337195051
1,2008-11-12,9.965664019114751
1,2008-11-13,7.487912604246517
1,2008-11-14,5.5835244414603125
1,2008-11-15,23.09941309614246
1,2008-11-16,16.783932688587242
1,2008-11-17,18.87378962053417
1,2008-11-18,8.254082903934636
1,2008-11-19,8.369655569913169
1,2008-11-20,5.013498859795651
1,2008-11-21,4.055139981402673
1,2008-12-01,2.704936157621307
1,2008-12-02,4.188800023464599
1,2008-12-03,4.382174438319665
1,2008-12-04,8.586050372694187
1,2008-12-05,7.041436609937341
1,2008-12-06,23.896276035052963
1,2008-12-07,15.109626710942461
1,2008-12-08,4.72990125023752
1,2008-12-09,54.83859054629139
1,2008-12-10,8.85765990063471
1,2008-12-11,8.131790704965939
1,2008-12-12,12.438595650694356
1,2008-12-13,13.992825185193068
1,2008-12-14,5.06748258945147
1,2008-12-15,2.1826192501372814
2,2008-10-23,5.654350820576002
2,2008-10-24,29.180031762442503
2,2008-10-25,24.82935456779923
2,2008-10-26,35.35377550573528
2,2008-10-27,29.878918759715813
2,2008-10-28,15.088909770544658
2,2008-10-29,12.28025240171546
2,2008-10-30,18.06334276801904
2,2008-10-31,17.24480344836598
2,2008-11-01,88.86544319659029
2,2008-11-02,9.511353948898307
2,2008-11-03,13.930345735672867
2,2008-11-04,19.43320352271825
2,2008-11-05,5.344831035567661
2,2008-11-06,25.78017270690472
2,2008-11-07,12.074456952140057
2,2008-11-08,9.051832135895431
2,2008-11-09,42.68174549623447
2,2008-11-10,27.635144236640468
2,2008-11-11,23.830960344377257
2,2008-11-12,23.946640788814076
2,2008-11-13,20.582275789226784
2,2008-11-14,37.025920575877024
2,2008-11-15,23.437926172238324
2,2008-11-16,31.259651133420803
2,2008-11-17,30.093223511664874
2,2008-11-18,10.414547082802375
2,2008-11-19,17.55335835006291
2,2008-11-20,14.416462226014678
2,2008-11-21,12.044455286885343
2,2008-11-22,21.622557661662004
2,2008-11-23,7.699993742378241
2,2008-12-01,26.608365872527123
2,2008-12-02,15.234370681446107
2,2008-12-03,16.85768651539525
2,2008-12-04,13.957009373312596
2,2008-12-05,12.016166283387504
2,2008-12-06,29.6778934976711
2,2008-12-07,18.823636144179094
2,2008-12-08,23.00353127476606
2,2008-12-09,14.535909886137645
2,2008-12-10,17.183307442075723
2,2008-12-11,24.574506150380547
2,2008-12-12,15.072809783144761
2,2008-12-13,72.56290301799767
2,2008-12-14,47.9992808507843
2,2008-12-22,22.175263380660468
2,2008-12-23,8.697518652267036
2,2008-12-24,19.492865282025544
2,2008-12-25,15.211109260996864
2,2008-12-26,5.472153774080503
2,2008-12-27,12.016877876093107
2,2008-12-28,0.5190171821829895
2,2008-12-31,17.87136856107926
2,2009-01-01,3.865027148216455
2,2009-01-08,10.817025900860969
2,2009-01-09,27.16535554355583
2,2009-01-10,3.53503070128684
2,2009-01-19,13.052853957713014
2,2009-01-20,13.0544856645101
2,2009-01-21,18.025352609235107
2,2009-01-22,16.022099269207576
2,2009-01-23,18.506421627203242
2,2009-01-24,495.654559991153
2,2009-01-25,4.029529406874705
2,2009-01-26,3.857420082822265
2,2009-01-27,19.994004678076966
2,2009-01-28,18.863430692506352
2,2009-01-29,47.55646208468085
2,2009-01-30,26.604185962377233
2,2009-01-31,462.91110528635437
2,2009-02-01,12.022356808805611
2,2009-02-02,10.400523801220034
2,2009-02-03,11.192271249800953
2,2009-02-04,11.55085251193977
2,2009-02-05,15.385237990219409
2,2009-02-06,11.195812604609252
2,2009-02-07,65.97912694940169
2,2009-02-08,29.813715366363816
2,2009-02-09,38.793734595131426
2,2009-02-10,21.139777211210184
2,2009-02-11,10.70284006599256
2,2009-02-12,10.176881517457169
2,2009-02-13,11.478923177597324
2,2009-02-14,32.236559442323696
2,2009-02-15,8.180788931529671
2,2009-02-16,15.624878788410136
2,2009-02-17,11.27838266565797
2,2009-02-18,18.25897126391804
2,2009-02-19,13.673711673728352
2,2009-02-20,9.545284828053996
2,2009-02-21,14.786000149109167
2,2009-02-22,7.225621310891903
2,2009-02-23,10.25621049386609
2,2009-02-24,18.133356775477015
2,2009-02-25,18.89604593135679
2,2009-02-26,11.21686992346644
2,2009-02-27,9.833734738876121
2,2009-02-28,12.38274027404332
2,2009-03-01,11.448424808254646
2,2009-03-02,9.906781492262215
2,2009-03-03,10.13961374308328
2,2009-03-04,10.544622229295976
2,2009-03-05,9.358811485309705
2,2009-03-06,18.39918208483718
2,2009-03-07,17.52326409989043
2,2009-03-08,10.069577070179486
2,2009-03-09,12.309533191833614
2,2009-03-10,12.848432261943614
2,2009-03-11,8.033289464210586
2,2009-03-12,9.115572885988936
2,2009-03-14,7.375827106516559
2,2009-03-15,13.273544075290438
2,2009-03-17,10.201410334177677
2,2009-03-18,10.349345183142892
2,2009-03-19,8.694132821205203
2,2009-03-21,16.37714967507941
2,2009-03-22,22.25474201107353
3,2008-10-23,1.3545756162943638
3,2008-10-24,6.173006903260392
3,2008-10-25,10.788952247546895
3,2008-10-26,10.664441192523904
3,2008-10-27,37.02090370522759
3,2008-10-28,9.508951842402372
3,2008-10-29,16.126767419145878
3,2008-10-30,3.4967311048935357
3,2008-10-31,17.39264153938426
3,2008-11-01,5.384714294119828
3,2008-11-02,12.377552082729288
3,2008-11-03,4.332208533854349
3,2008-11-04,9.611554235912143
3,2008-11-05,4.754697636253946
3,2008-11-06,23.924047363684128
3,2008-11-07,30.316970360945906
3,2008-11-08,10.095962347246124
3,2008-11-09,9.165964471792012
3,2008-11-10,16.68876556293551
3,2008-11-11,4.555561647280299
3,2008-11-12,7.07030667592746
3,2008-11-13,10.14334946790132
3,2008-11-14,16.406474901570444
3,2008-11-15,13.276383567488608
3,2008-11-16,11.66323170734995
3,2008-11-17,22.880290318596597
3,2008-11-18,22.625422684600693
3,2008-11-19,15.742496658028076
3,2008-11-20,12.029919061102076
3,2008-11-21,14.406751241162592
3,2008-11-22,28.376232550456347
3,2008-11-23,4.844274150997957
3,2008-11-30,2.8117682928711627
3,2008-12-01,14.971589940169892
3,2008-12-02,14.278212509982732
3,2008-12-03,28.265399432332256
3,2008-12-04,16.396302219373986
3,2008-12-05,28.903681332330674
3,2008-12-06,11.105371994501427
3,2008-12-07,4.873078657346996
3,2008-12-08,16.55961422335435
3,2008-12-09,25.866957573438977
3,2008-12-10,79.81184964794443
3,2008-12-11,73.01575372638077
3,2008-12-12,3.052766916785186
3,2008-12-13,10.212353081014978
3,2008-12-14,68.47955654523626
3,2008-12-15,10.043587740746327
3,2008-12-16,68.92662581964217
3,2008-12-17,21.89079618531818
3,2008-12-18,23.094111871720457
3,2008-12-19,12.576027079187831
3,2008-12-20,1.9147812002005113
3,2008-12-21,9.382277316152765
3,2008-12-22,21.81847513551572
3,2008-12-23,9.074471332635408
3,2008-12-24,31.862845576485327
3,2008-12-25,5.897186061530775
3,2008-12-26,22.365763990476125
3,2008-12-28,9.449396760184214
3,2008-12-29,62.184844535769685
3,2008-12-30,24.060909533662254
3,2008-12-31,2.660085872126813
3,2009-01-01,27.076732087859714
3,2009-01-02,16.77660035188662
3,2009-01-03,23.24744299459351
3,2009-01-04,4.811800026552335
3,2009-01-05,1.8429760440413405
3,2009-01-06,5.961458070394709
3,2009-01-07,13.004470837693797
3,2009-01-08,16.847857789719367
3,2009-01-09,18.449790640221277
3,2009-01-10,12.752032805204017
3,2009-01-11,11.27442553013845
3,2009-01-12,18.767231465307326
3,2009-01-13,40.28609679311734
3,2009-01-14,9.24654670380426
3,2009-01-15,5.031608253969513
3,2009-01-16,6.944630690931686
3,2009-01-17,91.66420334063467
3,2009-01-18,42.95213454720034
3,2009-01-19,15.881739124958013
3,2009-01-20,745.7051836940299
3,2009-01-21,56.33183400757698
3,2009-01-22,4.407158284781077
3,2009-01-23,51.24952085341868
3,2009-01-25,12.474568123727494
3,2009-01-26,3.7068774580389827
3,2009-01-27,12.733368800884067
3,2009-01-28,47.31408338343924
3,2009-01-29,70.82890094506699
3,2009-01-30,24.89014805802161
3,2009-01-31,5.787754637840447
3,2009-02-01,2.154001121524348
3,2009-02-02,47.97509760582041
3,2009-02-03,2.8703721814994863
3,2009-02-04,761.5656678351937
3,2009-02-05,11.014418158422195
3,2009-02-06,3.0508191307695474
3,2009-02-07,5.184020188655489
3,2009-02-08,3.1383517315242098
3,2009-02-09,1.3169566241027195
3,2009-02-10,12.145274400339131
3,2009-02-11,8.905523575887335
3,2009-02-12,8.994536598734893
3,2009-02-13,10.542104955105748
3,2009-02-14,41.13677734039671
3,2009-02-16,14.592151985794914
3,2009-02-17,5.840580710687107
3,2009-02-18,5.569011938077884
3,2009-02-19,53.47603695956269
3,2009-02-20,15.634080561581232
3,2009-02-21,46.746831725058726
3,2009-02-22,9.743637614170208
3,2009-02-23,5.883258660009712
3,2009-02-24,11.219824523744983
3,2009-02-25,9.767058988216627
3,2009-02-26,8.95667143093232
3,2009-02-27,23.12265290746901
3,2009-02-28,16.662409695497207
3,2009-03-01,4.153838441600221
3,2009-03-02,5.356166527964442
3,2009-03-03,32.48656225080293
3,2009-03-04,33.335491859448105
3,2009-03-05,3.185423444968364
3,2009-03-06,14.23699362131465
3,2009-03-07,3.2206324501387904
3,2009-03-08,6.102973675349507
3,2009-03-09,23.270782609616962
3,2009-03-10,12.77254669806039
3,2009-03-11,30.72914304010008
3,2009-03-12,25.431582562375127
3,2009-03-13,12.217398662202871
3,2009-03-14,8.916777761649758
3,2009-03-15,9.710052766865898
3,2009-03-16,7.686549184678819
3,2009-03-19,9.2224617040878
3,2009-03-20,416.264951256592
3,2009-03-21,159.09094215009512
3,2009-03-22,705.6477035809894
3,2009-03-23,50.07621800184821
3,2009-03-24,11.688894049416364
3,2009-03-25,14.613075584210526
3,2009-03-26,6.317001208941585
3,2009-03-30,12.543769202049866
3,2009-03-31,6.104971054724306
3,2009-04-01,5.397456400972437
3,2009-04-02,6.706538880724981
3,2009-04-03,76.00585750027281
3,2009-04-04,32.57060008607056
3,2009-04-05,25.24679351027029
3,2009-04-06,61.650170598269796
3,2009-04-09,0.6450403127038081
3,2009-04-10,34.87714684351596
3,2009-04-11,37.347655232480946
3,2009-04-12,35.37519904045937
3,2009-04-13,57.999248545882764
3,2009-04-14,62.961110741147756
3,2009-04-15,45.16571699382058
3,2009-04-16,7.70740400415881
3,2009-04-17,5.138369450407363
3,2009-04-18,1.5814515704917187
3,2009-04-19,92.26173022408857
3,2009-04-20,7.400830305012634
3,2009-04-21,3.114281258434082
3,2009-04-22,8.246880521388631
3,2009-04-23,3.164131402117462
3,2009-04-24,11.643618538428063
3,2009-04-25,66.74369918379007
3,2009-04-26,51.72550342570841
3,2009-04-27,11.295450421580561
3,2009-04-28,2.2709942767963573
3,2009-04-29,66.19414948890403
3,2009-04-30,15.290117481739484
3,2009-05-01,12.521002350905821
3,2009-05-02,17.943946783825893
3,2009-05-03,60.21748075042856
3,2009-05-04,7.310035890787704
3,2009-05-05,7.315653595808741
3,2009-05-06,1.5233936077692285
3,2009-05-07,7.129936534906762
3,2009-05-08,2.391779119125349
3,2009-05-09,4.180822244525944
3,2009-05-10,4.358645555823906
3,2009-05-11,4.413796313079355
3,2009-05-12,9.195404252569242
3,2009-05-13,11.734784818461732
3,2009-05-14,3.7871884054566345
3,2009-05-15,4.980720685229093
3,2009-05-16,0.9053485233826174
3,2009-05-17,9.31789075442246
3,2009-05-18,6.496994004136063
3,2009-05-19,3.1561243596593007
3,2009-05-20,2.908129881191493
3,2009-05-21,15.108265358489398
3,2009-05-22,474.18345251965627
3,2009-05-23,481.0166718457392
3,2009-05-24,3.8188181094787925
3,2009-05-25,6.571544438201286
3,2009-05-26,6.619865693775493
3,2009-05-27,19.32589267417143
3,2009-05-28,24.89749769242861
3,2009-05-30,28.70581514216835
3,2009-05-31,4.439072395110343
3,2009-06-01,0.969794493054826
3,2009-06-02,9.715309813753926
3,2009-06-03,6.773921785291687
3,2009-06-04,28.364659169935862
3,2009-06-05,24.108435813075882
3,2009-06-06,4.635707095881641
3,2009-06-07,5.031212541005967
3,2009-06-08,4.361011958622302
3,2009-06-09,21.883158512219367
3,2009-06-10,6.051342481014743
3,2009-06-11,33.38894628192882
3,2009-06-12,3.4184591029133284
3,2009-06-13,48.97450416505914
3,2009-06-14,19.909605668340763
3,2009-06-15,4.9847259030829605
3,2009-06-16,19.894375174810854
3,2009-06-17,6.372228651597055
3,2009-06-18,4.142790310625297
3,2009-06-19,8.476214934292676
3,2009-06-20,8.705849548932836
3,2009-06-21,8.770909903713704
3,2009-06-22,4.595397677187842
3,2009-06-23,15.170611566615491
3,2009-06-24,5.205646292887507
3,2009-06-25,481.5946308687881
3,2009-06-26,5.504205714585753
3,2009-06-27,11.699120983257721
3,2009-06-28,121.49265952869729
3,2009-06-29,481.0157395869669
3,2009-06-30,5.958789889584969
3,2009-07-01,2.2925888086270456
3,2009-07-02,32.11040597465992
3,2009-07-03,10.453609792075815
3,2009-07-04,3.0078802994900746
3,2009-07-05,22.628430927716092
4,2008-10-23,1.4112415525237128
4,2008-10-24,3.8257900127529862
4,2008-10-25,4.2833341317629
4,2008-10-26,19.494741411552702
4,2008-10-27,7.224014055177814
4,2008-10-28,6.435021009275383
4,2008-10-29,15.111078040155787
4,2008-10-30,8.55219467082383
4,2008-10-31,3.615661346624201
4,2008-11-01,3.703108871500117
4,2008-11-02,12.734713771014098
4,2008-11-03,10.716977588242337
4,2008-11-04,5.430539593519173
4,2008-11-05,12.740226731110988
4,2008-11-06,18.81738192673177
4,2008-11-07,8.477169890094661
4,2008-11-08,18.037810590967048
4,2008-11-09,7.791054224373697
4,2008-11-10,8.663748433103837
4,2008-11-11,5.367745486774855
4,2008-11-12,6.643191329321096
4,2008-11-13,10.174255483530725
4,2008-11-14,11.247501742998574
4,2008-11-15,3.3793012127284223
4,2008-11-16,11.746780853236634
4,2008-11-17,32.81768272518595
4,2008-11-18,21.575912834352703
4,2008-11-19,13.897958485863821
4,2008-11-20,3.8957941282199315
4,2008-11-21,10.30792740171019
4,2008-11-22,2.6420790873170237
4,2008-11-23,2.6674516150737184
4,2008-11-30,1.2834918270267097
4,2008-12-01,9.673371716474243
4,2008-12-02,9.417771167130649
4,2008-12-03,9.487627618778875
4,2008-12-04,24.285738306558546
4,2008-12-05,23.199427014161838
4,2008-12-06,26.24929581436646
4,2008-12-07,8.868863177788072
4,2008-12-08,21.325745192511246
4,2008-12-09,7.813337833077054
4,2008-12-10,59.26303175845602
4,2008-12-11,72.36858533056423
4,2008-12-12,4.92936217101339
4,2008-12-13,3.2350037020571953
4,2008-12-14,6.042874689682058
4,2008-12-15,6.7158126709984725
4,2008-12-16,10.049276576937482
4,2008-12-17,27.230881418363154
4,2008-12-18,14.99387567924129
4,2008-12-19,11.520830502862449
4,2008-12-20,3.7038658537828213
4,2008-12-21,3.313510007573997
4,2008-12-22,5.508715701605981
4,2008-12-23,3.748635525214413
4,2008-12-24,8.638732782634277
4,2008-12-25,3.0627296803873953
4,2008-12-26,3.961592250069766
4,2008-12-27,1.2011356412084295
4,2008-12-28,1.298060669042384
4,2008-12-31,19.157213161970134
4,2009-01-01,2.3529740942936708
4,2009-01-02,4.036608057851231
4,2009-01-03,1.1820047691480882
4,2009-01-04,2.407457732990206
4,2009-01-05,8.177163416939505
4,2009-01-06,3.570383838643931
4,2009-01-07,8.22613580367205
4,2009-01-08,3.996421189659559
4,2009-01-09,25.209607166713095
4,2009-01-10,3.63059697782683
4,2009-01-11,4.770966438407907
4,2009-01-12,8.331869033549562
4,2009-01-13,12.455380957739807
4,2009-01-14,5.475619381533857
4,2009-01-15,7.940152524212868
4,2009-01-16,8.119321900850606
4,2009-01-17,92.90316856360654
4,2009-01-18,43.56344149651807
4,2009-01-19,15.43968765058414
4,2009-01-20,712.0606524393527
4,2009-01-22,10.038217639508192
4,2009-01-23,22.31524097020206
4,2009-01-24,3.9638787195756704
4,2009-01-25,16.64809356491083
4,2009-01-26,24.890392949410035
4,2009-01-27,7.586430001845353
4,2009-01-28,12.363556157778977
4,2009-01-29,7.742058617856347
4,2009-01-30,6.806719341936776
4,2009-01-31,38.88763823643851
4,2009-02-01,9.977224415932481
4,2009-02-02,18.92122043414972
4,2009-02-03,12.705889948815516
4,2009-02-04,18.714134943621666
4,2009-02-05,6.638765772440195
4,2009-02-06,88.18864347285749
4,2009-02-07,35.84628327342261
4,2009-02-08,27.16081856051146
4,2009-02-09,11.859755020870233
4,2009-02-10,22.23893104251564
4,2009-02-11,34.327045100317726
4,2009-02-12,456.3502841577689
4,2009-02-13,8.95510976562026
4,2009-02-14,13.673676788632395
4,2009-02-15,58.680605893870826
4,2009-02-16,32.567093446789954
4,2009-02-17,36.96568638222168
4,2009-02-18,14.118631791859265
4,2009-02-19,7.4420337586212675
4,2009-02-20,22.995044101779857
4,2009-02-21,43.773048712031425
4,2009-02-22,5.917759305854828
4,2009-02-23,41.01340246444818
4,2009-02-24,22.698992921181546
4,2009-02-25,20.472111383372063
4,2009-02-26,42.957545753444414
4,2009-02-27,25.97017839082094
4,2009-02-28,6.518145619269329
4,2009-03-01,5.16385293560964
4,2009-03-02,5.269646848088055
4,2009-03-03,33.07961945829677
4,2009-03-04,48.140349849413575
4,2009-03-05,6.709789853481443
4,2009-03-06,20.715064895836317
4,2009-03-07,10.211692780388564
4,2009-03-08,14.428297428123228
4,2009-03-11,22.27402999437253
4,2009-03-12,22.92955468553761
4,2009-03-13,17.214101341459223
4,2009-03-14,2.802708157353929
4,2009-03-15,22.885927521854388
4,2009-03-16,2.768121117187084
4,2009-03-17,11.959451928216783
4,2009-03-18,27.97083865154596
4,2009-03-19,9.316829279344521
4,2009-03-20,48.55513239977557
4,2009-03-21,24.434986149979512
4,2009-03-22,16.03613334699698
4,2009-03-23,5.124204987577241
4,2009-03-24,8.131276101380069
4,2009-03-25,14.165526352360018
4,2009-04-01,22.671083462586328
4,2009-04-02,22.68879705263791
4,2009-04-03,47.151979174673976
4,2009-04-04,25.027271926693007
4,2009-04-05,18.733016015920363
4,2009-04-06,14.839150385735067
4,2009-04-07,51.25493829020829
4,2009-04-08,6.562227757096135
4,2009-04-09,36.235493415017174
4,2009-04-10,37.666689379903914
4,2009-04-11,36.788013944398685
4,2009-04-12,41.06142305878543
4,2009-04-13,58.14676334613503
4,2009-04-14,64.35263146525352
4,2009-04-15,47.31657296475738
4,2009-04-16,28.808682784420135
4,2009-04-17,22.43448093856822
4,2009-04-18,9.296153302329163
4,2009-04-19,90.78191217028953
4,2009-04-20,9.937397905910348
4,2009-04-21,4.6101713077129105
4,2009-04-22,7.676917367037676
4,2009-04-23,12.303855775641605
4,2009-04-24,11.524100316737524
4,2009-04-25,17.28012286935076
4,2009-04-26,68.61573370911617
4,2009-04-27,25.372187427723272
4,2009-04-28,7.039234376953303
4,2009-04-29,12.975270358866345
4,2009-04-30,8.550581253272721
4,2009-05-01,9.99247901913868
4,2009-05-02,6.90267945778484
4,2009-05-03,32.271150322717986
4,2009-05-04,8.684709832613516
4,2009-05-05,8.95503445698192
4,2009-05-06,6.289987104410699
4,2009-05-07,10.034708179008696
4,2009-05-08,8.091558009104816
4,2009-05-09,9.571885751401686
4,2009-05-10,24.1582260085633
4,2009-05-11,4.284337903053204
4,2009-05-12,8.83866651164267
4,2009-05-13,8.155157882322374
4,2009-05-14,8.52937262255869
4,2009-05-15,3.2191552745643683
4,2009-05-16,2.1201015821362716
4,2009-05-17,10.514292092395012
4,2009-05-18,5.232836300879006
4,2009-05-19,7.7340725782407285
4,2009-05-20,3.033865945719689
4,2009-05-21,43.55620755008619
4,2009-05-22,468.1190631846517
4,2009-05-23,483.6671887143258
4,2009-05-24,4.20679197492981
4,2009-05-25,3.0767342746999566
4,2009-05-26,6.032063318939901
4,2009-05-27,13.717842760919753
4,2009-05-28,24.171331889111595
4,2009-05-29,9.14399865967603
4,2009-05-30,9.061593603681791
4,2009-05-31,2.056349501415196
4,2009-06-01,6.804952408336578
4,2009-06-02,4.406111863010114
4,2009-06-03,4.703256921764855
4,2009-06-04,31.752411880221544
4,2009-06-05,23.5699686110061
4,2009-06-06,11.725588566348016
4,2009-06-07,11.018420678973461
4,2009-06-08,3.821896993755812
4,2009-06-09,3.1775726729418907
4,2009-06-10,4.026722361956412
4,2009-06-11,10.435490769372526
4,2009-06-12,13.93368481488524
4,2009-06-13,46.52129859127315
4,2009-06-14,24.148066145798175
4,2009-06-15,3.474691117865396
4,2009-06-16,2.731944161339318
4,2009-06-17,15.506470007797589
4,2009-06-18,4.645650213218635
4,2009-06-19,6.610795525088576
4,2009-06-20,6.815836182577349
4,2009-06-21,11.984599918196595
4,2009-06-22,3.7384908022267416
4,2009-06-23,10.167739584157308
4,2009-06-24,4.681290008058511
4,2009-06-25,12.470685860850395
4,2009-06-26,6.240779719564167
4,2009-06-27,11.071558934528996
4,2009-06-28,26.160396299127633
4,2009-06-29,6.152618281847663
4,2009-06-30,5.76557933972065
4,2009-07-01,13.034235733212135
4,2009-07-02,27.738971447807835
4,2009-07-03,17.3533598350959
4,2009-07-04,12.779565401187348
4,2009-07-05,29.581918510497122
4,2009-07-06,2.957023523832564
4,2009-07-07,5.233812117109321
4,2009-07-08,12.30314629882657
4,2009-07-09,3.1695168717537046
4,2009-07-10,12.94604362657516
4,2009-07-11,11.718417193794647
4,2009-07-12,24.101788523376143
4,2009-07-13,8.73657233065491
4,2009-07-14,14.111585507880458
4,2009-07-15,7.75865673472875
4,2009-07-16,61.3410275912272
4,2009-07-17,27.22735312069555
4,2009-07-18,31.293081580802422
4,2009-07-19,19.355245984844753
4,2009-07-20,8.520032963349998
4,2009-07-21,2.961024597977636
4,2009-07-22,1.708509052135804
4,2009-07-23,11.476552800251808
4,2009-07-24,21.29183665539219
4,2009-07-25,14.08353413714272
4,2009-07-26,16.1762787808747
4,2009-07-27,3.068378463184807
4,2009-07-28,5.229329123689405
4,2009-07-29,0.7808301572427114
5,2008-10-24,15.615809949892649
5,2008-10-25,7.511652923751889
5,2008-10-26,3.5817354312894603
5,2008-10-27,36.6444847885008
5,2008-10-28,14.446920527998595
5,2008-10-29,14.340450844537314
5,2008-10-30,4.138319439499112
5,2008-10-31,10.77801487461038
5,2008-11-01,40.25270986750588
5,2008-11-02,1.587218099896118
5,2008-11-03,8.16567069363541
5,2008-11-04,21.178314957204115
5,2008-11-05,3.8313942566134873
5,2008-11-06,1.365107467056749
5,2008-11-07,7.3877835277605355
5,2008-11-08,6.430894389488299
5,2008-11-09,5.20118576720601
5,2008-11-10,3.1006081852102603
5,2008-11-11,10.909731287645096
5,2008-11-12,1.1670756049074353
5,2008-11-13,13.176632847976169
5,2008-11-14,3.163538267570001
5,2008-11-15,21.53568935619057
5,2008-11-16,1.8784757920870356
5,2008-11-17,7.588850492223787
5,2008-11-18,6.495104911745836
5,2008-11-19,2.7389912070231133
5,2008-11-20,2.006705135120769
5,2008-11-21,6.5019220430226605
5,2008-11-22,11.855273292551635
5,2008-11-23,3.09122763255971
5,2008-11-24,17.38250986845835
5,2008-11-25,20.130439077205278
5,2008-11-26,29.165303456896893
5,2008-11-27,21.2033314641632
5,2008-11-30,284.6782847022128
5,2008-12-04,263.1783441731352
5,2008-12-05,18.16685998579979
5,2008-12-06,3.049643837832057
5,2009-01-13,25.60403260167944
5,2009-01-14,38.656841800206635
5,2009-01-15,4.889547596530727
5,2009-01-16,30.353298370575523
5,2009-01-17,45.61746541372172
5,2009-01-19,4.775978088587792
5,2009-01-20,2.7746652459794463
5,2009-01-22,411.19812628740635
5,2009-02-08,11.856569867374873
5,2009-02-22,419.540932620396
5,2009-02-23,1.237510992040197
5,2009-02-24,4.4215633112612975
5,2009-02-25,0.6233906124828331
5,2009-02-27,1.794487428725837
5,2009-02-28,8.548642003047298
5,2009-03-04,0.4518406427057153
5,2009-03-07,1.5469090813326862
5,2009-03-11,0.3980141254731207
5,2009-03-12,2.9276310537437826
5,2009-03-13,0.9145233185049656
5,2009-03-14,1.4535399801725783
5,2009-03-19,5.662451761181717
6,2008-10-23,2.3831807805263874
6,2008-10-24,15.68275901577481
6,2008-10-25,26.19649323255295
6,2008-10-31,94.78281568184643
6,2008-11-05,70.6752096394874
6,2008-11-06,6.692109301364568
6,2008-11-08,40.550095875839446
6,2008-11-12,9.259846359319688
6,2008-11-13,18.64242690576467
6,2008-11-15,1.0064456042881125
6,2008-11-16,34.15999301159962
6,2008-11-17,0.9494756333192256
6,2008-11-19,11.434097295985906
6,2008-11-20,8.225669059693638
6,2008-11-21,103.62264188705488
6,2008-11-23,1.8723913002213337
6,2008-12-01,1.5408097434876982
6,2008-12-02,1.0551970220199396
6,2008-12-03,4.035049927075775
6,2008-12-04,110.57666430233428
6,2008-12-06,19.473588945949842
6,2008-12-07,118.08301912127162
6,2008-12-09,1.7588946994794736
6,2008-12-10,2.2234083491173435
6,2008-12-11,1.4165781147687542
7,2008-10-25,0.09060874492292405
7,2008-10-26,74.5178409111125
7,2008-10-27,7.473545399029114
7,2008-10-28,55.236636945901665
7,2008-10-29,21.593513371904386
7,2008-10-30,6.557317845963096
7,2008-10-31,21.500204112757302
7,2008-11-01,43.063564646185846
7,2008-11-02,54.67381047882655
7,2008-11-03,9.309674843913083
7,2008-11-04,56.98312558351714
7,2008-11-05,14.01229200321529
7,2008-11-06,8.449893273471968
7,2008-11-07,9.351315012345271
7,2008-11-08,56.7588361342202
7,2008-11-09,7.0500956160968435
7,2008-11-10,8.295479923065272
7,2008-11-11,46.5533351184836
7,2008-11-12,4.962782621875737
7,2008-11-13,4.694398703025164
7,2008-11-14,53.739231093029986
7,2008-11-15,6.424833588407629
7,2008-11-16,8.569916352948228
7,2008-11-17,4.8283874209849165
7,2008-11-18,5.909490239833104
7,2008-11-19,55.31805645331499
7,2008-11-20,9.976686278617084
7,2008-11-21,10.49751096297687
7,2008-11-23,8.176673193595244
7,2008-12-03,18.7413132762875
7,2008-12-04,5.478031853990707
7,2008-12-06,114.77090490332085
7,2008-12-07,14.427396446324725
7,2008-12-08,1.1392058860312082
7,2008-12-09,4.179988802859318
7,2008-12-10,9.320358158169485
7,2008-12-11,45.77098363467059
7,2008-12-12,30.43938644108846
7,2008-12-13,7.2738265730357625
7,2008-12-14,26.32779922245072
7,2008-12-15,7.24882696452691
8,2008-10-24,11.336501237972671
8,2008-10-25,26.60642435505643
8,2008-10-26,10.004905262253446
8,2008-10-27,5.546042465016977
8,2008-10-28,13.499703021532111
8,2008-10-29,32.180578263389094
8,2008-10-30,15.824241970481998
8,2008-11-01,19.90861039256376
8,2008-11-02,11.785359321136172
8,2008-11-04,6.691394259716187
8,2008-11-05,21.52900817113816
8,2008-11-06,3.974673587808457
8,2008-11-07,1.4427312766857459
8,2008-11-08,7.63997545563748
8,2008-11-09,7.289225613110179
8,2008-11-10,4.365589618132844
8,2008-11-11,17.11481760127806
8,2008-11-12,37.25744213832214
8,2008-11-13,5.244102595303061
8,2008-11-14,17.833273952315146
8,2008-11-15,12.028343704741179
8,2008-11-17,14.517381333839744
8,2008-11-18,13.21379597347406
8,2008-11-19,32.48186875661128
8,2008-11-20,9.602734482532988
8,2008-12-01,9.799805765788594
8,2008-12-05,15.903654807325841
8,2008-12-06,12.809159819352368
8,2008-12-10,5.277153526282941
8,2008-12-11,5.444239880711979
8,2008-12-12,12.83210200367692
9,2008-10-24,5.7700439107849375
9,2008-10-25,3.3181012903450178
9,2008-10-26,3.7483291344805867
9,2008-10-27,6.485250733854413
9,2008-10-28,4.052950340615868
9,2008-10-29,4.188681471537836
9,2008-10-30,4.6609719703065915
9,2008-10-31,2.7490408555869936
9,2008-11-01,15.569694045418263
9,2008-11-02,5.920116897846798
9,2008-11-03,7.182369093796217
9,2008-11-04,13.541409332267305
9,2008-11-05,14.776435181941222
9,2008-11-06,3.2231453450696703
9,2008-11-07,7.062090919956039
9,2008-11-08,6.976058411365217
9,2008-11-09,10.392842700448414
9,2008-11-10,6.807574833143789
9,2008-11-11,5.45203176656349
9,2008-11-12,11.783977012650693
9,2008-11-13,11.566833738290555
9,2008-11-14,10.35408299157053
9,2008-11-15,5.279388060089194
9,2008-11-16,34.98739197659367
9,2008-12-01,9.224931303011621
9,2008-12-02,4.1454646826125305
9,2008-12-03,6.346391662798158
9,2008-12-04,4.656980502401121
9,2008-12-05,7.538021676758181
9,2008-12-06,6.958952563140353
9,2008-12-07,6.686905035977088
9,2008-12-08,8.74402971524136
9,2008-12-09,3.6112712263804156
9,2008-12-10,6.833228861097051
9,2008-12-11,10.55233920133267
9,2008-12-12,5.180481227983947
9,2008-12-13,9.149267315437204
9,2008-12-14,12.102160493412015
10,2007-08-04,624.3315100533181
10,2007-08-05,819.4297242622398
10,2007-08-28,849.4496856521087
10,2007-08-30,3.0008130002815183
10,2007-09-01,81.25272869441793
10,2007-09-03,13.830503874793905
10,2007-09-05,108.19490518998306
10,2007-09-06,171.25318165493573
10,2007-09-07,101.55457269574029
10,2007-09-08,112.79224787859388
10,2007-09-10,202.731609038418
10,2007-09-19,101.79369442444947
10,2007-09-20,313.40812855338567
10,2007-09-21,338.6132011011541
10,2007-09-22,497.49721525562984
10,2007-09-23,717.2399360923938
10,2007-10-14,83.00144730300269
10,2007-10-17,351.97369315433815
10,2007-10-18,325.36841152670127
10,2007-10-19,23.033771214830896
10,2007-10-20,419.3628763373428
10,2007-10-21,246.28490712659095
10,2007-10-22,251.18338893103535
10,2007-10-23,1103.174051303489
10,2007-10-24,227.18107117724514
10,2007-10-25,54.50921277062336
10,2007-10-26,291.4888465533329
10,2007-10-27,173.62095742557068
10,2007-10-29,592.6098607784156
10,2007-11-17,1180.8314025334075
10,2007-12-14,457.81119040841537
10,2007-12-28,291.1274459194958
10,2007-12-29,68.88545209128287
10,2007-12-30,395.508006192179
10,2007-12-31,589.3671295597262
10,2008-03-28,593.3151566656076
10,2008-03-29,871.9482664857527
10,2008-03-30,1652.6755927437316
10,2008-03-31,1119.0100208066424
10,2008-04-01,409.02247716011425
10,2008-04-02,7.731120343701575
10,2008-04-03,1039.6395282687477
10,2008-04-04,1369.549603860664
10,2008-04-05,976.1195647300832
10,2008-04-06,426.4084594578907
10,2008-05-18,273.6046715554268
10,2008-05-19,290.83254859017813
10,2008-06-13,320.1307043764518
10,2008-06-15,53.74181257082937
10,2008-06-16,53.22018430672453
10,2008-06-17,192.6689681105866
10,2008-06-18,410.16881720608546
10,2008-06-19,601.1294196596813
10,2008-06-20,176.16254224037138
10,2008-06-28,12.199924053362352
10,2008-08-01,1216.7799260816573
10,2008-09-15,426.4465078290907
10,2008-09-16,168.5646860358661
10,2008-09-17,167.46982975599272
10,2008-09-18,88.92574202980816
10,2008-09-19,155.30007790041486
10,2008-09-21,76.22799544349331
10,2008-09-22,154.1170328999536
10,2008-09-23,158.54359842732106
10,2008-09-24,159.21249581248352
10,2008-09-25,157.61050510093887
10,2008-09-26,125.45660558423657
10,2008-09-27,131.74113442322323
10,2008-09-28,727.6343128756353
10,2008-09-29,1172.826527496196
10,2008-09-30,628.8970222421103
10,2008-10-01,419.9278689885902
10,2008-10-02,1241.047041589176
10,2008-10-03,4018.1998236568543
10,2008-10-05,72.83444113773209
10,2008-10-06,159.03240001826518
10,2008-10-07,92.08889616246537
10,2008-10-08,227.69314873327372
10,2008-10-09,161.70804602535415
10,2008-10-10,85.62432010883114
10,2008-10-12,74.73236567641845
10,2008-10-13,157.41326704683507
10,2008-10-14,8.300702075599483
10,2008-10-15,154.81664236668416
10,2008-10-16,161.57528403911027
10,2008-10-17,87.78564875306724
10,2008-10-18,4.315607991406797
10,2008-10-19,75.06162445943481
10,2008-10-20,11.935201182080661
10,2008-10-21,7.814813624769657
10,2008-10-31,81.81449761812911
10,2008-11-01,80.28284627377995
10,2008-11-04,24.52533271772966
10,2008-11-06,160.68872456060376
10,2008-11-07,23.361356683613305
10,2008-11-08,19.373795983980433
10,2008-12-01,13.359001756901652
10,2008-12-06,168.8455607587906
10,2008-12-07,90.55587491337357
10,2008-12-12,81.37065050283118
10,2008-12-13,93.53521212275042
10,2008-12-19,538.7502133267681
10,2008-12-20,1160.581563839667
10,2008-12-23,168.30536720840826
10,2008-12-24,16.005315719169424
10,2008-12-27,98.16543359586227
10,2008-12-31,95.62132413735038
10,2009-01-03,79.51986472684978
10,2009-01-09,117.46458164890127
10,2009-01-11,77.08915414780641
10,2009-01-13,16.934212873503252
10,2009-01-14,15.003052232541993
10,2009-01-16,45.670826461621154
10,2009-01-24,90.28717975833995
10,2009-01-31,78.54413447080815
10,2009-02-07,93.04290171119544
10,2009-02-08,8.385893022019573
10,2009-02-09,72.77852850208983
10,2009-02-13,159.61218857341152
10,2009-02-14,98.96246756933817
10,2009-02-27,90.10762432428437
10,2009-03-01,81.73352675801318
10,2009-03-07,76.7492505322913
10,2009-03-15,26.88429193722354
10,2009-03-21,80.81417200252066
11,2008-09-26,4.224407022827103
11,2008-09-27,7.003869880915993
11,2008-09-28,8.192569903838876
11,2008-09-29,10.7277209605107
11,2008-09-30,1.8544440580533588
11,2008-10-01,15.84929060601284
11,2008-10-02,0.994088502650119
11,2008-10-03,7.199148583466657
11,2008-10-04,10.78683536493632
11,2008-10-05,14.417920969950561
11,2008-10-06,30.99272463856715
11,2008-10-07,4.004360066548593
11,2008-10-08,12.26396243248846
11,2008-10-09,1.718515343539263
11,2008-10-10,3.6306566537232916
11,2008-10-11,14.661980762951853
11,2008-10-12,7.244895909634849
11,2008-10-19,4.4107253049617805
11,2008-10-20,5.448976836097031
11,2008-10-21,4.809470623572666
11,2008-10-22,4.208908712984687
11,2008-10-23,6.916805054720364
11,2008-10-24,1.4142636114771063
11,2008-10-25,15.358783687076864
11,2008-10-26,10.155537003124296
11,2008-10-27,4.422808226608572
11,2008-11-01,1.7482800173219324
11,2008-11-09,2.5374453853692733
11,2008-11-10,24.753788519475652
11,2008-11-11,14.114363708345042
11,2008-11-12,15.258647252281131
11,2008-11-13,4.292217619656161
11,2008-11-14,28.00778135911641
11,2008-11-15,3.992606629651815
11,2008-11-16,14.833710870387279
11,2008-11-17,2.2846505370012293
11,2008-11-18,16.630193207414308
11,2008-11-19,15.956243213167996
11,2008-11-20,7.752298660859865
11,2008-11-21,22.025728619502708
11,2008-11-22,5.16605223701132
11,2008-12-01,1.8086389218412016
11,2008-12-02,13.466481467428398
11,2008-12-03,6.259911088333858
11,2008-12-04,4.37035330974943
11,2008-12-05,2.694489260556574
11,2008-12-06,15.534438684109093
11,2008-12-07,12.488477297096097
11,2008-12-08,4.974483105314231
11,2008-12-09,0.9601180196591224
11,2008-12-10,5.877096105078148
11,2008-12-11,16.33030614282576
11,2008-12-12,9.369505501527108
11,2008-12-13,25.21226517624534
11,2008-12-14,9.842802560455972
12,2008-09-27,4.994964693202656
12,2008-09-28,1.6386907085111513
12,2008-09-29,795.9041536822587
12,2008-09-30,142.8556374325357
12,2008-10-01,228.9385785412424
12,2008-10-02,125.9825677651699
12,2008-10-05,989.2026212896847
12,2008-10-06,5.446848719818341
12,2008-10-20,2.5716611384942207
12,2008-10-21,1.3613236235574875
12,2008-10-22,4.738768507408252
12,2008-10-23,2.8773468481649824
12,2008-10-24,17.64113737435579
12,2008-10-25,165.85718918233107
12,2008-10-26,2.9383794222705397
12,2008-10-27,13.33560126923272
12,2008-10-28,3.3655110321091333
12,2008-10-29,4.337706760555196
12,2008-10-30,6.904008140026368
12,2008-10-31,7.729248109748935
12,2008-11-01,97.22094260892246
12,2008-11-02,96.57503897041121
12,2008-11-03,4.895822507634176
12,2008-11-04,2.9328198568949073
12,2008-11-05,8.11128932010511
12,2008-11-06,5.6601410524719045
12,2008-11-07,5.638464650954605
12,2008-11-08,2.4486529168559645
12,2008-11-09,90.19319831254737
12,2008-11-10,4.870205299958687
12,2008-11-11,6.467206862514745
12,2008-11-12,4.211191830795206
12,2008-11-13,5.604682506843208
12,2008-11-14,693.712938441727
12,2008-11-15,133.729215962343
12,2008-11-16,551.3958697458511
12,2008-11-17,73.66551226129519
12,2008-11-18,5.679451614206169
12,2008-11-19,5.348580006506376
12,2008-11-20,6.621254578688946
12,2008-11-21,6.01089213925268
12,2008-11-22,3.189522099505642
12,2008-11-23,3.3799834747436277
12,2008-11-24,5.522890576306185
12,2008-12-02,2.809425959751552
12,2008-12-03,6.580556767443223
12,2008-12-04,4.775676503482946
12,2008-12-05,5.215587729379339
12,2008-12-06,2.5501543774164444
12,2008-12-07,2.6104608496991
12,2008-12-08,4.617755186707815
12,2008-12-09,4.566080321600348
12,2008-12-10,2.670537487385363
12,2008-12-11,5.191184089942854
12,2008-12-12,2.1673115153021927
12,2008-12-13,1.6013811643858546
12,2008-12-14,1.9784511719489861
12,2008-12-15,3.9213300620480243
13,2008-09-27,14.261706923366605
13,2008-09-28,168.30883094434924
13,2008-09-29,18.55214972054726
13,2008-09-30,1.2519491217567273
13,2008-10-01,47.7698343822897
13,2008-10-02,23.327976621485707
13,2008-10-06,217.02743685235274
13,2008-10-07,16.061913814868984
13,2008-10-08,18.99029929774049
13,2008-10-09,8.102857788357785
13,2008-10-10,16.365713788664305
13,2008-10-11,20.203819832833798
13,2008-10-12,6.482780607544396
13,2008-10-13,22.08331693387998
13,2008-10-14,13.241124315153307
13,2008-10-15,20.819418764848482
13,2008-10-16,20.493461615219676
13,2008-10-17,10.50166201619864
13,2008-10-18,14.714477048708458
13,2008-10-19,6.6683733016683355
13,2008-10-20,17.82836522679972
13,2008-10-21,18.93015373497087
13,2008-10-22,12.984844084656018
13,2008-10-23,17.719788322589412
13,2008-10-24,24.71078800965343
13,2008-10-25,0.930912877861548
13,2008-10-26,2.4121156671278134
13,2008-10-27,2.942047312594932
13,2008-10-28,3.597542353432169
13,2008-10-29,2.2895712769502805
13,2008-10-30,1.6140514518806406
13,2008-10-31,28.997378244163897
13,2008-11-01,8.830847465733079
13,2008-11-02,12.801780964882305
13,2008-11-03,10.878447933444692
13,2008-11-04,23.72498992467048
13,2008-11-05,16.725927184063586
13,2008-11-06,17.57662113276351
13,2008-11-07,8.626105058981171
13,2008-11-09,7.857198508689214
13,2008-11-10,15.564520203974528
13,2008-11-11,17.96109328946049
13,2008-11-12,17.996549144804483
13,2008-11-13,9.957431659172126
13,2008-11-14,16.600971226363004
13,2008-11-16,17.38435351101728
13,2008-11-17,18.33523784642211
13,2008-11-18,0.25231747788991293
13,2008-12-01,16.32908160128415
13,2008-12-02,17.9236942511912
13,2008-12-03,15.54165887448207
13,2008-12-04,17.183800384973754
13,2008-12-05,9.897481311775977
13,2008-12-07,8.507566347047488
13,2008-12-08,15.730454454756357
13,2008-12-09,18.264861172424958
13,2008-12-10,17.68662244439926
13,2008-12-11,15.442888141389599
13,2008-12-12,11.578622494354024
13,2008-12-13,0.5284215417733577
13,2008-12-14,10.961638430545591
13,2008-12-15,0.08824971539098972
13,2009-01-13,15.878381181449281
13,2009-01-14,8.940935653276645
13,2009-01-15,22.40234077768275
13,2009-01-16,13.055632161870541
13,2009-01-17,2.2537147180602455
13,2009-01-18,8.19437760451339
13,2009-01-19,13.471296024769893
13,2009-01-20,25.527007162246644
13,2009-01-21,10.811899606675631
13,2009-01-22,451.6863337146216
13,2009-01-23,4.583394220746734
13,2009-01-24,10.473838205982911
13,2009-01-25,2.7520774047977286
13,2009-01-26,17.032922290125512
13,2009-01-27,10.7692199926293
13,2009-01-28,21.421818901052912
13,2009-01-30,478.95309665238153
13,2009-02-01,25.114040213222303
13,2009-02-02,16.99707605780758
13,2009-02-03,21.724532371546278
13,2009-02-04,17.48295062178647
13,2009-02-05,10.819938989405182
13,2009-02-06,16.313048508828388
13,2009-02-07,8.40428002365576
13,2009-02-08,8.269581490413366
13,2009-02-09,5.650374468306417
13,2009-02-10,3.4014498010798877
13,2009-02-11,9.044842213684204
13,2009-02-15,35.16898615614003
13,2009-02-17,10.623416548138707
13,2009-02-19,8.228793665661065
13,2009-02-20,1.370473519126349
13,2009-02-21,2.275852042448782
13,2009-02-22,10.54121537560191
13,2009-02-28,9.126136236096444
13,2009-03-04,3.6032810750522417
14,2008-10-20,66.61169876324531
14,2008-10-21,109.25390524796173
14,2008-10-22,26.32014658971251
14,2008-10-23,23.834120513571584
14,2008-10-24,36.767983479805984
14,2008-10-25,143.84054439414908
14,2008-10-26,167.81019382845116
14,2008-10-27,55.67611134815561
14,2008-10-28,18.161294198334836
14,2008-10-29,29.158995948000186
14,2008-10-30,48.16938303390943
14,2008-10-31,30.439710164186483
14,2008-11-01,46.22908095563568
14,2008-11-02,18.442187447088546
14,2008-11-03,4.922489970938646
14,2008-11-04,0.011371016120279201
14,2008-11-05,8.260940813812544
14,2008-11-06,42.380588923223556
14,2008-11-07,40.28082907951856
14,2008-11-09,46.45727903651125
14,2008-11-10,13.945825631288374
14,2008-11-11,26.509253886754912
14,2008-11-12,52.48859724589659
14,2008-11-13,33.11863409210338
14,2008-11-14,45.602215329154596
14,2008-11-15,2.5455045493124255
14,2008-11-16,65.97015212074423
14,2008-11-17,41.639683930370246
14,2008-11-18,16.654918089296114
14,2008-11-19,0.44836589350547507
14,2008-11-20,28.23271967323063
14,2008-11-21,22.768880118756467
14,2008-11-22,34.08394101629206
14,2008-11-23,27.35170436468777
14,2008-11-24,66.51576891740896
14,2008-11-25,20.181907347664374
14,2008-11-26,34.14442223361211
14,2008-11-27,17.85663103113009
14,2008-11-28,23.935766784326713
14,2008-11-29,22.177881630099204
14,2008-11-30,49.98918915130135
14,2008-12-01,11.993630785302226
14,2008-12-03,39.49243595452064
14,2008-12-04,13.602590213465815
14,2008-12-05,31.31660890161056
14,2008-12-06,44.41474035583698
14,2008-12-08,38.20567338263671
14,2008-12-09,3.902232171240093
14,2008-12-10,18.74728462369967
14,2008-12-11,11.455347945573347
14,2008-12-12,31.870542365729168
14,2008-12-14,16.09632067421591
14,2008-12-15,9.570486564082781
14,2008-12-16,68.3899644512707
14,2008-12-17,20.11702834972267
14,2008-12-18,65.39311531268227
14,2008-12-19,28.668922921666596
14,2008-12-20,13.990074490276228
14,2008-12-21,22.951151412261353
14,2008-12-22,16.441203828420743
14,2008-12-23,1.2212763138027753
14,2008-12-24,54.51567348946798
14,2008-12-25,11.031395181707017
14,2008-12-26,52.48907648486124
14,2009-01-09,42.65050784744392
14,2009-01-12,17.431325994714797
14,2009-01-13,31.654790886367906
14,2009-01-14,19.143850231806862
14,2009-01-15,12.544855188677174
14,2009-01-16,19.83403257845575
14,2009-01-17,33.09920259908529
14,2009-01-19,13.363801418760021
14,2009-01-20,28.5193784115315
14,2009-01-21,111.34203308076128
14,2009-01-22,33.107195259474935
14,2009-01-23,14.708019283345646
14,2009-01-24,5.974492973730508
14,2009-01-25,26.57879801622179
14,2009-01-28,122.98512519488649
14,2009-01-29,12.410377530159929
14,2009-01-31,28.328767647884916
14,2009-02-05,35.91922763000293
14,2009-02-06,14.887614247525017
14,2009-02-08,46.69286607033262
14,2009-02-09,25.573229503560412
14,2009-02-10,6.929662762984707
14,2009-02-11,15.064453827723309
14,2009-02-13,38.76693944910606
14,2009-02-15,112.09865749426194
14,2009-02-17,35.86222518966689
14,2009-02-18,29.21362848431412
14,2009-02-19,13.935034145652676
14,2009-02-20,23.303716945704046
14,2009-02-22,31.230782186859432
14,2009-02-23,25.19340110898134
14,2009-02-24,30.60959046533295
14,2009-02-25,2.8166852636493958
14,2009-02-26,16.861107211554682
14,2009-02-27,37.851420538717996
14,2009-03-02,49.68262095834881
14,2009-03-03,37.053082252692455
14,2009-03-04,17.40869375810762
14,2009-03-05,82.91567049998903
14,2009-03-06,7.457749283913757
14,2009-03-09,20.02413956103299
14,2009-03-10,30.01718016905304
14,2009-03-11,39.58736508987445
14,2009-03-12,4.254086780777093
14,2009-03-13,4.846737994182618
14,2009-03-14,63.794894546538046
14,2009-03-16,31.95978061919884
14,2009-03-17,37.97716396974737
14,2009-03-18,15.588549683393975
14,2009-03-20,5.794553114000971
14,2009-03-31,12.216558586989164
14,2009-04-01,17.396017530900842
14,2009-04-03,25.09211144759108
14,2009-04-07,66.45920166103882
14,2009-04-08,24.869177807034752
14,2009-04-09,12.390225126706184
14,2009-04-11,90.94863185967337
14,2009-04-13,83.97767618993741
14,2009-04-14,26.366908556094614
14,2009-04-15,28.399965615287677
14,2009-04-16,30.308208983275385
14,2009-04-17,5.742191393492513
15,2008-10-20,1.779927525736628
15,2008-10-23,1.2844612236683974
15,2008-10-27,4.2297602387291295
15,2008-10-28,23.401340573236045
15,2008-10-29,15.358943146189873
15,2008-10-30,18.405925256343927
15,2008-10-31,7.201238442797658
15,2008-11-01,21.352572903189795
15,2008-11-02,25.494405071719697
15,2008-11-03,27.057682288153025
15,2008-11-04,7.156805057504636
15,2008-11-05,21.628846966459747
15,2008-11-06,8.065801347584967
15,2008-11-07,19.85555409796603
15,2008-11-08,15.872103245518941
15,2008-11-09,16.47551450927972
15,2008-11-10,14.052861989960672
15,2008-11-11,4.263227599157496
15,2008-11-12,15.071618575784996
15,2008-11-13,25.32343381194774
15,2008-11-14,15.246945845357596
15,2008-11-15,18.988234940961995
15,2008-11-16,0.553359221832808
15,2008-11-17,6.985625785079052
15,2008-11-18,3.064508920262033
15,2008-11-19,5.89212685239567
15,2008-11-20,5.377422379302722
15,2008-11-21,11.507958353156328
15,2008-11-22,9.91412111411296
15,2008-11-23,6.584377788939061
15,2008-11-24,11.314339764284258
15,2008-11-25,4.664407291016727
15,2008-12-02,8.914883244483702
15,2008-12-03,23.03678827526345
15,2008-12-04,6.665894434963046
15,2008-12-08,3.271292608632884
15,2008-12-09,6.351679433443823
15,2008-12-10,12.41022615839282
15,2008-12-11,15.730141750980266
15,2008-12-15,5.439078427054488
15,2008-12-16,4.075088898539903
15,2009-02-26,116.54333772085045
15,2009-02-27,22.585966657245468
15,2009-02-28,12.547372471312595
15,2009-03-01,91.58569598584452
15,2009-03-02,18.78810571749694
15,2009-03-03,10.872030028275589
15,2009-03-04,7.6380769855906
16,2008-10-25,20.403713575520182
16,2008-10-27,11.853780255696158
16,2008-10-28,3.6275479753473
16,2008-10-29,5.738529273564467
16,2008-10-30,28.439049488963406
16,2008-10-31,16.69806457156538
16,2008-11-01,25.545309739844978
16,2008-11-03,42.92374400916252
16,2008-11-04,29.954407295145774
16,2008-11-05,65.32861566360832
16,2008-11-06,48.631061801477344
16,2008-11-07,2.8973321555363176
16,2008-11-08,29.978597066216576
16,2008-11-09,22.40031897476419
16,2008-11-10,33.24236187312438
16,2008-11-11,37.50029667965246
16,2008-11-12,15.58095249423152
16,2008-11-13,2.7762683186957036
16,2008-11-14,16.543041438214427
16,2008-11-17,0.931047586129338
16,2008-11-18,18.18555696040609
16,2008-11-19,14.90954993883466
16,2008-11-21,16.43631709231207
16,2008-11-23,10.300384059641695
16,2008-11-24,11.113063388076132
16,2008-11-25,1.8160077170580367
16,2008-12-02,4.920421174824275
16,2008-12-03,45.73819252199938
16,2008-12-04,2.532190900395404
16,2008-12-08,9.828430613243231
16,2008-12-09,5.864708390225343
16,2008-12-10,6.218415423754107
16,2008-12-11,2.0220185789991
16,2008-12-12,3.102840715715179
16,2008-12-13,10.8769403255027
16,2008-12-14,31.540752085709425
16,2008-12-15,10.836192736086309
16,2008-12-16,1.7429322213853844
17,2008-10-30,12.76534408814547
17,2008-10-31,2.0278096700318757
17,2008-11-01,22.44590146366456
17,2008-11-02,1.1642838801372057
17,2008-11-03,27.8061260323467
17,2008-11-04,3.1335862478044807
17,2008-11-05,61.965529341949164
17,2008-11-06,67.07568168551305
17,2008-11-07,13.831445711421612
17,2008-11-08,21.029933032654757
17,2008-11-09,12.839844039998841
17,2008-11-10,44.80644993277079
17,2008-11-11,4.922025842299449
17,2008-11-12,2.8929935590821163
17,2008-11-13,46.01190878227924
17,2008-11-14,40.023182916300755
17,2008-11-16,12.848804786384527
17,2008-11-17,5004.639482586385
17,2008-11-18,35.876191408445194
17,2008-11-20,38.08004317779321
17,2008-11-21,67.0593439366785
17,2008-11-22,108.85972378234752
17,2008-11-23,27.7951936738258
17,2008-12-01,4.660846434559879
17,2008-12-02,59.451557005057566
17,2008-12-03,35.85525089766906
17,2008-12-04,68.44787227801203
17,2008-12-05,74.59786788771687
17,2008-12-06,9.329680997290852
17,2008-12-07,16.19430187015854
17,2008-12-08,7.113876597034891
17,2008-12-09,76.80463386537244
17,2008-12-10,51.87366521492427
17,2008-12-11,8.011212859406267
17,2008-12-12,118.58511091400781
17,2008-12-13,4.711257299210698
17,2008-12-14,8.874280357099343
17,2008-12-15,83.47398995380759
17,2008-12-16,4.19447859286615
17,2008-12-17,104.01224995052951
17,2008-12-18,7.260700420597584
17,2008-12-19,65.28769843824533
17,2008-12-20,33.485548687736056
17,2008-12-21,28.658849368005587
17,2008-12-22,90.71292182835018
17,2008-12-23,65.21038872056796
17,2008-12-24,42.80828800826689
17,2008-12-26,55.462836719242105
17,2008-12-27,36.665611306252494
17,2008-12-28,50.8875757966457
17,2008-12-31,3.467942828785865
17,2009-01-05,86.9934156022344
17,2009-01-06,59.93784128794293
17,2009-01-07,73.42500542882836
17,2009-01-08,59.29006138666707
17,2009-01-09,25.299079401314117
17,2009-01-10,23.63460092662869
17,2009-01-11,35.532083538922535
17,2009-01-12,81.71708765905662
17,2009-01-13,46.82295013981274
17,2009-01-14,96.31330564598264
17,2009-01-15,10.218111436778106
17,2009-01-16,26.178977593331677
17,2009-01-17,7.634791855023426
17,2009-01-18,19.52393762618721
17,2009-01-19,81.09903066494884
17,2009-01-20,72.63295946476924
17,2009-01-21,45.00848210585786
17,2009-01-22,102.77719940486878
17,2009-01-24,172.27765694083675
17,2009-01-25,14.676334641528273
17,2009-01-26,38.17361575775501
17,2009-01-27,59.15196512591152
17,2009-01-28,31.908365140911904
17,2009-01-29,77.2776139743889
17,2009-01-30,26.362059510334305
17,2009-01-31,156.65584624244488
17,2009-02-01,10.270424705111033
17,2009-02-02,4.819546877673851
17,2009-02-03,47.01715981573577
17,2009-02-04,21.552087402693303
17,2009-02-05,47.654643589297386
17,2009-02-06,74.58258854519562
17,2009-02-07,9.986791846103127
17,2009-02-08,17.0830995506985
17,2009-02-09,1.2978542645184887
17,2009-02-10,50.66863924282046
17,2009-02-11,94.22117450768548
17,2009-02-12,26.788619272726372
17,2009-02-13,54.72425635432058
17,2009-02-14,10.567484396696312
17,2009-02-15,56.387452049446
17,2009-02-16,33.10740105142329
17,2009-02-17,73.67159725341183
17,2009-02-18,44.002317388280105
17,2009-02-19,46.59811868689218
17,2009-02-20,67.70676810682843
17,2009-02-21,29.319469787055198
17,2009-02-22,23.02818770949198
17,2009-02-23,23.34733653907159
17,2009-02-24,47.64264604164676
17,2009-02-25,108.28956556109705
17,2009-03-05,4.930925640991078
17,2009-03-06,86.71988172982665
17,2009-03-07,2.7314516093640835
17,2009-03-08,19.348179880120377
17,2009-03-09,48.47167715482809
17,2009-03-11,35.758881257821336
17,2009-03-12,3.0000079415256953
17,2009-03-13,65.71778135000078
17,2009-03-14,1.563701898002937
17,2009-03-15,22.503522171537654
17,2009-03-16,77.73294287946514
17,2009-03-18,75.52555406233922
17,2009-03-19,9.419090965721441
17,2009-03-20,47.23357434526138
17,2009-03-21,9.01200166035353
17,2009-03-22,20.879097546381963
17,2009-03-23,158.72710152994983
17,2009-03-24,109.7084518763468
17,2009-03-25,51.47523890606088
17,2009-03-26,7.133697906449433
17,2009-03-27,52.90840950649199
17,2009-03-28,9.580930295245352
17,2009-03-29,24.53353528573691
17,2009-03-30,74.87675519213448
17,2009-03-31,0.47397548519689
17,2009-04-01,55.481764311431114
17,2009-04-02,76.53440988104985
17,2009-04-03,101.06161574855885
17,2009-04-04,27.823701913638256
17,2009-04-05,8.926761222739106
17,2009-04-06,51.717478512257266
17,2009-04-07,4.179209786089681
17,2009-04-08,124.17649540864821
17,2009-04-09,107.5574756128067
17,2009-04-10,59.71487751776655
17,2009-04-11,72.22959906816357
17,2009-04-12,54.83980210657838
17,2009-04-13,79.05628009573499
17,2009-04-14,37.9289431777705
17,2009-04-15,0.6895668227097809
17,2009-04-16,72.75854035542693
17,2009-04-17,84.13684590323501
17,2009-04-18,15.732493735332653
17,2009-04-19,29.113988488622844
17,2009-04-20,64.19089398472325
17,2009-04-21,278.0446257534592
17,2009-04-22,2.2137044913744712
17,2009-05-13,7.328112940772813
17,2009-05-14,11.235732617935914
17,2009-05-15,24.869825970926048
17,2009-05-16,32.55554598640085
17,2009-05-17,24.854948862998143
17,2009-05-19,108.17512297023744
17,2009-05-20,12.042802972081825
17,2009-05-21,223.85426387045757
17,2009-05-22,177.2367680949206
17,2009-05-23,69.11700447300282
17,2009-05-24,16.963296654927202
17,2009-05-25,58.68740563800678
17,2009-05-26,21.808539832586426
17,2009-05-28,104.31483651142565
17,2009-05-30,33.61730918927493
17,2009-05-31,50.76007787964905
17,2009-06-01,53.66624786831041
17,2009-06-02,4.534450189962853
17,2009-06-03,3.5245326311065184
17,2009-06-04,150.62648001449628
17,2009-06-05,37.32268746472864
17,2009-06-06,14.140015211720566
17,2009-06-07,27.233108060401676
17,2009-06-08,87.31789568999612
17,2009-06-09,57.808432758917505
17,2009-06-10,12.925240371664913
17,2009-06-11,54.80156573894195
17,2009-06-12,74.57982697796906
17,2009-06-13,74.11106314604288
17,2009-06-14,147.7840974253953
17,2009-06-15,52.90201112425579
17,2009-06-16,91.34505751936392
17,2009-06-17,8.147007587736839
17,2009-06-18,48.169943441978546
17,2009-06-19,56.53701831367101
17,2009-06-20,40.22701126109925
17,2009-06-21,20.729756995313963
17,2009-06-22,38.63774928331781
17,2009-06-23,39.461602539546675
17,2009-06-24,7.29519284515859
17,2009-06-25,74.91793628377681
17,2009-06-26,41.367184943098465
17,2009-06-27,56.56364218242142
17,2009-06-28,35.7953349499605
17,2009-06-29,31.51765320543376
17,2009-06-30,109.75074106890938
17,2009-07-02,25.04938278332665
17,2009-07-03,105.64046157173858
17,2009-07-04,19.792609888805288
18,2008-11-04,8.423553164657003
18,2008-11-05,29.657277733683184
18,2008-11-06,85.88715784387047
18,2008-11-07,40.80553445583867
18,2008-11-08,125.50501980520103
18,2008-11-09,1.809509807931191
18,2008-11-10,16.24836456472181
18,2008-11-11,69.41355332183174
18,2008-11-12,54.74815463591841
18,2008-11-14,29.578839596251342
18,2008-11-15,16.25521594690424
18,2008-11-30,2.9413663350690995
18,2008-12-01,57.15945891962696
18,2008-12-02,219.2671689340837
18,2008-12-04,0.011797495836422499
18,2008-12-05,194.35969621093787
18,2008-12-06,3.4797817403111106
18,2008-12-07,12.09856577337224
18,2008-12-08,10.617257558124724
18,2008-12-09,18.969212135454242
18,2008-12-10,42.36298713642425
18,2008-12-11,112.7981776869928
18,2008-12-14,5.059130169102012
18,2008-12-15,3.7384012001934126
19,2008-11-07,3.5825995436123756
19,2008-11-08,25.5437484151968
19,2008-11-09,4.102151483724604
19,2008-11-10,8.39255248699291
19,2008-11-11,12.813648526159122
19,2008-11-12,12.48914258600861
19,2008-11-13,44.5570358914967
19,2008-11-14,94.96978845774552
19,2008-11-15,39.171812207649864
19,2008-11-16,1.36825690415741
19,2008-11-17,18.070136003405622
19,2008-11-18,2.338618452440834
19,2008-11-19,2.330071665676448
19,2008-11-20,17.986554627851106
19,2008-11-21,47.52933617572663
19,2008-11-22,44.21100421654728
19,2008-11-23,19.950775840636354
19,2008-12-02,4.042314970045673
19,2008-12-03,6.2142148239379935
19,2008-12-04,16.076287802798642
19,2008-12-05,81.02679058232361
19,2008-12-06,6.199902870807026
19,2008-12-07,1.5442466309533471
19,2008-12-08,15.436438865049528
19,2008-12-09,18.44382540152528
19,2008-12-10,20.37693704676545
19,2008-12-11,26.758252663459192
19,2008-12-13,57.47950741950724
19,2008-12-14,20.441334047474342
20,2011-08-25,3.272547666924264
20,2011-08-26,3.305587179476219
20,2011-08-27,7.784920438156222
20,2011-08-28,34.73825512743849
20,2011-08-29,9.313499102770146
20,2011-08-30,6.572537729146074
20,2011-08-31,7.339115416622263
20,2011-09-01,5.84049591214051
20,2011-09-02,6.238312244499581
20,2011-09-03,7.6847911793988235
20,2011-09-04,5.92345104929072
20,2011-09-05,7.058183353692638
20,2011-09-06,6.202900720631527
20,2011-09-07,3.8145059345209154
20,2011-09-09,5.705166768174265
20,2011-09-10,7.6178797930115225
20,2011-09-11,80.19678947247719
20,2011-09-12,16.338545335330664
20,2011-09-13,5.843401902351816
20,2011-09-14,5.901432914905359
20,2011-09-15,3.1016490566828563
20,2011-09-16,8.214362410215093
20,2011-09-17,4.104457704328502
20,2011-09-21,8.59179397755013
20,2011-09-22,2.439609519129815
20,2011-09-23,7.649665859712576
20,2011-09-24,5.068753634735547
20,2011-09-25,6.151087721546997
20,2011-09-26,4.988765234943758
20,2011-09-27,4.786607374631247
20,2011-09-28,9.192144097096191
20,2011-09-29,2.338899119067633
20,2011-09-30,2.5178623067440977
20,2011-10-01,2.458312467909427
20,2011-10-03,4.547297353841914
20,2011-10-04,6.638784243720231
20,2011-10-05,4.5846320050296985
20,2011-10-06,5.968309527681865
20,2011-10-07,2.182548830462881
20,2011-10-09,11.19677197624003
20,2011-10-10,6.989156828939349
20,2011-10-11,6.689464174628091
20,2011-10-12,2.3595116594691907
20,2011-10-13,8.416680125112144
20,2011-10-14,2.653570523091934
20,2011-10-15,2.653438030237934
20,2011-10-16,2.404280752700433
20,2011-10-17,0.18274822120995798
20,2011-10-18,2.5115748046111888
20,2011-10-19,1.9109047101820311
20,2011-10-20,6.403350278218235
20,2011-10-21,2.9766042650720848
20,2011-10-22,2.038717071679022
20,2011-10-24,5.212954184947367
20,2011-10-25,6.633258908074032
20,2011-10-26,6.085119885326156
20,2011-10-27,4.955763804005018
20,2011-10-28,2.4049781904454037
20,2011-10-31,3.8668685082436305
20,2011-11-01,3.8823192767472943
20,2011-11-02,3.5563766319813093
20,2011-11-03,2.3271257050819596
20,2011-11-04,3.329286245284929
20,2011-11-05,11.208663338205792
20,2011-11-06,0.5707220192287052
20,2011-11-07,5.166118936646638
20,2011-11-08,5.297179894150623
20,2011-11-09,3.2330922604187884
20,2011-11-10,3.159285791210201
20,2011-11-11,2.2648229785518734
20,2011-11-15,5.0146780788040655
20,2011-11-16,5.244896255750323
20,2011-11-17,5.272992015343126
20,2011-11-18,3.262552926675058
20,2011-11-19,7.073943564410399
20,2011-11-20,1.4866561853064957
20,2011-11-21,2.3471510824215023
20,2011-11-22,6.482464265460222
20,2011-11-23,3.8684143745422648
20,2011-11-24,4.940018930409335
20,2011-11-25,5.0033223613076405
20,2011-11-28,5.072895155596188
20,2011-11-29,5.215632045065606
20,2011-11-30,5.150974298907548
20,2011-12-01,2.4991258350220393
20,2011-12-02,4.273836806388705
20,2011-12-06,2.4573111611993452
20,2011-12-09,2.5718526636912906
20,2011-12-13,2.6900624987024653
20,2011-12-20,3.5982149789053444
20,2011-12-21,5.597717462560066
20,2011-12-22,2.535435403969363
20,2011-12-23,4.796902949723912
20,2011-12-27,0.4078135375247958
21,2007-04-29,83.21785500513643
21,2007-04-30,495.86813424769633
21,2007-05-01,186.6510095762901
21,2007-05-02,61.29260271305478
21,2007-05-03,107.8154308294077
21,2007-05-04,5.7016399143291325
22,2009-01-09,6.9918232953804615
22,2009-01-10,8.081949206152597
22,2009-01-11,4.6732057371424425
22,2009-01-12,72.68842889549312
22,2009-01-13,674.7372731343876
22,2009-01-14,24.780364186126004
22,2009-01-15,0.7475922889912417
22,2009-01-16,65.50065430111304
22,2009-01-17,13.357006363472658
22,2009-01-18,29.975782796281315
22,2009-01-19,22.655870623128585
22,2009-01-20,18.280443809734983
22,2009-01-21,6.146901636196181
22,2009-02-03,710.3319827356154
22,2009-02-04,20.520507397110062
22,2009-02-06,23.363717217600886
22,2009-02-07,22.464669588816278
22,2009-02-08,9.07340474868851
22,2009-02-09,38.46088016077597
22,2009-02-10,14.322285569258728
22,2009-02-11,7.294441822586689
22,2009-02-12,6.878113471507892
22,2009-02-13,17.207488623118
22,2009-02-14,43.86147742706993
22,2009-02-16,15.251041361766767
22,2009-02-17,11.77187825395168
22,2009-02-19,1.6173139141737614
22,2009-02-20,12.104447994996013
22,2009-02-21,15.790863178846584
22,2009-02-22,33.79851291446329
22,2009-02-23,7.373002044914835
22,2009-03-04,3.6294206859300018
22,2009-03-05,30.498592242096855
22,2009-03-07,15.40340254297512
22,2009-03-08,9.208303743228614
22,2009-03-09,16.11489513995718
22,2009-03-10,14.867122141916083
22,2009-03-11,44.63601980352052
22,2009-03-12,8.638125685065665
22,2009-03-13,5.5562634564415365
22,2009-03-20,20.53887974318764
22,2009-03-21,25.927590878663775
22,2009-03-22,48.95319306693609
22,2009-03-23,16.97313342263121
22,2009-03-24,6.990340401960822
22,2009-03-26,19.786019982633135
22,2009-03-27,5.948040834354539
22,2009-04-02,6.8261804797787375
22,2009-04-03,26.859341126646086
22,2009-04-05,7.798810494053892
22,2009-04-08,12.876908780025966
22,2009-04-09,5.096096301143725
22,2009-04-10,113.29293873757253
22,2009-04-11,28.386210306459773
22,2009-04-13,17.57574613042839
22,2009-04-14,4.128739322581487
22,2009-04-15,3.0534118812770736
22,2009-04-16,5.652794593037236
22,2009-04-17,47.82088266041648
22,2009-04-18,10.61148068052699
22,2009-04-19,13.84547352047931
22,2009-04-22,32.939538620099256
22,2009-04-23,21.89463310847437
22,2009-04-24,6.094277514926009
22,2009-04-25,22.106207668848846
22,2009-04-26,15.402312935250139
22,2009-04-27,28.91309282526838
22,2009-04-28,29.97254365119577
22,2009-04-29,22.587072754623545
22,2009-04-30,22.92881870578779
22,2009-05-01,7.704429212867515
22,2009-05-02,19.46494144314754
22,2009-05-03,3.1404414620897607
22,2009-05-04,7.945654066876905
22,2009-05-05,14.264002171437053
22,2009-05-06,57.660261698370356
22,2009-05-07,6.507799039631863
22,2009-05-09,7.842047651752107
22,2009-05-10,11.755998655735882
22,2009-05-11,51.40623300718632
22,2009-05-12,47.71538268363513
22,2009-05-13,26.54121578386352
22,2009-05-14,7.170904646829514
22,2009-05-15,21.377911556601962
22,2009-05-16,0.30943783237396894
22,2009-05-20,9.869299729679357
22,2009-05-21,4.447436051560104
22,2009-05-27,5.996748427362553
22,2009-05-28,23.41961839622873
22,2009-05-29,5.323907870885014
22,2009-05-31,17.200902398381498
22,2009-06-01,8.735484295299177
22,2009-06-03,15.715790614379662
22,2009-06-06,50.92832834370523
22,2009-06-08,28.33021486412666
22,2009-06-09,26.678499623503118
22,2009-06-10,29.52830519639069
22,2009-06-11,19.082412545203127
22,2009-06-15,16.64488542259153
22,2009-06-16,15.065381704162549
22,2009-06-17,51.368516065482424
22,2009-06-18,7.452472894181385
22,2009-06-20,20.331546922241234
22,2009-06-21,22.845133828141208
22,2009-06-23,18.645080053212006
22,2009-06-25,9.12579194649803
22,2009-06-26,17.813988093393856
22,2009-06-27,43.434214485120464
22,2009-06-29,44.887814209998844
22,2009-06-30,65.5033083797287
22,2009-07-01,8.719668666028037
22,2009-07-02,8.55707105075106
22,2009-07-06,34.45828522524511
22,2009-07-07,42.8094745438119
22,2009-07-08,30.70505079642533
22,2009-07-09,50.573013283249004
22,2009-07-11,105.5244928519195
22,2009-07-12,38.76611824549624
22,2009-07-13,17.655125489088984
22,2009-07-14,48.97058607713339
22,2009-07-15,44.123865665626674
22,2009-07-16,50.66112819306556
22,2009-07-17,23.86829520721118
22,2009-07-18,31.700470256400035
22,2009-07-19,30.934106080543724
22,2009-07-20,14.512824816388466
22,2009-07-21,64.57445799915729
22,2009-07-23,67.16227128847696
22,2009-07-24,44.1434087578526
22,2009-07-26,5.212324871000958
22,2009-07-27,19.121878965945545
23,2009-01-11,51.71479975290116
23,2009-01-12,74.512859073741
23,2009-01-13,29.79685852457075
23,2009-01-16,641.2267208696966
23,2009-01-17,1050.0775014973665
23,2009-01-22,206.69395189292018
23,2009-01-23,14.410119440341107
23,2009-01-25,21.622337149428223
23,2009-01-26,7.525409823064845
23,2009-01-28,21.126218788889954
23,2009-01-30,30.058797245900134
23,2009-01-31,4.618466777127327
23,2009-02-01,49.531953071709175
23,2009-02-02,23.332938346012014
23,2009-02-03,19.046170942817128
23,2009-02-04,44.900837420376654
23,2009-02-05,11.250011646078296
23,2009-02-11,18.93950586000509
23,2009-02-12,1019.9343008191175
23,2009-02-13,114.1689863415972
23,2009-02-14,139.55759628922314
23,2009-02-15,18.64784322601699
23,2009-02-22,0.5679635701179976
23,2009-03-08,5.083042960125238
24,2008-12-16,16.175327548904843
24,2008-12-17,1.7440318406153323
24,2008-12-18,6.307365841237088
24,2008-12-19,16.76759854628521
24,2008-12-20,19.57874004032829
24,2008-12-21,1.2242388793286927
24,2008-12-22,0.8753533848039822
24,2009-01-09,6.923441494849596
24,2009-01-10,25.654646810477594
24,2009-01-11,98.66690940166818
24,2009-01-12,45.08797450972248
24,2009-01-13,311.6339094078663
24,2009-01-15,44.52912367239467
24,2009-01-17,51.58461989788243
24,2009-01-18,26.344393724291237
24,2009-01-19,91.31313282397272
24,2009-01-21,100.22941602505523
24,2009-01-22,84.90939854295895
24,2009-01-23,28.52768206206563
24,2009-01-24,41.222738582112406
24,2009-01-26,14.917652264911952
24,2009-01-27,23.151080495472982
24,2009-01-28,28.46532060243372
24,2009-01-29,55.224037170683026
24,2009-01-30,57.36447769463863
24,2009-01-31,46.96203158409766
24,2009-02-01,111.84057082928472
24,2009-02-02,28.1350009610006
24,2009-02-03,6.541633931607552
24,2009-02-04,47.29708212697927
24,2009-02-05,46.723089154269
24,2009-02-06,5.73752016745028
24,2009-02-07,78.8612523885339
24,2009-02-08,56.51277936673732
24,2009-02-09,68.41213138629533
24,2009-02-10,100.90701037900361
24,2009-02-12,102.16018517702226
24,2009-02-13,73.00621305117791
24,2009-02-14,51.0933039746466
24,2009-02-15,45.981940319575216
24,2009-02-16,103.99170776057795
24,2009-02-17,9.875384006435528
24,2009-02-18,62.13920533860528
24,2009-02-19,14.264918505432663
24,2009-02-21,75.67926358840151
24,2009-02-22,92.54120557957093
24,2009-02-23,31.102412347690997
24,2009-02-24,108.16321154419785
24,2009-02-25,152.05341103163283
24,2009-02-26,40.943811616064345
24,2009-02-27,55.268799039689206
24,2009-03-04,7.711780082306755
24,2009-03-05,43.20686812265998
24,2009-03-06,58.61776271478331
24,2009-03-07,84.12337992952591
24,2009-03-08,74.88986001559837
24,2009-03-09,59.71060960605162
24,2009-03-10,48.891757786864545
24,2009-03-11,8.627636175578374
24,2009-03-12,63.39353680927538
24,2009-03-13,100.9995932069017
24,2009-03-14,78.81552516029093
24,2009-03-15,10.536938595781477
24,2009-03-16,51.436191617927705
24,2009-03-17,176.36192806480727
24,2009-03-18,84.19827348411039
24,2009-03-19,21.402945639815293
24,2009-03-20,8.40456439347139
24,2009-03-21,71.46085611576092
24,2009-03-22,93.88572105168183
24,2009-03-23,7.958959689167877
24,2009-03-24,97.29178546209326
24,2009-03-25,133.35456484773377
24,2009-03-26,0.8525486067756014
24,2009-05-12,61.64881930416957
24,2009-05-13,94.10464445737108
24,2009-05-14,194.70151883816757
24,2009-05-15,12.948814612496783
24,2009-05-16,39.73670918816907
24,2009-05-18,89.86125260813026
24,2009-05-19,121.0950918403127
24,2009-05-20,45.3097737496753
24,2009-05-21,29.360070007317248
24,2009-05-22,19.0856651931717
24,2009-05-23,45.73556689164847
24,2009-05-24,30.10410758542837
24,2009-05-25,90.19016690698267
24,2009-05-26,29.17800663227891
25,2008-12-15,25.55820586790189
25,2008-12-16,40.56157160568727
25,2008-12-17,42.404448640858774
25,2008-12-19,32.49756181284963
25,2008-12-20,1.6047460979514572
25,2008-12-21,9.967482540227872
25,2008-12-22,34.36807199264058
25,2008-12-23,18.638124716698368
25,2008-12-24,65.6590522687428
25,2008-12-25,13.247979083933638
25,2008-12-26,42.54917285462274
25,2008-12-27,42.68147902631803
25,2008-12-28,10.5747720081351
25,2008-12-29,1008.9139842457748
25,2008-12-30,282.38279088120623
25,2008-12-31,758.0399090673609
25,2009-01-01,11.172043828326096
25,2009-01-02,19.333430151409253
25,2009-01-03,4.71561916035525
25,2009-01-04,44.77763139216735
25,2009-01-05,22.870463591368335
25,2009-01-06,0.8587123385711181
25,2009-01-07,2.7949330005307758
25,2009-01-08,2.1030288132502233
25,2009-01-09,12.113148224278662
25,2009-01-10,28.368038738097496
25,2009-01-11,1.1114309274496428
25,2009-01-12,700.0017423823681
25,2009-01-13,113.44721998300271
25,2009-01-14,59.017439177162636
25,2009-01-15,258.3011868779741
25,2009-01-16,253.2895076994019
25,2009-01-17,44.59576450781124
25,2009-01-18,28.71196263818201
25,2009-01-19,21.46691861475602
25,2009-01-20,11.444591739470006
25,2009-01-21,13.782136469531268
25,2009-01-22,7.053339606675044
25,2009-01-23,13.152489127229797
25,2009-01-24,3.256745345574907
25,2009-01-25,15.643782019319387
25,2009-01-26,2.3949595861131723
25,2009-01-27,17.114067533926836
25,2009-01-28,20.823841701122376
25,2009-01-29,10.294587728677133
25,2009-01-30,26.315757120656787
25,2009-01-31,24.80065627694044
25,2009-02-01,21.5137173473916
25,2009-02-02,8.21847301633021
25,2009-02-03,20.496514959703237
25,2009-02-04,10.855524526790484
25,2009-02-05,3.2799386604938694
25,2009-02-06,594.427007435834
25,2009-02-07,142.8337553675195
25,2009-02-08,626.3263922790148
25,2009-02-09,173.93206991755125
25,2009-02-10,34.321355240438976
25,2009-02-11,83.45771155798475
25,2009-02-12,56.81204632081229
25,2009-02-13,18.983435260304656
25,2009-02-14,252.83667542888114
25,2009-02-15,713.7038437541332
25,2009-02-16,5.835698095363873
25,2009-02-17,15.120253159307335
25,2009-02-18,12.600936881674556
25,2009-02-19,11.994198459167075
25,2009-02-20,16.36693460676906
25,2009-02-21,1.025032782777331
25,2009-03-05,16.360517654586605
25,2009-03-06,12.86030933072883
25,2009-03-07,33.941033091323625
25,2009-03-08,37.51598675652082
25,2009-03-09,25.211705417402364
25,2009-03-10,7.177169952173284
25,2009-03-11,45.303228691046385
25,2009-03-12,13.948615614448373
25,2009-03-13,22.44706834788351
25,2009-03-14,11.257078959467984
25,2009-03-15,11.333016324475441
25,2009-03-16,11.185718952289236
25,2009-03-17,16.749961610317236
25,2009-03-18,17.374722048158567
25,2009-03-19,5.863025774112422
25,2009-03-20,3.106105258680895
25,2009-03-21,34.09948393246028
25,2009-03-22,27.289376174897704
25,2009-03-30,7.376277144650834
25,2009-03-31,17.616286889671727
25,2009-04-01,39.26889222533089
25,2009-04-02,23.53972359492522
25,2009-04-03,2.751823156402641
25,2009-04-04,12.485884012682662
25,2009-04-05,72.07842850662603
25,2009-04-06,7.248556127945902
25,2009-04-07,24.065941135556447
25,2009-04-08,14.252392751796549
25,2009-04-09,39.09694676322265
25,2009-04-10,23.535091802209617
25,2009-04-11,3.008135066492374
25,2009-04-12,23.905624551706577
25,2009-04-13,91.63805444586667
25,2009-04-14,21.000934722293216
25,2009-04-15,20.152878989617953
25,2009-04-16,23.59173833402032
25,2009-04-17,0.6077601494239402
25,2009-04-18,85.18256335119756
25,2009-04-19,13.052264215358898
25,2009-04-20,6.293785626627605
25,2009-04-21,42.55617899983781
25,2009-04-22,10.66566031511658
25,2009-04-23,22.362715819868242
25,2009-04-24,26.953084830877284
25,2009-04-25,37.85677022795624
25,2009-04-26,24.382889908734576
25,2009-04-27,24.617247726817446
25,2009-04-28,71.30262005830788
25,2009-04-29,30.633939545968435
25,2009-04-30,39.89000019150313
25,2009-05-01,0.6420731533933067
25,2009-05-02,90.78802453789478
25,2009-05-03,478.23007532170016
25,2009-05-04,79.00745541033614
25,2009-05-05,485.16103860986914
25,2009-05-06,31.0686867747436
25,2009-05-07,30.443861918833406
25,2009-05-08,26.58971548369193
25,2009-05-09,1.1751401967240889
25,2009-05-10,63.4586916755462
25,2009-05-11,20.390719131774976
25,2009-05-12,306.3805380303364
25,2009-05-13,61.483402720752274
25,2009-05-14,79.99576541395149
25,2009-05-15,12483.72699702832
25,2009-05-16,715.509074213594
25,2009-05-17,289.1266026036205
25,2009-05-18,50.32973898648867
25,2009-05-19,37.77824991466944
25,2009-05-20,525.2433008910346
25,2009-05-21,26.864758561291534
25,2009-05-22,23.63871805218354
25,2009-05-23,21.850155829611577
25,2009-05-24,24.382778943141606
25,2009-05-25,23.42121851612506
25,2009-05-26,30.151173460081157
25,2009-05-27,23.906703824881905
25,2009-05-28,25.410298648785897
25,2009-05-29,26.89624701012578
25,2009-05-30,30.373190374481688
25,2009-05-31,22.98320764270009
25,2009-06-01,1.4047540706404422
25,2009-06-02,21.242975614510737
25,2009-06-03,19.910231890350783
25,2009-06-04,22.02955538725451
25,2009-06-05,24.55327480522295
25,2009-06-06,26.48201043437073
25,2009-06-07,462.7545970471887
25,2009-06-08,68.30793952033365
25,2009-06-09,32.929557679553035
25,2009-06-10,507.77451083612897
25,2009-06-11,9.981608284159828
25,2009-06-12,4.819580208645702
25,2009-06-14,32.45588966050893
25,2009-06-15,6.284179225944908
25,2009-06-16,20.00766917588692
25,2009-06-17,23.111662564756017
25,2009-06-18,20.77744419190709
25,2009-06-19,71.11711876155005
25,2009-06-20,42.37286884127126
25,2009-06-21,28.199310307915848
25,2009-06-22,24.288731347511362
25,2009-06-23,51.676013327762654
25,2009-06-24,20.484088616426686
25,2009-06-25,62.88669783153996
25,2009-06-26,5.497664654470131
25,2009-06-27,7.167956199763352
25,2009-06-28,3.2866175879496367
25,2009-06-29,4.431913167759018
25,2009-06-30,8.320182423980114
25,2009-07-01,13.627730341875457
25,2009-07-02,14.25861378836518
25,2009-07-03,9.970041109392035
25,2009-07-04,6.489354556127212
25,2009-07-05,7.24710429407318
25,2009-07-06,18.045854536907623
25,2009-07-07,26.920231557706124
25,2009-07-08,792.0500754931063
25,2009-07-09,33.65991645522399
25,2009-07-10,4.976449165631572
25,2009-07-11,3.4910148340171308
26,2009-01-13,2.3250808681074306
26,2009-01-14,2.8537944690283763
26,2009-01-15,4.481641553084499
26,2009-01-16,5.01663343278576
26,2009-01-17,14.315509511831683
26,2009-01-18,2.0784137902368935
26,2009-01-19,351.97962503544346
26,2009-01-20,9.244432214193802
26,2009-01-30,11.838436659704904
26,2009-02-01,16.501475461523707
26,2009-02-02,17.95192414232236
26,2009-02-05,9.187659848041166
26,2009-02-08,16.480752164573797
26,2009-02-15,5.892311770051243
26,2009-02-16,18.62908371439696
26,2009-02-18,346.3994741815243
26,2009-02-20,27.15211102368042
26,2009-02-21,7.141992072056374
26,2009-02-23,19.234312056196945
26,2009-02-25,0.9155736586764627
26,2009-03-07,17.156211387039377
26,2009-03-08,6.70281103952515
26,2009-03-11,14.09637681539656
26,2009-03-12,9.892539910301863
26,2009-03-13,16.07166259884877
26,2009-03-14,1.6876183682905466
26,2009-03-15,8.623533689087026
26,2009-03-21,27.9512889700059
26,2009-03-22,21.254488772116847
26,2009-03-25,13.07037579995008
26,2009-04-05,18.944914349086908
26,2009-04-07,9.658995688650524
26,2009-04-08,35.07012690954745
26,2009-04-11,13.377606902711754
26,2009-04-14,7.852155939457625
26,2009-04-15,26.888670912232556
26,2009-04-18,18.135498890911695
27,2009-01-13,9.916339116234566
27,2009-01-14,15.47894177442513
27,2009-01-21,13.092578040555734
27,2009-01-22,1.4492310380728957
27,2009-01-23,12.579415600622653
27,2009-01-24,1.657476079332253
28,2009-01-23,159.34086748788064
28,2009-01-24,1.2823825112573783
28,2009-01-26,1.7711112675013574
28,2009-01-31,227.74003103870953
28,2009-02-01,40.93677387016053
28,2009-02-02,62.25017868546645
28,2009-02-03,0.07448556062401446
28,2009-02-04,42.402845003832375
28,2009-02-05,30.984497541177905
28,2009-02-06,40.791702199569535
28,2009-02-07,13.814386964378894
28,2009-02-08,0.2773048585551868
28,2009-02-09,62.2087232400816
28,2009-02-10,43.79418534318608
28,2009-02-11,43.493155673877624
28,2009-02-12,4.815617387519101
28,2009-02-14,37.10334339237059
28,2009-02-15,31.352370788297918
28,2009-02-16,36.43138563592769
28,2009-02-17,49.665679595933675
28,2009-02-18,58.47447011267029
28,2009-02-19,25.043959002109716
28,2009-02-20,39.82505119311693
28,2009-02-23,63.97645431610661
28,2009-02-24,38.55428454849443
28,2009-02-25,0.21278994425078618
28,2009-03-05,44.91224872111889
28,2009-03-06,3.9836886999558176
28,2009-03-07,21.136361032371838
28,2009-03-08,22.777230230216723
28,2009-03-09,40.86112405591001
28,2009-03-10,4.248552294832381
28,2009-03-11,43.66255922429239
28,2009-03-12,23.253072721882294
28,2009-03-13,40.74497298082101
28,2009-03-14,0.0012825953957741
28,2009-03-15,20.402749857691425
28,2009-03-16,24.196279832044727
28,2009-03-17,47.954262673561
28,2009-03-18,6.5465654243996605
28,2009-03-19,82.60356363095303
28,2009-03-20,6.425784140660246
28,2009-03-31,44.23460519162747
28,2009-04-01,29.527989304540956
28,2009-04-02,62.39428324198005
28,2009-04-03,0.1196603956088049
28,2009-04-04,21.983700567142773
28,2009-04-06,20.642148264400962
28,2009-04-07,13.712097797947818
28,2009-04-08,54.47793628189158
28,2009-04-09,3.162813399197744
28,2009-04-10,40.38456747979208
28,2009-04-13,63.04464328363613
28,2009-04-14,45.461812102018335
28,2009-04-15,23.793866937704355
28,2009-04-16,63.4638168044246
28,2009-04-17,1.8010358235791195
28,2009-04-20,44.12910297118078
28,2009-04-21,44.91298072521101
28,2009-04-22,0.03942752196969097
29,2009-01-13,17.330287680390423
29,2009-01-14,29.36891603513147
29,2009-01-15,21.824780077001822
29,2009-01-16,17.883862422336247
29,2009-01-18,10.463317204697557
29,2009-01-19,4.920349018700667
29,2009-01-20,23.188781855827997
29,2009-01-21,23.86032780289305
29,2009-01-22,5.069031654480983
29,2009-01-31,29.488746808051673
29,2009-02-01,30.52763926367627
29,2009-02-02,19.459049192306285
29,2009-02-03,31.294948498495177
29,2009-02-11,15.678391907862377
29,2009-02-12,29.956815639772977
29,2009-02-15,25.18376986697127
29,2009-02-16,36.06234492930544
29,2009-02-17,0.1791485440075156
29,2009-02-19,28.734602545225478
29,2009-02-20,18.6293764006877
29,2009-02-23,13.577523521954259
29,2009-02-24,32.82596160072359
29,2009-02-25,20.220412651675055
29,2009-03-05,30.318698356454465
29,2009-03-06,8.786149003638418
29,2009-03-08,14.442654837891862
29,2009-03-09,31.980383492391717
29,2009-03-10,27.89219464797899
29,2009-03-11,34.57288778837273
29,2009-03-12,32.058528812380004
29,2009-03-13,20.41800772046704
29,2009-03-15,11.576968543153406
29,2009-03-16,21.607675011284773
29,2009-03-17,9.750985238135856
29,2009-03-18,23.896188523750816
29,2009-03-21,14.40239623063314
30,2009-01-13,10.123160318634135
30,2009-01-14,8.195895026336045
30,2009-01-15,16.006155186849874
30,2009-01-16,8.814851111319864
30,2009-01-17,94.93446147009692
30,2009-01-18,46.59370885686717
30,2009-01-19,2.277484131549414
30,2009-01-20,13.327828995474778
30,2009-01-21,34.063288663040424
30,2009-01-22,18.25020379219785
30,2009-01-23,54.8713864090314
30,2009-01-24,78.95747551661724
30,2009-01-25,18.636943618060187
30,2009-01-26,13.094909898465321
30,2009-01-27,9.871339419612987
30,2009-01-29,5.958799356911043
30,2009-01-30,11.448710961360955
30,2009-01-31,76.87746885795175
30,2009-02-01,61.13192207740805
30,2009-02-02,50.189441403453756
30,2009-02-03,14.16209468607281
30,2009-02-04,7.553159092386325
30,2009-02-05,57.38887590810151
30,2009-02-06,14.652571700447375
30,2009-02-07,21.184192035898143
30,2009-02-08,7.186206792107164
30,2009-02-09,14.660316773140423
30,2009-02-10,10.057152827352182
30,2009-02-11,7.747406407557566
30,2009-02-12,4.298275392284939
30,2009-02-13,18.671411272933312
30,2009-02-14,29.891159717279233
30,2009-02-15,14.871394073175288
30,2009-02-16,10.45523907630019
30,2009-02-17,9.521012407841896
30,2009-02-18,37.1762473389994
30,2009-02-19,10.824324492824699
30,2009-02-20,26.054002249476614
30,2009-02-21,45.5208580190953
30,2009-02-22,14.929619629700312
30,2009-02-23,6.74065678284111
30,2009-02-24,11.183695187401653
30,2009-02-25,12.991972977169643
30,2009-03-04,1.5333672513586334
30,2009-03-05,7.441918926699598
30,2009-03-06,61.36197575280565
30,2009-03-07,28.110067567772496
30,2009-03-08,53.15803730335703
30,2009-03-09,9.70312544616878
30,2009-03-10,28.50827929949176
30,2009-03-11,9.669059006242872
30,2009-03-12,20.827114371267324
30,2009-03-13,56.3707920816339
30,2009-03-14,103.11335775224089
30,2009-03-15,53.11788676154767
30,2009-03-16,6.708944725079141
30,2009-03-17,10.632331346187865
30,2009-03-18,13.909387183858007
30,2009-03-19,8.622764328657693
30,2009-03-20,51.78624057212227
30,2009-03-21,14.827838561477481
30,2009-03-22,75.17829161751433
30,2009-03-23,13.602294528782112
30,2009-03-24,16.822144468182287
30,2009-03-25,5.750770564611638
30,2009-04-01,0.944551974009615
30,2009-04-02,18.580000729334827
30,2009-04-03,50.03374468157003
30,2009-04-04,11.00618312994503
30,2009-04-05,11.960014055356515
30,2009-04-06,112.26872252027638
30,2009-04-07,52.46024839545634
30,2009-04-08,8.766340679293284
30,2009-04-09,58.93811695181123
30,2009-04-10,36.37658137477183
30,2009-04-11,38.5339965935247
30,2009-04-12,35.80258086978466
30,2009-04-13,59.81099320889404
30,2009-04-14,62.14641604011974
30,2009-04-15,47.84085140620344
30,2009-04-16,10.215405736777296
30,2009-04-17,8.513049876939379
30,2009-04-18,6.08794156569942
30,2009-04-19,94.98603172492439
30,2009-04-20,13.27512040151667
30,2009-04-21,3.3126698626419233
30,2009-04-22,10.099158397466262
30,2009-04-23,6.68787063063454
30,2009-04-24,10.93803338682141
30,2009-04-25,69.193929048118
30,2009-04-26,76.21682364758101
30,2009-04-27,21.57728208394495
30,2009-04-28,10.102253223930868
30,2009-04-29,13.154124090444846
30,2009-04-30,11.499913340587252
30,2009-05-01,55.90453239579338
30,2009-05-02,46.92154723647999
30,2009-05-03,4.724687212089899
30,2009-05-04,6.795909723153145
30,2009-05-05,5.375324774102525
30,2009-05-06,10.744705462151028
30,2009-05-07,4.320645290892037
30,2009-05-08,10.047706956396619
30,2009-05-09,6.612927860061983
30,2009-05-10,7.265887898499508
30,2009-05-11,9.544851000698843
30,2009-05-12,8.136252448962665
30,2009-05-13,8.91989728341527
30,2009-05-14,7.579496442439682
30,2009-05-15,9.362227894776172
30,2009-05-16,3.9338394809235164
30,2009-05-17,14.68786538734119
30,2009-05-18,8.707078028370983
30,2009-05-19,7.14931738743749
30,2009-05-20,5.687784930221788
30,2009-05-21,29.61050071898522
30,2009-05-22,46.51646298747259
30,2009-05-23,6.870076517143262
30,2009-05-24,53.62075506674401
30,2009-05-25,19.89673542944922
30,2009-05-26,13.001954928763762
30,2009-05-27,2.6624859051085914
30,2009-05-28,23.59825308566504
30,2009-05-29,50.975210334734946
30,2009-05-30,53.0206758159682
30,2009-05-31,13.570588482544338
30,2009-06-01,27.86808382829277
30,2009-06-02,12.037345525281332
30,2009-06-03,9.390405014512297
30,2009-06-04,32.73090271066201
30,2009-06-05,63.11112899161529
30,2009-06-06,7.194041652101419
30,2009-06-07,56.3809417240738
30,2009-06-08,4.461258426022991
30,2009-06-09,18.481800453816504
30,2009-06-10,11.30165367032576
30,2009-06-11,33.002588651369976
30,2009-06-12,7.878762701183518
30,2009-06-13,41.955716027851295
30,2009-06-14,19.816752268980036
30,2009-06-15,10.54048013100082
30,2009-06-16,13.753371480985903
30,2009-06-17,6.315884301915259
30,2009-06-18,9.164423965205367
30,2009-06-19,43.8205613578317
30,2009-06-20,9.135325782600908
30,2009-06-21,52.40434188965519
30,2009-06-22,6.739002796137436
30,2009-06-23,5.920508775709058
30,2009-06-24,14.47047535552763
30,2009-06-25,16.002392867088588
30,2009-06-26,50.769515292708306
30,2009-06-27,14.373258012160562
30,2009-06-28,52.5834232107066
30,2009-06-29,8.619768639188422
30,2009-06-30,7.78845681749814
30,2009-07-01,10.173208429385554
30,2009-07-02,4.045357984559896
30,2009-07-03,9.079956667487007
30,2009-07-04,58.194832945595515
30,2009-07-05,47.18447774323021
30,2009-07-06,8.28231698439052
30,2009-07-07,45.45678207497683
30,2009-07-08,10.862843065271555
30,2009-07-09,6.676720575446932
30,2009-07-10,58.088499660401276
30,2009-07-11,8.088229807882849
30,2009-07-12,50.16381906222591
30,2009-07-13,3.9541230703437207
30,2009-07-14,6.178532449605669
30,2009-07-15,77.36314992519713
30,2009-07-16,29.303227591714425
30,2009-07-17,11.048116690408413
30,2009-07-18,75.44640881443017
30,2009-07-19,21.708182318657162
30,2009-07-20,12.406774068763253
30,2009-07-21,20.79387574897768
30,2009-07-22,14.45290331003812
30,2009-07-23,11.515520745063995
30,2009-07-24,12.879252661717295
30,2009-07-25,48.87156082767317
30,2009-07-26,47.07851881898367
30,2009-07-27,11.188628790961376
30,2009-07-28,23.57689404544569
30,2009-07-29,2.650763202428518
31,2009-01-23,157.17145834689165
31,2009-01-24,41.1888754140366
31,2009-01-27,0.6109972572487602
31,2009-02-03,0.5596861081460041
31,2009-02-06,0.48265376678844035
32,2008-12-02,8.908711828787885
32,2008-12-03,23.03678827526345
32,2008-12-04,6.665894434963046
32,2008-12-08,3.271292608632884
32,2008-12-09,6.351679433443823
32,2008-12-10,12.41022615839282
32,2008-12-11,15.730141750980266
32,2008-12-15,5.439078427054488
32,2008-12-16,30.56327489292332
32,2008-12-17,10.984676048346223
32,2008-12-18,30.01073011657792
32,2008-12-19,6.994666221730746
32,2009-01-21,11.592653914316859
32,2009-01-22,28.270863323413845
33,2008-12-18,2.4492021909102752
33,2008-12-22,3.6168364361453222
33,2008-12-23,3.604648865571157
33,2009-01-07,11.635363118245662
33,2009-01-09,44.07315538834163
33,2009-01-10,0.5114377869863102
33,2009-01-11,10.190170824737297
33,2009-01-12,25.332393690992436
33,2009-01-14,20.188768771236855
33,2009-01-15,175.73488996498534
33,2009-01-16,7.243112193516753
33,2009-01-18,87.66554146867944
34,2009-02-12,16.978545789622164
34,2009-02-14,24.23867422367704
34,2009-02-15,68.64573563669946
34,2009-02-16,15.166988712370458
34,2009-02-17,1.3134838531808117
34,2009-02-18,38.35094961565848
34,2009-02-19,36.882645533948136
34,2009-02-20,26.601483287568172
34,2009-02-21,1.0969555742975539
34,2009-02-23,15.280211044357948
34,2009-02-24,14.162991655893213
34,2009-02-25,25.405071499778
34,2009-02-26,23.635518507217622
34,2009-02-27,22.0029025158144
34,2009-02-28,26.56529800864753
34,2009-03-02,46.6811676095182
34,2009-03-03,16.876244115184036
34,2009-03-04,98.242668424806
34,2009-03-05,2.0663466963431745
34,2009-03-06,23.027961733340227
34,2009-03-07,20.275222323496322
34,2009-03-08,1.425086482843745
34,2009-03-09,35.53139796335259
34,2009-03-10,25.193659226274175
34,2009-03-11,4.833351284463403
34,2009-03-12,45.35070161500405
34,2009-03-13,42.35259125992028
34,2009-03-14,33.547304989087365
34,2009-03-15,1.876088802002221
34,2009-03-16,15.022442585697835
34,2009-03-17,42.59392122517549
34,2009-03-18,22.194653809369495
34,2009-03-19,21.384544384925682
34,2009-03-20,20.264200626642637
34,2009-03-21,16.98961025910102
34,2009-03-23,146.75812888266134
34,2009-03-24,13.314432738677688
34,2009-03-25,39.40774042883822
34,2009-03-26,25.1818695849377
34,2009-04-02,70.13354582637096
34,2009-04-03,18.83822650865372
34,2009-04-04,24.901007124618616
34,2009-04-05,51.40078064078267
34,2009-04-06,43.589524794679534
34,2009-04-07,18.897195370520233
34,2009-04-08,44.072710372875605
34,2009-04-09,82.86450537952041
34,2009-04-10,52.090512031226766
34,2009-04-11,37.255625181173386
34,2009-04-12,6.7235542830431205
34,2009-04-13,30.992227218311484
34,2009-04-14,97.25635821602765
34,2009-04-15,20.33811722043295
34,2009-04-16,9.438556891534647
34,2009-04-17,100.12272939738304
34,2009-04-18,8.692662636846695
34,2009-04-19,5.2522291331263204
34,2009-04-20,54.31951592197141
34,2009-04-21,13.633314149426555
34,2009-07-02,17.9285636399732
34,2009-07-03,34.696195510557445
34,2009-07-06,36.9473865282565
34,2009-07-07,1.7071495293864527
34,2009-07-08,32.137035165673126
34,2009-07-09,7.66934479960701
34,2009-07-10,20.608040659244896
34,2009-07-11,38.87105437034915
34,2009-07-13,19.562547802623556
34,2009-07-14,0.9383921552731772
34,2009-07-15,22.028218325350004
34,2009-07-16,12.431759161813781
34,2009-07-18,20.302959008673973
34,2009-07-19,19.119870735725897
34,2009-07-20,13.625121229349885
34,2009-07-27,2.1852679833298203
35,2009-02-09,6.997587135247833
35,2009-02-10,18.45251395184898
35,2009-02-11,13.925659619461014
35,2009-02-12,19.326041996530183
35,2009-02-13,9.995791253800096
35,2009-02-14,19.186699864401774
35,2009-02-15,22.962287500380427
35,2009-02-16,20.281854318272266
35,2009-02-17,14.664601395591157
35,2009-02-18,13.405042401763016
35,2009-02-19,16.777116926024863
35,2009-02-20,15.736616714694962
35,2009-02-21,12.818736003181181
35,2009-02-22,21.98164324734548
35,2009-02-23,15.141154605080988
35,2009-02-24,12.605006333542965
35,2009-02-25,14.931229353879141
35,2009-02-26,13.462711159918738
35,2009-02-27,14.558643607035858
35,2009-02-28,19.06607550662917
35,2009-03-01,20.900510146180885
35,2009-03-02,15.218687454673681
35,2009-03-03,14.06262735736809
35,2009-03-04,16.340911690386726
35,2009-03-05,11.426292385504015
35,2009-03-06,12.747283208732242
35,2009-03-07,13.015775710104666
35,2009-03-08,22.646392060716114
35,2009-03-09,17.903108480602743
35,2009-03-10,11.648166236858927
35,2009-03-11,15.953634445792014
35,2009-03-12,11.887131200323992
35,2009-03-13,14.703822544173475
35,2009-03-14,5.291524825591734
35,2009-03-15,22.483072431612896
35,2009-03-16,17.839606225536667
35,2009-03-17,13.452058183660501
35,2009-03-18,17.293419690046544
35,2009-03-19,12.518999917482647
35,2009-03-20,14.569074541889648
35,2009-03-21,7.572182150181445
35,2009-03-22,22.3344164163155
35,2009-03-23,8.94015038837031
35,2009-03-30,6.052502816016052
35,2009-03-31,12.405391180769353
35,2009-04-01,15.570727586064189
35,2009-04-02,15.483291802407436
35,2009-04-03,14.388242085216083
35,2009-04-04,20.83997166715705
35,2009-04-05,21.62947852253496
35,2009-04-06,17.6185242755219
35,2009-04-07,16.363708097542897
35,2009-04-08,16.23100005528868
35,2009-04-09,12.622229505344327
35,2009-04-10,13.687148587966465
35,2009-04-11,13.709728826050117
35,2009-04-12,3.282307231733517
35,2009-04-13,17.98708998458728
35,2009-04-14,12.909928112528368
35,2009-04-15,16.593717226011634
35,2009-04-16,11.832654746694937
35,2009-04-17,9.068457333360891
35,2009-04-18,11.836955465436679
35,2009-04-19,3.1802564611450825
35,2009-04-20,17.236868819776145
35,2009-04-21,11.782573767508604
35,2009-04-22,16.83014167814913
35,2009-04-23,11.52337377237827
35,2009-04-24,11.029026211788096
35,2009-04-26,12.525618871058398
35,2009-04-27,9.115675285592943
36,2009-02-01,40.53553280092172
36,2009-02-02,226.93386919487295
36,2009-02-03,14.561592212347179
36,2009-02-04,90.49066799946202
36,2009-02-05,280.79788577960994
36,2009-02-06,10.004663264513102
36,2009-02-07,3.595713500711048
36,2009-02-08,3.2271555578759545
36,2009-02-09,67.79758506651936
36,2009-02-10,2.4719270537447544
36,2009-02-11,5.038906053884866
36,2009-02-12,3.209643449328396
36,2009-02-13,58.4876495921843
36,2009-02-14,1.8886485429740818
36,2009-02-15,15.992829269743675
36,2009-02-16,5.294254696047914
36,2009-02-17,55.00196356466127
36,2009-02-18,57.7824629036703
36,2009-02-19,2.22412189850578
36,2009-02-20,25.581396417957684
36,2009-02-21,30.444060476848318
36,2009-02-23,2.0826736074993595
36,2009-02-24,6.1744333897949035
36,2009-02-25,3.5682600230099033
36,2009-03-02,1.32028492832625
36,2009-03-03,27.94023110680573
36,2009-03-04,5.830398641363888
36,2009-03-05,18.600721509438262
36,2009-03-06,14.15852661771615
36,2009-03-07,12.067373134655785
36,2009-03-09,3.6251830447145164
36,2009-03-10,4.9639091864211515
36,2009-03-11,2.2165149667338446
36,2009-03-12,4.279999721871048
36,2009-03-13,9.224902596672976
36,2009-03-14,49.06072164552797
36,2009-03-15,1.4265196513706406
36,2009-03-16,2.6648272601331464
36,2009-03-17,18.817338686782698
36,2009-03-18,19.972724685779607
36,2009-03-19,11.067974845445978
36,2009-03-20,3.194022774100238
36,2009-03-21,13.653827543515186
36,2009-03-22,28.907623844668397
36,2009-03-23,12.889958340904771
36,2009-03-24,10.15290920492727
36,2009-04-04,0.23195380522251394
36,2009-04-05,52.45815864224364
36,2009-04-06,5.487125974429759
36,2009-04-07,7.305004972971689
36,2009-04-08,4.072241858563747
36,2009-04-09,9.63605860132642
36,2009-04-10,12.537389294128971
36,2009-04-11,5.806276138907039
36,2009-04-12,5.52392393210842
36,2009-04-13,11.07397457582998
36,2009-04-17,1.773304007416958
36,2009-04-18,34.30766278093683
36,2009-04-19,30.938843199279003
36,2009-04-23,1.632973899074585
36,2009-04-24,6.485438118962001
36,2009-04-26,22.124496129919233
36,2009-07-02,54.94485834185201
36,2009-07-05,8.199139257106316
36,2009-07-06,70.20439880653383
36,2009-07-07,28.533763169498293
36,2009-07-08,95.87481311655205
36,2009-07-09,72.02023073625297
36,2009-07-10,27.123797071118727
37,2009-01-20,37.62025008344697
37,2009-01-21,88.72585844334105
37,2009-01-22,211.87822052846562
37,2009-02-03,14.546472634340864
37,2009-02-08,11.75880968258396
37,2009-02-09,8.033091704947918
37,2009-02-12,0.6777172633976674
37,2009-02-14,87.9514587604567
37,2009-02-15,11.512488293366054
37,2009-02-16,46.5676741830908
37,2009-02-17,99.18542575418304
37,2009-02-19,20.432397670903462
37,2009-02-20,53.24467583576063
37,2009-02-22,329.5330884720483
37,2009-02-23,23.44813124747423
37,2009-02-24,35.18069132669
37,2009-02-25,55.52416214468552
37,2009-02-26,5.499389748908294
37,2009-02-27,35.19268254399214
37,2009-02-28,8.90627800106557
37,2009-03-02,35.44165653612387
37,2009-03-03,1.4665421909674845
37,2009-03-04,29.56674851593193
37,2009-03-05,28.618094486908983
37,2009-03-06,28.711795161921245
37,2009-03-08,6.629387059736901
37,2009-03-09,64.46274913257777
37,2009-03-12,14.535516358472178
37,2009-03-13,139.84002885050953
37,2009-03-16,64.1721021806654
37,2009-03-17,62.20625149205712
37,2009-03-18,113.34224847008154
37,2009-03-19,16.145077027175777
37,2009-03-20,85.41611197259118
37,2009-03-22,3.835817748555544
37,2009-03-23,92.30468889277729
37,2009-03-25,41.83095597348069
37,2009-03-26,77.83566090394551
37,2009-03-27,22.726560126293876
37,2009-03-28,104.90721155632356
37,2009-03-29,19.032174881452363
37,2009-03-30,32.08613446981029
37,2009-03-31,58.00123296218825
37,2009-04-01,23.665059547319593
37,2009-04-02,203.6693778745225
37,2009-04-03,55.19551486058893
37,2009-04-04,92.79730833754334
37,2009-04-05,3.804156784019768
37,2009-04-07,65.7810335623016
37,2009-04-08,60.880738362888735
37,2009-04-09,71.86672898738284
37,2009-04-10,24.00293533008693
37,2009-04-12,6.316136402567566
37,2009-04-13,91.77110893855856
37,2009-04-14,7.7520716656340225
37,2009-04-15,102.02279345166943
37,2009-04-16,62.385152512311684
37,2009-04-17,40.78321546729959
37,2009-04-18,75.58402324114618
37,2009-04-19,2.555727390137096
37,2009-04-20,33.94001231886336
37,2009-04-21,23.79048980799709
37,2009-04-29,16.723300585856453
37,2009-04-30,27.474625536603995
37,2009-07-10,15.019077199132271
37,2009-07-11,37.20194640290544
37,2009-07-13,27.394559812673485
37,2009-07-14,22.3810098035942
37,2009-07-15,214.9358359489482
37,2009-07-16,37.46460329242489
37,2009-07-17,14.428670910009092
37,2009-07-19,8.132604734217235
37,2009-07-20,49.75433117087455
37,2009-07-21,27.705416313477162
37,2009-07-22,25.309350678808926
37,2009-07-24,3.898597276666617
37,2009-07-25,52.72249451360373
37,2009-07-30,7.603834678823421
38,2009-02-06,18.26622192990274
38,2009-02-07,62.04897370362772
38,2009-02-08,26.169530634259495
38,2009-02-09,16.89259910236895
38,2009-02-10,12.981370799440201
38,2009-02-11,11.73345178424154
38,2009-02-12,7.4656082151021295
38,2009-02-13,20.3457565138314
38,2009-02-14,14.718481122155591
38,2009-02-15,12.140776504169061
38,2009-02-16,23.559642529424945
38,2009-02-17,29.896809132558726
38,2009-02-18,107.03529462060528
38,2009-02-19,8.238976001337072
38,2009-02-20,16.774436891464084
38,2009-02-21,38.02371825820127
38,2009-02-22,23.560342136501017
38,2009-02-23,17.960287661032165
38,2009-02-24,11.294372433951072
38,2009-02-25,16.73819034055427
38,2009-02-26,12.82588440477601
38,2009-02-27,112.64606223441142
38,2009-02-28,16.83931735279068
38,2009-03-01,23.95647240934842
38,2009-03-02,11.161227325059194
38,2009-03-03,5.7111850576161345
38,2009-03-04,9.882482959097652
38,2009-03-05,7.614286867728105
38,2009-03-06,66.22317403257631
38,2009-03-07,47.591891287262875
38,2009-03-08,16.875718107062777
38,2009-03-09,24.24527737111337
38,2009-03-10,4.9940204082023865
38,2009-03-11,1.4081238947355934
38,2009-03-12,4.883598901732698
38,2009-03-13,15.333721320738787
38,2009-03-14,34.34305044145874
38,2009-03-15,12.271765647773089
38,2009-03-16,86.67304094700323
38,2009-03-17,9.951827400748853
38,2009-03-18,3.676737118706022
38,2009-03-19,8.619659964061084
38,2009-03-20,43.569713591588496
38,2009-03-21,59.038593780611286
38,2009-03-22,129.61006371274672
38,2009-03-23,10.346487158099613
38,2009-03-24,1.4388192264491142
38,2009-04-02,33.86301569759184
38,2009-04-03,259.0804926534428
38,2009-04-04,16.589728173411718
38,2009-04-07,276.4801441214733
38,2009-04-08,124.89874329271342
38,2009-04-09,4.679403688080496
38,2009-04-10,9.21009377993252
38,2009-04-11,0.8807051538069822
38,2009-04-12,31.857381288838123
38,2009-04-13,0.9287754129604675
38,2009-04-14,3.022997926938179
38,2009-04-15,16.028871613875435
38,2009-04-16,3.2397354654451282
38,2009-04-17,6.2664529723904865
38,2009-04-18,21.152646808433378
38,2009-04-20,4.355475363644306
38,2009-04-22,12.952110274445799
38,2009-07-09,24.00403926258849
38,2009-07-10,41.65507741028743
38,2009-07-11,2.940496064195337
38,2009-07-12,6.359096076181665
38,2009-07-14,47.12123052184443
38,2009-07-15,51.64908241904204
38,2009-07-16,41.152617927965224
38,2009-07-17,36.12529228874407
38,2009-07-18,40.85112297067353
38,2009-07-19,1.0952202124975143
38,2009-07-20,23.18614346224329
38,2009-07-23,60.561898307583505
39,2009-02-11,11.338961149704406
39,2009-02-12,16.70492572270995
39,2009-02-13,14.257292505728866
39,2009-02-14,36.003894351028514
39,2009-02-15,15.452178442013388
39,2009-02-16,4.6051815118965
39,2009-02-17,1.4732954980352875
39,2009-02-18,2.089377542639381
39,2009-02-19,9.282000665376213
39,2009-02-20,1.4715763417294558
39,2009-02-21,17.161516357325503
39,2009-02-22,16.807652199138836
39,2009-02-23,18.922611636203477
39,2009-02-24,18.66744519032677
39,2009-02-25,1.8776082152069358
39,2009-02-26,21.640761065902186
39,2009-02-27,10.824611520542646
39,2009-02-28,22.52888825963401
39,2009-03-01,3.1354898053665115
39,2009-03-02,18.191997082919517
39,2009-03-03,9.799127128082075
39,2009-03-04,11.003106765146233
39,2009-03-05,2.586998702039428
39,2009-03-06,24.511254447585607
39,2009-03-07,7.605663222814567
39,2009-03-08,23.834049943892694
39,2009-03-09,22.700957542468164
39,2009-03-10,19.450478962476737
39,2009-03-11,18.903808393151305
39,2009-03-12,20.49689560912135
39,2009-03-13,27.504273923231818
39,2009-03-14,12.478519367490664
39,2009-03-15,13.634526855995869
39,2009-03-16,3.2192550272212843
39,2009-03-17,2.4841374347195653
39,2009-03-18,17.643639681433946
39,2009-03-19,22.363454134952164
39,2009-03-20,18.68882272142889
39,2009-03-21,14.898464177802857
39,2009-03-22,9.531766234093366
39,2009-03-23,18.440435335172136
39,2009-03-24,17.432262688889267
39,2009-03-25,18.378256480268924
39,2009-03-26,8.278869768514063
39,2009-04-02,17.703331331507886
39,2009-04-03,8.458026143128764
39,2009-04-05,19.554337828322094
39,2009-04-08,82.78190933798463
39,2009-04-09,18.085861018236987
39,2009-04-10,17.783517659318857
39,2009-04-11,6.4456027074419415
39,2009-04-12,7.443629158732179
39,2009-04-13,4.085515039757735
39,2009-04-14,26.191960754115645
39,2009-04-15,18.919745122996652
39,2009-04-16,18.748081953844697
39,2009-04-17,18.365307294181914
39,2009-04-18,13.235857254837178
39,2009-04-19,3.4654510393683875
39,2009-04-20,19.03797384551224
39,2009-04-22,19.14022147039724
39,2009-04-23,6.613953942397612
39,2009-04-24,8.948879359393828
39,2009-04-27,65.6143800972361
39,2009-04-28,25.236212139274855
39,2009-04-29,193.63307095209498
39,2009-04-30,38.70624651981949
39,2009-05-01,26.481021035523575
39,2009-05-02,173.37600987620758
39,2009-05-03,126.0448257912365
39,2009-05-04,100.5128749847585
39,2009-05-05,178.63415843430164
39,2009-05-06,125.35962924703922
39,2009-05-07,85.76951739740186
39,2009-05-08,121.97069357611196
39,2009-05-09,38.72486214312456
39,2009-05-10,9.673136126424431
39,2009-05-11,97.24738234571245
39,2009-05-12,7.604688287635789
39,2009-05-13,15.40687361498262
39,2009-05-14,23.274034877501595
39,2009-05-15,14.703754764811972
39,2009-05-16,10.884717547619651
39,2009-05-17,11.243764445332854
39,2009-05-18,7.026498297330078
39,2009-05-19,12.373437942605724
39,2009-05-20,17.999220508883727
39,2009-05-21,11.292524177190266
39,2009-05-22,13.02600765178359
39,2009-05-23,10.813010216541445
39,2009-05-24,35.4149632138347
39,2009-05-25,25.385749277065766
39,2009-05-27,55.30198746429553
39,2009-05-28,112.14544935296269
39,2009-05-29,140.45902989094807
39,2009-05-30,141.1366492671619
39,2009-05-31,116.22854657255901
39,2009-06-01,60.44110750167523
39,2009-06-02,48.908832257467296
39,2009-06-03,78.86092747384768
39,2009-06-04,195.36071388675347
39,2009-06-05,106.72369215050185
39,2009-06-06,108.24193752646455
39,2009-06-07,104.54228006852242
39,2009-06-08,124.76629577518794
39,2009-06-09,56.13664380100964
39,2009-06-10,93.21429134943996
39,2009-06-11,62.73542737672527
39,2009-06-12,20.083897779291327
39,2009-06-13,33.753283592908645
39,2009-06-14,0.7894771184491988
39,2009-06-15,5.565499713991725
39,2009-06-16,24.734000709743178
39,2009-06-17,22.549071828207204
39,2009-06-18,21.04476341408879
39,2009-06-19,19.989586296760844
39,2009-06-20,8.671176502010766
39,2009-06-21,20.604385827450844
39,2009-06-22,19.95925932127532
39,2009-06-23,15.385971939851402
39,2009-06-24,19.82878726766801
39,2009-06-25,23.742215774076342
39,2009-06-26,50.63474500134069
39,2009-06-27,53.397013421461786
39,2009-06-28,89.3695456094614
39,2009-06-29,14.449364553697704
39,2009-06-30,14.84503707768896
39,2009-07-01,18.508685195068495
39,2009-07-02,12.072914499463653
39,2009-07-03,15.192735703386091
39,2009-07-04,21.30200011308576
39,2009-07-05,2.908558841817095
39,2009-07-06,15.054038958094704
39,2009-07-07,3.906555786780564
39,2009-07-08,15.01352378846879
39,2009-07-09,16.76137194047205
39,2009-07-10,15.587275472216344
39,2009-07-11,17.643691270152612
39,2009-07-12,9.68811792846648
39,2009-07-13,2.8847950897633425
39,2009-07-14,12.950894677961369
39,2009-07-15,7.295332785512155
40,2009-02-09,24.246513366847708
40,2009-02-10,17.234929139061784
40,2009-02-13,2.544453944142547
40,2009-02-14,0.8088444496739445
40,2009-02-15,12.14288006692668
40,2009-02-17,7.996413271895809
40,2009-02-20,18.229064681318302
40,2009-02-21,1.56652101442971
40,2009-02-24,4.715025921381568
40,2009-03-07,18.786942353886232
40,2009-03-09,18.79517823752331
40,2009-03-10,54.04262733385986
40,2009-03-12,12.271642287107666
40,2009-03-15,27.895111226519056
40,2009-03-23,16.03850274599735
40,2009-03-24,22.812852368255285
40,2009-03-25,20.881467474182433
40,2009-03-26,2.0028104988642723
40,2009-04-07,3.1725383525219977
40,2009-04-08,3.698320383658863
40,2009-04-10,9.678108584867397
40,2009-04-11,9.892448204592391
40,2009-04-12,14.639682059436474
40,2009-05-04,12.21464709769911
40,2009-05-13,27.2670058772096
40,2009-05-14,3.28019609978183
40,2009-05-16,7.410354844546122
41,2009-02-13,22.560744170885215
41,2009-02-14,12.404482875956374
41,2009-02-15,23.83193504474641
41,2009-02-16,112.63957917130098
41,2009-02-17,100.68069799453667
41,2009-02-18,34.536045289936574
41,2009-02-19,36.812359529093065
41,2009-02-20,72.92943189240347
41,2009-02-21,26.6512865298853
41,2009-02-22,49.41454285731969
41,2009-02-23,77.0191138293503
41,2009-02-24,134.82261272092407
41,2009-02-25,44.648077988132194
41,2009-02-26,64.26125413292175
41,2009-02-27,1777.489356706146
41,2009-02-28,15.993274453397861
41,2009-03-02,102.43088431414319
41,2009-03-03,87.67217100581922
41,2009-03-04,200.3364874334253
41,2009-03-05,143.87371459090795
41,2009-03-06,40.04558451346849
41,2009-03-07,20.850482633154098
41,2009-03-08,27.319961070845682
41,2009-03-09,50.74966720620013
41,2009-03-10,64.02094942258577
41,2009-03-11,37.94874566067235
41,2009-03-12,109.55250545540537
41,2009-03-13,94.38229073871928
41,2009-03-14,19.705379337449358
41,2009-03-15,1.244278469465093
41,2009-03-16,23.077834248619343
41,2009-03-17,37.12620306895914
41,2009-03-18,80.16882234789563
41,2009-03-19,75.05460329544027
41,2009-03-20,33.080043607606676
41,2009-03-21,72.38457351242862
41,2009-03-29,1.5339146393334484
41,2009-03-30,136.66100592530393
41,2009-03-31,69.11006830501114
41,2009-04-01,75.80880950224295
41,2009-04-02,93.1289161652358
41,2009-04-03,102.4318560045733
41,2009-04-04,34.461801781516115
41,2009-04-06,34.17028009596554
41,2009-04-07,258.0629195459759
41,2009-04-08,281.60089511882427
41,2009-04-09,116.55413178264362
41,2009-04-10,77.06181720089506
41,2009-04-11,38.732426999367355
41,2009-04-12,1.0134196845178032
41,2009-04-13,74.49506538742683
41,2009-04-14,65.6559016013668
41,2009-04-15,40.42293220592191
41,2009-04-16,61.71478480701375
41,2009-04-17,53.939077274355455
41,2009-04-18,71.92113516270976
41,2009-04-19,41.79673367783551
41,2009-04-20,72.21659223460533
41,2009-04-21,71.32573684210452
41,2009-04-22,69.66119816155111
41,2009-04-23,116.14768516296485
41,2009-04-24,194.6818240101032
41,2009-04-25,62.45660839408796
41,2009-04-26,67.36651193987687
41,2009-04-27,112.8924395911862
41,2009-04-28,250.05240043941015
41,2009-04-29,260.09070060014653
41,2009-04-30,51.18762435049558
41,2009-05-01,18.962185469804346
41,2009-05-02,48.27911736687391
41,2009-05-03,73.98533258489434
41,2009-05-04,19.173259778069532
41,2009-05-05,137.77464289661077
41,2009-05-06,51.13964107359816
41,2009-05-07,30.922352600238664
41,2009-05-08,129.8715625824863
41,2009-05-09,271.0782415366557
41,2009-05-10,27.929680846167404
41,2009-05-11,47.668857736810835
41,2009-05-12,38.329982697986964
41,2009-05-13,36.55870231483931
41,2009-05-14,38.1974991451481
41,2009-05-15,65.50414070561527
41,2009-05-16,116.40254322972554
41,2009-05-17,32.03375661128218
41,2009-05-18,111.87152729050226
41,2009-05-19,82.11396817990605
41,2009-05-20,157.08541507266128
41,2009-05-21,88.73244568492257
41,2009-05-22,33.948372535598914
41,2009-05-23,55.54974030183681
41,2009-05-24,138.0695035579506
41,2009-05-25,131.3680489650964
41,2009-05-26,39.60598087450695
41,2009-05-27,14.012590528346447
41,2009-05-28,34.678455726360504
41,2009-05-29,62.8080384563249
41,2009-05-30,60.48819885900098
41,2009-05-31,22.292013907841774
41,2009-06-01,41.76844056111704
41,2009-06-02,44.61885872003444
41,2009-06-03,171.24251879687515
41,2009-06-04,60.464663461618336
41,2009-06-05,126.41847675715546
41,2009-06-06,150.31623258964265
41,2009-06-07,112.73856451692019
41,2009-06-08,61.94462721113394
41,2009-06-09,72.96757346831195
41,2009-06-10,156.3964088037655
41,2009-06-11,62.54609651657515
41,2009-06-12,37.70431980827842
41,2009-06-13,164.70281490677365
41,2009-06-14,46.62924892829244
41,2009-06-15,82.13200482643383
41,2009-06-16,132.19161228927823
41,2009-06-17,36.028869783405575
41,2009-06-18,179.47664606585295
41,2009-06-19,44.810545685444865
41,2009-06-20,40.405555019249164
41,2009-06-21,35.15008650980912
41,2009-06-22,65.61556101350551
41,2009-06-23,197.23049295548327
41,2009-06-24,126.39208477481586
41,2009-06-25,37.073963047911306
41,2009-06-26,36.0612396442463
41,2009-06-27,90.18904412116176
41,2009-06-28,15.204805184486801
41,2009-06-29,53.06557695994861
41,2009-06-30,48.48700683070305
41,2009-07-01,37.48898546612462
41,2009-07-02,83.85530891578762
41,2009-07-03,51.08723507871514
41,2009-07-04,85.42390075227955
41,2009-07-05,18.823082620837777
41,2009-07-06,182.8921220407089
41,2009-07-07,106.97479093604873
41,2009-07-08,123.02157925966438
41,2009-07-09,155.56174803310458
41,2009-07-10,139.75782575469538
41,2009-07-11,264.4222949795091
41,2009-07-12,266.17523460047744
42,2008-10-04,11.795711301238061
42,2008-10-05,5.251441071729625
42,2008-10-06,6.466247722598954
42,2008-10-07,12.48759388092909
42,2008-10-08,3.9682983276571244
42,2008-10-09,4.341087802123493
42,2008-10-10,1.0315179458320276
42,2008-10-11,3.707719909991196
42,2008-10-13,12.3181423810698
42,2008-10-14,7.324583641435171
42,2008-10-15,7.28143142631707
42,2008-10-16,5.221738251523244
42,2008-10-17,8.685038319774737
42,2008-10-30,1.6818410996729494
42,2008-10-31,7.376626617173405
42,2008-11-07,1024.2029488337246
42,2008-11-09,75.70764282782137
42,2008-11-10,880.3441573776383
42,2008-11-16,24.475225255936728
42,2008-11-26,3.82633509573595
42,2008-11-28,1.7922682732881263
42,2008-12-02,3.82034336592816
42,2008-12-20,11.165204269413751
42,2009-01-20,21.10799529219513
42,2009-01-31,46.64808474798562
42,2009-02-01,44.436743704102796
42,2009-02-06,53.32594587227262
42,2009-02-07,60.43251412382356
42,2009-02-09,62.954962128365736
42,2009-02-10,92.28687506820286
42,2009-02-11,60.73797407855296
42,2009-02-12,78.60446890018385
42,2009-02-13,54.98335852114314
42,2009-02-15,27.088028697337183
42,2009-02-16,63.91671859610929
42,2009-02-17,101.88420068611309
42,2009-02-18,70.20599636126182
42,2009-02-19,41.64581945888393
42,2009-02-20,92.92288985180885
42,2009-02-21,31.91108037788452
42,2009-02-23,31.462639986223458
42,2009-02-24,45.8601298905971
42,2009-02-25,380.65182996507764
42,2009-02-26,90.88499410884991
42,2009-02-27,86.5280377488597
42,2009-03-02,100.095409181832
42,2009-03-04,39.89847429852243
42,2009-03-05,50.355675618026964
42,2009-03-08,26.253917312761324
42,2009-03-09,34.35715622125316
42,2009-03-10,49.79439931223483
42,2009-03-11,93.46435756073242
42,2009-03-12,38.23947981814685
42,2009-03-13,101.81268249711064
42,2009-03-16,33.17753280821842
42,2009-03-17,31.669398794624282
42,2009-03-18,31.060003409274206
42,2009-03-19,33.41250319939657
42,2009-03-20,41.42503214825242
42,2009-03-23,32.879339179050575
42,2009-03-24,4.452305194324631
42,2009-03-25,146.32646829627006
42,2009-03-26,70.16405260690539
42,2009-04-03,50.23970615380389
42,2009-04-06,23.27310314347961
42,2009-04-08,82.86485345344065
42,2009-04-09,60.89487321376887
42,2009-04-10,26.071092437350387
42,2009-04-13,54.7448978593417
42,2009-04-14,55.15553348765833
42,2009-04-15,74.68999077129155
42,2009-05-06,50.91848980508445
42,2009-05-07,51.10260288522857
43,2009-02-07,7.372496932387556
43,2009-02-08,5.915953637090627
43,2009-02-10,0.8259005962168823
43,2009-02-11,16.809676083750276
43,2009-02-14,10.71803836394875
43,2009-02-15,13.443700247636405
43,2009-02-19,3.65684731355626
43,2009-02-21,20.655400390722203
43,2009-02-22,1.3583588058684335
43,2009-02-25,10.217555424926244
43,2009-02-27,9.111431406413265
43,2009-03-01,6.071956122479357
43,2009-03-05,8.941583480866768
43,2009-03-07,13.703786185275522
43,2009-03-10,8.658566478464284
43,2009-03-11,17.70016149400988
43,2009-03-13,19.884846453685093
43,2009-03-14,7.474601146228296
43,2009-03-17,2.8390117024248864
43,2009-03-18,11.672586029061344
43,2009-03-20,10.413155289554952
43,2009-03-21,2.2813673314330845
43,2009-03-27,7.309248327727576
43,2009-04-07,18.10894890373963
43,2009-04-08,14.077288109875537
43,2009-04-11,3.6181564600919995
43,2009-04-12,4.173384780959411
43,2009-04-15,49.21358641946545
43,2009-04-21,6.551001872340104
43,2009-06-09,77.48406037542676
43,2009-06-10,25.996377368634956
43,2009-06-11,12.057302824248122
43,2009-06-15,46.25490694234896
43,2009-06-16,15.723522035857647
43,2009-06-17,46.93456921384348
43,2009-06-18,76.4625045048132
43,2009-06-22,51.93904235470928
43,2009-06-23,59.88157503639043
43,2009-06-24,40.273516808499124
44,2009-02-03,17.355015923201123
44,2009-02-04,2.2702597184717077
44,2009-02-15,32.40985090206448
44,2009-02-17,19.015026225115985
44,2009-02-18,0.8029570192294232
44,2009-02-19,16.270502545276067
44,2009-02-20,13.462543496877728
44,2009-02-22,25.18368722270481
44,2009-02-24,19.33458184787265
44,2009-02-25,35.51613450550891
44,2009-02-26,11.81664379890427
44,2009-02-27,15.893478934512702
44,2009-02-28,26.131256809926494
44,2009-03-01,8.106253373811997
44,2009-03-02,32.00958235559445
44,2009-03-03,0.4626843349420123
44,2009-03-04,5.600611578316927
44,2009-03-05,27.17211206612325
44,2009-03-06,11.327990196188184
44,2009-03-08,7.663756898553704
44,2009-03-09,20.630153370758794
44,2009-03-10,6.410405716008291
44,2009-03-11,9.692730545586324
44,2009-03-12,2.0808034911378757
44,2009-03-13,8.132445804412715
44,2009-03-14,17.095759771382486
44,2009-03-16,15.339458632177774
44,2009-03-17,5.877011270814289
44,2009-03-19,1.108558637033327
44,2009-03-20,3.794287179102492
44,2009-03-22,22.018468385529488
44,2009-03-23,1.288742443691036
44,2009-03-24,2.8658169969845457
44,2009-03-25,5.704151679717603
44,2009-03-26,9.19336460216762
44,2009-03-27,4.808788299536317
44,2009-04-01,4.076506414053726
44,2009-04-02,0.3107928936850879
44,2009-04-05,1.9882254613234005
44,2009-04-06,6.78975296930331
44,2009-04-07,2.2656089931132657
44,2009-04-08,21.082075763757288
44,2009-04-09,11.460582542754976
44,2009-04-10,19.531737666384537
44,2009-04-11,11.127462331566836
44,2009-04-12,4.609496907635232
44,2009-04-13,29.304365762032173
44,2009-04-14,2.649255001208491
44,2009-07-01,11.710312627070335
44,2009-07-06,34.539016636271185
44,2009-07-07,33.83137521796977
44,2009-07-08,17.574176551237827
44,2009-07-09,13.890304848728373
44,2009-07-13,21.551069681308274
44,2009-07-14,17.74472300564083
45,2010-06-26,66.47702247302679
45,2010-06-27,5.218060853793913
45,2010-08-12,0.581891206460336
45,2010-10-04,94.93032990401458
45,2010-10-05,8.526030357379435
45,2010-10-06,21.872416806423544
45,2010-10-08,1.9941994516025758
46,2009-10-04,11.203079365985097
46,2009-10-05,9.465633023833865
46,2009-10-08,86.25617710193536
46,2009-10-09,4.630322689030688
46,2009-10-11,18.242464282985395
46,2010-05-07,15.84437965218906
46,2010-05-08,80.19444675875545
46,2010-05-11,15.84476065671795
46,2010-05-12,30.94459309638958
46,2010-05-13,14.64163983148831
46,2010-05-14,8.596567969110202
46,2010-05-18,22.27530919544944
46,2010-05-19,38.47670181700152
46,2010-05-20,20.13338315021462
46,2010-05-25,19.043997333773145
46,2010-05-26,4.063758248344354
46,2010-05-27,31.862202664086876
46,2010-05-28,21.44768884310556
46,2010-06-01,19.06609283323694
46,2010-06-02,20.86206061443068
47,2007-08-01,0.5157651846484449
47,2007-08-02,2.7343353057277437
47,2007-08-03,75.59563583367567
47,2007-08-04,2.9296985326953493
47,2007-08-05,1.3882424859443323
47,2007-08-06,74.99422617006786
47,2007-08-07,0.3345420238493147
47,2007-08-08,0.5317484044974987
47,2007-08-09,0.5557565305897948
48,2009-09-02,158.57834029142424
48,2009-09-03,3.5807851153902184
48,2009-09-04,161.30127789934423
49,2009-09-02,150.7748680394883
50,2009-06-04,0.10639002651414205
50,2009-06-05,4.371581713859996
50,2009-06-09,0.2872142817849345
50,2009-07-02,50.55150988225197
50,2009-07-07,30.494564503311405
50,2009-07-08,0.004770839392229
50,2009-07-21,72.11239255221584
50,2009-07-24,79.80965624414404
50,2009-07-25,17.040015737586778
50,2009-07-26,62.09285091554624
50,2009-07-31,26.556073477547717
50,2009-08-01,66.51164574159769
50,2009-08-02,50.961311804177285
50,2009-08-03,35.44947485169785
50,2009-08-04,68.77276093925732
50,2009-08-05,38.901819204670325
50,2009-08-06,107.53147707812708
50,2009-08-07,140.39530235611696
50,2009-08-08,111.19332599176155
50,2009-08-09,11.653784391403475
50,2009-08-10,68.37673639690372
50,2009-08-17,95.94326057878074
50,2009-08-18,44.83773884613158
50,2009-08-19,28.107899196515255
50,2009-08-20,53.05568605434761
50,2009-08-21,96.80224108626773
50,2009-08-22,119.60912555944743
50,2009-08-24,109.33223615637733
50,2009-08-25,482.59553133819486
50,2009-08-26,4.566564488096209
51,2007-11-30,0.05913446367439553
51,2007-12-07,0.2558515088869384
51,2007-12-08,3.419886209596239
51,2007-12-10,0.1226449413326626
51,2007-12-14,2.686489736679276
51,2007-12-15,27.530620216064815
51,2007-12-16,4.686300121815189
51,2007-12-18,32.36555424732713
51,2007-12-20,6.104513320069122
51,2007-12-22,11.944849615800749
51,2007-12-24,5.475854650223364
51,2007-12-28,10.150882104796487
51,2007-12-31,43.20234949690396
51,2008-01-01,18.09114697888843
51,2008-01-07,2.1834307726340874
51,2008-01-08,0.5681378067819957
51,2008-01-12,1.5724968911845822
51,2008-01-15,4.473240798083948
51,2008-01-19,28.155610448568975
51,2008-01-21,23.702384637056227
51,2008-02-02,77.14879475581932
51,2008-02-03,185.02494845852002
51,2008-02-04,91.55865241275133
51,2008-02-05,11.73986528715872
51,2008-02-07,30.107340729806563
51,2008-02-08,1.7032794689705815
51,2008-02-09,3.417092577250813
51,2008-02-11,4.654963713605846
51,2008-02-12,1.3361630848358848
51,2008-02-13,4.8913838662781535
51,2008-02-14,14.11005055322916
51,2008-02-15,4.416854819118599
51,2008-02-16,12.230863818861081
51,2008-02-17,8.564426380130708
51,2008-02-18,2.512507073759946
51,2008-02-19,189.17832997011607
51,2008-02-20,172.25493685360036
51,2008-02-21,51.82195213532592
51,2008-02-22,5.752121248604108
51,2008-03-09,5.5611861167231265
51,2008-03-24,15.406906464569172
51,2008-03-26,3.2196282974925103
51,2008-03-28,2.005106703815666
51,2008-03-29,1.210255528419274
51,2008-03-31,0.35746784346222
51,2008-04-22,0.2024752936058212
51,2008-04-30,5.087595360725379
52,2008-01-16,10.447873222717362
52,2008-01-17,9.837991128324601
52,2008-01-18,12.904369491462031
52,2008-01-19,5.502863126634972
52,2008-02-23,10.749914861620075
52,2008-02-26,11.513097807450706
52,2008-02-28,10.127736872885782
52,2008-03-02,59.61515496534479
52,2008-03-04,11.599025576168769
52,2008-03-11,4.093876875813132
52,2008-03-13,14.061890055974851
52,2008-03-14,16.5200278101679
52,2008-03-15,4.171087820488808
52,2008-03-18,15.310789330990943
52,2008-03-19,3.370406399950231
52,2008-05-20,16.429551946340215
52,2008-05-21,25.277527861635118
52,2008-05-22,13.197414046695636
52,2008-05-23,12.15222922539279
52,2008-05-25,34.77315078886937
52,2008-05-26,17.910729226337182
52,2008-05-27,25.189181733950456
52,2008-05-28,9.95178399929199
52,2008-05-29,11.579012554857929
52,2008-05-30,12.673456536115205
52,2008-05-31,24.216571847163426
52,2008-06-01,8.545308771618298
52,2008-06-02,12.745523734801633
52,2008-06-03,51.54824599504187
52,2008-06-04,28.611058010299217
52,2008-06-05,16.663244062897295
52,2008-06-06,27.574104097843
52,2008-06-07,28.946362802689293
52,2008-06-08,5.252854737879459
52,2008-06-09,43.90634732809272
52,2008-06-10,19.707206966766574
52,2008-06-11,4.690517378757125
52,2008-06-12,41.67825585922557
52,2008-06-13,23.019646172337648
52,2008-06-14,10.210572807457838
52,2008-06-15,17.871958449869183
52,2008-06-16,14.25409939605959
52,2008-06-17,24.03868236037546
52,2008-06-20,23.617462596596752
52,2008-06-21,11.877993334381186
52,2008-06-25,14.658052784377686
52,2008-06-26,35.82971873902292
52,2008-06-27,1169.8970804131218
52,2008-06-28,1.6404929463775777
52,2008-06-29,1209.0813752450397
52,2008-07-01,20.830876020713717
52,2008-07-02,7.018635086634573
52,2008-07-03,28.945505729501566
52,2008-07-06,13.921223391172996
52,2008-07-07,16.554623363388675
52,2008-07-08,2.4678991607479093
52,2008-07-09,44.92329963396477
52,2008-07-10,22.507915300428547
52,2008-07-11,39.1771861230765
52,2008-07-15,9.252689103679346
52,2008-07-16,14.074310224808713
52,2008-07-17,65.92380874226222
52,2008-07-18,14.367134261719277
52,2008-07-19,20.058094862045238
52,2008-07-20,26.31457542738693
52,2008-07-21,46.14807896763406
52,2008-07-22,22.632107608405814
52,2008-07-23,26.191705732236834
52,2008-07-24,22.18189948817797
52,2008-07-25,18.17800526409972
52,2008-07-26,16.57293418651675
52,2008-07-27,24.445039536917463
52,2008-07-29,15.750190681051183
52,2008-07-30,35.638819959847375
52,2008-07-31,1201.447217361472
52,2008-08-03,845.5595982375906
52,2008-08-06,1232.4327285870856
52,2008-08-07,870.3393874018351
52,2008-08-18,831.9209559082543
52,2008-08-19,11.366536262605015
52,2008-08-20,45.51632216568148
52,2008-08-21,14.216938438333633
52,2008-08-22,27.61044110408239
52,2008-08-24,6.9899796884977015
52,2008-08-25,19.82748495352523
52,2008-08-26,7.072695119251252
52,2008-08-27,14.12994489314226
52,2008-08-31,18.701811677973105
52,2008-09-01,19.60312309819221
52,2008-09-02,26.835662980872957
52,2008-10-01,15.899395642418021
52,2008-10-02,203.21096583995256
52,2008-10-03,17.726447835942754
52,2008-10-05,28.930838809760623
52,2008-10-06,12.161904732878554
52,2008-10-07,19.51873302900033
52,2008-10-08,15.919611561748964
52,2008-10-09,6.5398140285285
52,2008-10-10,766.5511329664278
52,2008-10-11,747.4085854095467
52,2008-10-12,24.688444365508555
52,2008-10-17,17.391984839577436
52,2008-10-30,8.941426629338169
53,2008-04-29,0.0469892869802254
53,2008-04-30,2.129772075486019
53,2008-05-01,269.67945698190283
53,2008-05-02,50.594064533141996
53,2008-05-05,250.3177184943969
53,2008-05-06,6.916293862503132
53,2008-05-07,6.005876799948333
54,2009-06-20,22.57655451754849
54,2009-06-28,22.272263407356288
54,2009-06-29,1.866907285692697
55,2007-07-31,1.4929192565699798
55,2007-08-01,10.767017314058059
55,2007-08-02,2.9826872651549
55,2007-08-03,2.5728113132596344
55,2007-08-04,2.600535143282787
55,2007-08-05,7.608333173591059
55,2007-08-06,1.3350531860479602
55,2007-08-09,8.85472256887373
55,2011-08-03,0.2469316000440791
55,2011-08-07,3.278263557508058
55,2011-08-08,4.445442716895441
55,2011-08-09,6.501297891038666
55,2011-08-10,2.399340722903385
55,2011-08-24,12.378690720153237
55,2011-08-25,25.068159169601003
55,2011-08-27,4.70978060336002
55,2011-08-28,8.070891921140255
55,2011-08-29,5.660233183343592
55,2011-08-30,3.1894240046491515
55,2011-09-02,8.796364857011357
55,2011-09-03,6.909949287419243
55,2011-09-30,612.7454389249922
55,2011-10-01,0.14438191502875491
56,2007-10-10,0.4119176885339692
56,2007-10-11,0.6929925472745775
56,2007-10-12,0.6368641462642459
56,2007-10-13,2.1254904506045307
56,2007-10-15,3.1779508318377316
56,2007-10-16,1.0442249151382437
56,2007-10-17,4.387658496693261
56,2007-10-18,1.5040584772537895
56,2007-10-19,29.07716748191626
56,2007-10-22,2.689537743737901
56,2007-10-23,1.4413353278694385
56,2007-10-24,0.6957833301827304
56,2007-10-26,0.7470890152599085
56,2007-10-27,0.7416067547918364
56,2007-10-30,1.5363038532521565
56,2007-11-01,0.7373071036787975
56,2007-11-02,6.937116192560557
56,2007-11-03,3.2749375779703627
56,2007-11-04,0.7547702303296335
56,2007-11-08,1.6624770587627544
56,2007-11-09,0.6181305808113361
56,2007-11-28,26.068376315781563
56,2008-05-16,24.455373811069194
57,2007-07-31,6.5248918262001165
57,2007-08-01,22.518586437481936
57,2007-08-02,22.280865873298513
57,2007-08-03,12.519562632002463
57,2007-08-04,8.975109094537844
57,2007-08-05,46.83189354850753
57,2007-08-06,26.45486288200393
57,2007-08-07,28.780548152487544
57,2007-08-08,32.84850893913972
57,2007-08-09,4.31683332460643
57,2007-08-10,31.887624251716115
58,2007-05-09,3.9176712649445307
58,2007-05-13,44.95079528264382
58,2007-05-14,2.305936733347658
58,2007-05-15,27.2082277633963
58,2007-05-16,4.826822631859307
58,2007-05-19,12.620022075024652
58,2007-05-21,7.012719597554021
58,2007-05-23,8.489360132223746
58,2007-05-24,4.807885999153186
58,2007-05-26,63.37601751639884
58,2007-06-01,5.597751922931463
58,2007-06-03,6.513742593349997
58,2011-03-09,11.202662832276793
58,2011-03-10,12.375094081642295
58,2011-03-11,13.638877027322506
58,2011-03-12,28.744391866400964
58,2011-08-29,8.31112963519609
58,2011-08-30,5.4968701277618
59,2011-03-09,6.595758310770604
59,2011-03-10,12.375094081642295
59,2011-03-11,13.638877027322506
59,2011-03-12,28.744391866400964
59,2011-08-29,8.31112963519609
59,2011-08-30,5.4968701277618
60,2007-08-18,0.4617276457138627
60,2007-08-20,0.27067832105499673
61,2007-07-31,6.945073167197314
61,2007-08-01,12.701714139005132
61,2007-08-02,13.827410477504797
61,2007-08-03,279.29681060002997
61,2007-08-04,50.24594693190975
61,2007-08-05,281.3768469506541
61,2007-08-06,42.56073970291544
61,2007-08-07,12.050207785045833
61,2007-08-08,2.623695309836354
61,2007-08-09,14.69013984187274
61,2007-08-10,4.191382428033502
62,2007-12-07,3.86698373365464
62,2007-12-08,76.09419102322273
62,2007-12-09,66.62169816897102
62,2007-12-10,3.5157055962437065
62,2007-12-11,1.685747567039415
62,2007-12-12,9.588064181626411
62,2007-12-13,5.245350103323359
62,2007-12-14,9.102031728294378
62,2007-12-15,1.3486846534392807
62,2007-12-16,10.417218334344758
62,2007-12-17,2.205978205108075
62,2007-12-18,2.705873960087569
62,2007-12-19,20.775733092655255
62,2007-12-20,4.838469765991094
62,2007-12-23,16.805984311817227
62,2007-12-24,17.89702005993014
62,2008-01-01,0.4170818416517626
62,2008-01-02,4.491693889016412
62,2008-01-03,22.70091335642977
62,2008-01-04,15.953356822231779
62,2008-01-05,11.020823913346236
62,2008-01-07,1.020231876372428
62,2008-01-08,0.6041801401583475
62,2008-01-10,7.211476844846398
62,2008-01-11,0.6899908510434296
62,2008-01-12,29.573686140768267
62,2008-01-14,22.236098115126357
62,2008-01-15,9.072667773480417
62,2008-01-16,7.678286734927599
62,2008-01-17,29.78109074070896
62,2008-01-18,21.36988688181808
62,2008-06-18,5.688959875843972
62,2008-06-19,2.4364977774981385
62,2008-06-20,7.859344085818084
62,2008-06-21,6.607964657500922
62,2008-06-23,3.7004526325988896
62,2008-06-24,27.60292885461685
62,2008-06-25,587.4911098575967
62,2008-06-26,2.354151388753252
62,2008-06-28,11.228829093669503
62,2008-06-29,1.7055189032343618
62,2008-07-01,7.70219432915986
62,2008-07-03,4.075372300595286
62,2008-07-06,2.058113583665268
62,2008-07-07,11.723508473467875
62,2008-07-08,4.052969850435396
62,2008-07-09,1.0917271611011594
62,2008-07-10,4.768790575981129
62,2008-07-11,3.281936692233638
62,2008-07-13,8.136281577462418
62,2008-07-14,6.461197987548672
62,2008-07-15,8.38441258522098
62,2008-07-16,10.16953696011107
62,2008-07-17,1.082443174185896
62,2008-07-19,4.711767658796248
62,2008-07-20,18.749971881212666
62,2008-07-21,12.879386832802963
62,2008-07-22,9.846610023123171
62,2008-07-23,601.4572756165848
62,2008-07-24,138.26211415112107
62,2008-07-25,0.2882295856732845
62,2008-07-26,17.642239374057876
62,2008-07-27,20.61108529435207
62,2008-07-28,57.41627468138428
62,2008-07-29,79.67794683635893
62,2008-07-30,32.240401064797666
62,2008-07-31,61.6791269710511
62,2008-08-01,29.609249713108504
62,2008-08-02,23.84486504984005
62,2008-08-03,54.58400677935037
62,2008-08-04,22.997016298217098
62,2008-08-05,139.3103000309311
62,2008-08-06,10.887815567289838
62,2008-08-07,29.473032121660626
62,2008-08-08,18.027026964147904
62,2008-08-09,17.80990622152384
62,2008-08-10,33.10388130570924
62,2008-08-11,49.83444682125889
62,2008-08-12,46.557442435549895
62,2008-08-13,34.12301269609591
62,2008-08-14,23.004546913979265
62,2008-08-15,21.806531005227647
62,2008-08-16,24.582413606078777
62,2008-08-17,20.25417612213987
62,2008-08-18,40.69032861294902
62,2008-08-19,31.26305001042196
62,2008-08-20,109.42563808556346
62,2008-08-21,55.772197023914224
62,2008-08-22,58.334300288839785
62,2008-08-23,39.82663216946706
62,2008-08-24,20.275527703002815
62,2008-08-25,9.643431053883223
62,2008-08-26,18.726702164651645
62,2008-08-27,108.24166244201155
62,2008-08-28,55.24346782480893
62,2008-08-29,67.08749091062045
62,2008-08-30,73.25881231822147
62,2008-08-31,909.7742753388736
62,2008-09-01,334.3267207681791
62,2008-09-02,291.0480625482359
62,2008-09-03,6.9500947938606945
62,2008-09-04,27.877244384484
62,2008-09-05,48.56111764622745
62,2008-09-06,10.58240878300037
62,2008-09-07,119.93478698623488
62,2008-09-08,41.68679151608953
62,2008-09-09,3.0184114347997277
62,2008-09-10,59.260562754841516
62,2008-09-11,39.10823778555014
62,2008-09-12,41.16268036764358
62,2008-09-13,39.36764103176964
62,2008-09-14,113.14763970356364
62,2008-09-15,55.48842921841145
62,2008-09-16,25.08249436392712
62,2008-09-17,96.7165616766797
62,2008-09-18,78.4581969336026
62,2008-09-19,32.260256143286
62,2008-09-20,13.140330882772004
62,2008-09-21,28.231318763186064
62,2008-09-22,1.8175267969644922
62,2008-09-23,13.1917547494335
62,2008-09-24,1.49465957735622
62,2008-09-25,22.74410921588065
62,2008-09-26,399905.7932880288
62,2008-09-27,1198.4538974293937
62,2008-09-28,283.567132328843
62,2008-09-30,4.440502165912127
62,2008-10-01,21.513056752473144
62,2008-10-02,14.601606898295486
62,2008-10-03,21266.93211000851
62,2008-10-04,429.18506805569086
62,2008-10-05,171.33035154382247
62,2008-10-14,1.9091307403975675
62,2008-10-15,43.60838009080103
62,2008-10-16,71.67479287308285
62,2008-10-17,33.153140079961126
62,2008-10-18,57.61676250289302
62,2008-10-19,25.430903838619447
62,2008-10-20,63.074280585347886
62,2008-10-21,34.39683882443194
62,2008-10-28,13.397134018170254
62,2008-10-29,2.509797180129531
62,2008-10-30,25.106373183623415
62,2008-10-31,49.87065675350538
62,2008-11-01,21.764354645467776
62,2008-11-02,35.40340765241132
62,2008-11-03,7.48409306649167
62,2008-11-04,5.079830034186761
62,2008-11-05,44.39062944736414
62,2008-11-06,111.54806271010588
62,2008-11-07,11.310619286169489
62,2008-11-08,4.010585356724384
62,2008-11-09,18.638086102607545
62,2008-11-10,51.1250296153858
62,2008-11-11,34.023738142959786
62,2008-11-12,13.403701527571219
62,2008-11-13,30.37112108521818
62,2008-11-14,27.07555159402288
62,2008-11-15,22.82362194055059
62,2008-11-16,34.87392152733821
62,2008-11-17,12.82841135653736
62,2008-12-03,12.995963216518504
62,2008-12-04,12.042829950345407
62,2008-12-05,32.867687559934865
62,2008-12-06,4.926440464668532
62,2008-12-07,14.490231645755264
62,2008-12-08,2.821443321886667
62,2008-12-09,28.81065808913178
62,2008-12-10,3.5930134721462585
62,2008-12-11,5.540584450403013
62,2008-12-12,38.28302798527188
62,2008-12-13,19.80335465845574
62,2008-12-14,7.882378876498185
62,2008-12-15,16.60122283625164
63,2010-11-26,0.0530441049605338
63,2010-11-28,12.58545470740981
63,2010-12-06,3.552460002414211
63,2010-12-07,101.9606262025803
63,2010-12-08,11.525277721269322
63,2010-12-09,52.50002477897093
63,2010-12-10,95.98985651263386
63,2011-01-31,57.743367690452146
63,2011-02-01,81.93972827966029
63,2011-02-03,22.771016073151994
63,2011-02-07,19.493545737466658
63,2011-02-08,4.861736997267248
64,2008-08-15,3.198453473907852
64,2008-08-16,26.446551497335985
64,2008-08-17,31.064132848271957
64,2008-08-18,17.145555412566733
64,2008-08-20,41.30549031593392
64,2008-08-21,18.591420550307685
64,2008-08-23,4.868695276259525
64,2008-08-24,134.72964191496396
64,2008-08-25,7.544286826882549
64,2008-08-26,6.021419105721491
64,2008-08-27,7.395328560672546
64,2008-08-28,28.540691533201805
64,2008-08-29,26.468239147666193
64,2008-08-30,7.710034936609861
64,2008-08-31,7.434586930356558
65,2009-08-04,1.8428852224342893
65,2009-08-05,2.3689284485823525
65,2009-08-15,313.83109657544185
65,2009-09-26,328.15558287056564
65,2010-03-13,5.358829700860137
65,2010-03-15,0.21598145373820618
65,2010-04-24,4.632690513501349
65,2010-05-05,2.9326342330887165
65,2010-05-06,4.718669519403855
65,2010-05-07,6.882660143846231
65,2010-05-08,4.023802998480396
65,2010-05-15,9.281628269234057
65,2011-07-28,5.919088488393138
65,2011-07-30,14.555953558240889
65,2011-08-03,8.276898932305308
65,2011-08-04,2.452884380336264
65,2011-08-05,3.675654349805422
65,2011-08-06,11.048021478524028
65,2011-08-07,29.040425612124796
65,2011-08-08,8.775811102676697
65,2011-08-09,5.174110534616337
65,2011-08-10,13.913263388619413
65,2011-08-11,19.651764236354197
65,2011-08-12,9.407472642388107
65,2011-08-13,13.580836695881226
65,2011-08-16,8.379553315293187
65,2011-08-17,9.62197313043706
65,2011-08-18,10.117039029488492
65,2011-08-19,26.570390929946225
65,2011-08-20,8.73735990283945
65,2011-08-24,0.2225562141247393
65,2011-08-25,11.96877111024526
65,2011-08-26,5.01583169471718
65,2011-08-28,39.754976595880805
65,2011-08-29,10.292565210427817
65,2011-08-30,98.21029479583744
65,2011-08-31,11.38980854540625
65,2011-09-01,15.06706336739105
65,2011-09-02,13.210362174048146
65,2011-09-03,1.6890334500359068
65,2011-09-05,9.094349729426986
65,2011-09-06,3.5414431905229047
65,2011-09-07,15.977561761117885
65,2011-09-08,23.117565077998112
65,2011-09-09,8.050636446329804
65,2011-09-10,15.059119326386105
65,2011-09-11,12.171621810204437
65,2011-09-13,4.82222833128603
65,2011-09-14,4.766450583973185
65,2011-09-15,4.798769315538712
65,2011-09-16,6.678905490152491
65,2011-09-17,7.094199055258506
65,2011-09-18,17.964707057156552
65,2011-09-19,12.023130774920274
65,2011-09-21,10.411954099996331
65,2011-09-22,5.225082705133061
65,2011-09-23,26.43690758177113
65,2011-09-25,1.619217413430085
65,2011-09-26,6.4759486107973885
65,2011-09-27,3.213718487515783
65,2011-09-28,3.944083054692418
65,2011-09-29,13.93610238815518
65,2011-10-01,10.94600987830242
65,2011-10-03,7.447982054313326
65,2011-10-04,3.8320373610500655
65,2011-10-05,117.72086112300829
65,2011-10-06,0.6835659677818346
65,2011-10-08,6.575526173587952
65,2011-10-09,7.081699193643911
65,2011-10-10,6.603785653970046
65,2011-10-11,3.529820720693232
65,2011-10-12,3.822662781824319
65,2011-10-13,2.9769444417579316
65,2011-10-14,10.329693245428832
65,2011-10-15,4.833499487964772
65,2011-10-16,9.988103444902658
65,2011-10-18,23.94681431134204
65,2011-10-19,4.510529170991026
65,2011-10-22,3.4359667781790177
65,2011-10-23,10.849694826070321
65,2011-10-24,9.869926274157285
65,2011-10-25,12.730330163424581
65,2011-10-27,4.050150551885645
66,2009-05-08,185.59295731322987
66,2009-05-13,20.55046286890548
66,2009-05-15,1.8811553995655406
66,2009-05-27,94.78770161511521
66,2009-08-18,35.13181679223234
66,2009-08-19,56.104678484034146
66,2009-08-20,99.09306550529394
66,2009-08-21,32.58860891306308
66,2009-08-22,26.9348840947749
66,2009-08-23,14.858824647536126
66,2009-08-26,67.22168138164749
66,2009-09-18,23.244495232686347
66,2009-09-30,141.37237999565406
66,2009-10-01,266.7839736429338
66,2009-10-02,45.34027676139772
66,2009-10-03,164.51603943920563
66,2009-10-04,10.098404328763218
66,2009-10-07,423.65976106093524
66,2009-10-08,334.2961335842546
67,2010-08-12,2.2104636911614777
67,2010-09-15,11.621598146786617
67,2010-10-23,376.779641121003
67,2010-10-24,90.27284224446882
67,2010-11-28,411.01533496534654
67,2010-12-05,8.456757419668547
67,2010-12-06,0.1678344057352023
67,2010-12-07,0.4472187977081587
67,2010-12-08,0.350479804439148
67,2010-12-11,8.810355701478816
67,2010-12-14,9.676713683813785
67,2010-12-15,0.4912588063960578
67,2010-12-19,18.33096920213154
67,2010-12-24,9.818698456363602
67,2010-12-31,16.88328446389079
67,2011-01-09,3.6809255640443745
67,2011-01-10,10.868270796266758
67,2011-01-11,0.2758837451233732
67,2011-01-16,32.85817693642493
67,2011-01-18,6.735135274998893
67,2011-01-28,9.161203593174273
67,2011-01-29,15.745208919702105
67,2011-01-30,401.9817301809202
67,2011-01-31,10.457242719584228
67,2011-02-01,7.654855129975722
67,2011-02-03,5.558418571038612
67,2011-02-04,20.85350456081733
67,2011-02-07,14.212454127186541
67,2011-02-08,392.1227143900942
67,2011-02-09,3.6019540506018903
67,2011-03-05,60.00729929145773
67,2011-03-12,48.45830556911964
67,2011-03-13,5.335543196358349
67,2011-03-19,21.77746703185564
67,2011-03-20,20.854753023801823
67,2011-03-26,47.46809039865816
67,2011-04-07,8.867943397123927
67,2011-04-08,16.159987888728374
67,2011-04-09,59.995485221371354
67,2011-04-10,1.8880331598853402
67,2011-04-11,8.111574338058903
67,2011-04-12,7.778335058283413
67,2011-04-13,7.357934306590119
67,2011-04-14,16.738392062470762
67,2011-04-16,15.378591620457513
67,2011-04-18,10.628347966889741
67,2011-04-19,14.4859908070695
67,2011-04-20,6.752751458895512
67,2011-04-22,13.147127494155242
67,2011-04-23,53.06413459501813
67,2011-04-25,5.870516562908372
67,2011-04-26,6.2144846934908795
67,2011-04-27,6.747328379312482
67,2011-04-28,18.357278757468528
67,2011-04-29,6.464812609828129
67,2011-04-30,20.809759569326108
67,2011-05-01,14.370359597386267
67,2011-05-03,11.18857841117479
67,2011-05-04,16.897774399834816
67,2011-05-05,10.55426394656987
67,2011-05-06,13.046662838614662
67,2011-05-07,186.64841866489803
67,2011-05-08,3.57786392380016
67,2011-05-09,6.050308713341599
67,2011-05-10,5.406012290717295
67,2011-05-11,6.096081092574898
67,2011-05-12,14.010945905636108
67,2011-05-13,34.80007756569421
67,2011-05-14,452.60233623056286
67,2011-05-15,467.29659958422565
67,2011-05-20,502.4204259601724
67,2011-05-21,5.0163711671373274
67,2011-05-22,768.7799268541504
67,2011-05-23,4.262814088820504
67,2011-06-01,4.937284621364147
67,2011-06-04,324.09575019113646
67,2011-06-05,11.89407123595729
67,2011-06-06,29.91310764758271
67,2011-06-08,368.67219943439886
67,2011-06-11,50.58245911235788
67,2011-06-16,342.9137004539319
67,2011-06-17,192.45853343147908
67,2011-06-18,30.051516780544222
67,2011-06-20,2.0824131613702503
67,2011-06-25,33.5052984063831
67,2011-06-26,22.247018961992197
68,2008-09-14,1.5885827097627165
68,2008-09-15,16.20881732345371
68,2008-09-16,12.469598594104433
68,2008-09-17,16.74274545998376
68,2008-09-18,18.748321045735278
68,2008-09-19,16.791474599663935
68,2008-09-20,25.731363157213863
68,2008-09-29,9.256007292810224
68,2008-09-30,17.68140705877781
68,2008-10-02,43.406501042566894
68,2008-10-03,21.96499015638291
68,2008-10-04,18.078825252187123
68,2008-10-05,6.743298849904828
68,2008-10-06,2.167760323809208
68,2008-10-07,10.745533243615158
68,2008-10-08,6.295319390961135
68,2008-10-09,2.83406599099811
68,2008-10-10,6.919936183880869
68,2008-10-11,32.137991569770065
68,2008-10-12,7.1659703751025
68,2008-10-13,3.730515687928139
68,2008-10-14,3.808140429402709
68,2008-10-15,3.774105202095205
68,2008-10-16,6.471604196706914
68,2008-10-17,10.112022645430875
68,2008-10-18,0.9337385586820367
68,2008-10-19,9.794738696688434
68,2008-10-20,26.676311400122774
68,2008-10-21,25.07916308729156
68,2008-10-22,17.221638949943692
68,2008-10-23,7.190750696322741
68,2008-10-24,11.980394134939859
68,2008-10-25,11.723231963719066
68,2008-10-26,5.198012029956783
68,2008-10-27,5.059074179787454
68,2008-10-28,10.58411141846882
68,2008-10-29,77.62590932512998
68,2008-10-30,11.872015391320994
68,2008-10-31,9.63805129891231
68,2008-11-01,26.312630703362885
68,2008-11-02,24.69981748916178
68,2008-11-03,7.512166826010156
68,2008-11-04,0.9817573583777549
68,2008-11-05,24.863791934705887
68,2008-11-06,9.92798097507494
68,2008-11-07,6.675959577108852
68,2008-11-08,17.847336122229038
68,2008-11-09,2.5256139359545564
68,2008-11-10,3.7606666691684483
68,2008-11-11,6.089734633006455
68,2008-11-12,6.396120599534553
68,2008-11-13,3.871709506774332
68,2008-11-14,34.91924258543156
68,2008-11-15,17.96731649547496
68,2008-11-16,17.824974429599212
68,2008-11-23,1.0605692335948282
68,2008-11-24,1.227447441513624
68,2008-11-25,4.798873789072317
68,2008-11-26,3.6950468636952594
68,2008-11-27,11.69988206876292
68,2008-11-28,18.894987426404597
68,2008-11-29,2.053155648392877
68,2008-11-30,23.136909894382455
68,2008-12-01,5.388617142061626
68,2008-12-02,6.962005356636531
68,2008-12-03,16.190596847554325
68,2008-12-04,10.805401622249796
68,2008-12-05,21.836670829291307
68,2008-12-06,6.020004813386408
68,2008-12-07,11.579379962166588
68,2008-12-08,2.1282730546366806
68,2008-12-09,10.10342989935501
68,2008-12-10,0.9671862663594832
68,2008-12-11,6.602096889508049
68,2008-12-12,15.290487178689538
68,2008-12-13,33.34387590345675
68,2008-12-14,10.011973547618203
68,2008-12-15,8.007663731651606
68,2008-12-16,0.952454640533187
68,2009-01-01,6.203843483652508
68,2009-01-02,18.73764493929789
68,2009-01-03,3.4156067260701732
68,2009-01-05,1.8949991111587081
68,2009-01-07,0.642991425024904
68,2009-01-08,7.363035781782904
68,2009-01-09,8.983805404987907
68,2009-01-11,0.9784989803437669
68,2009-01-12,2.3731467751453237
68,2009-01-13,8.749191826880855
68,2009-01-14,1.9989741688436256
68,2009-01-15,48.60292558393521
68,2009-01-16,51.50926117753563
68,2009-01-18,3.6277168189262956
68,2009-01-19,0.8255334968520508
68,2009-02-16,3.1764520961415927
68,2009-02-17,6.020281344004653
68,2009-02-18,23.735464353671535
68,2009-02-19,1.3819082963933387
68,2009-02-20,5.967915871958037
68,2009-02-21,11.447648411910032
68,2009-02-22,8.401487496148409
68,2009-02-23,2.7573451562533164
68,2009-02-24,4.8340957538852685
68,2009-02-25,6.697734841121026
68,2009-02-26,2.569289681004276
68,2009-02-27,2.7329151572369814
68,2009-03-01,4.267586110290551
68,2009-03-02,7.415148063921037
68,2009-03-03,6.658562862530985
68,2009-03-04,3.9937539950018115
68,2009-03-05,5.505267468511158
68,2009-03-06,2.466259579229578
68,2009-03-07,13.937476549080921
68,2009-03-08,3.0083425216204684
68,2009-03-09,3.1952292813689187
68,2009-03-10,4.0654756981877815
68,2009-03-11,6.091420433733373
68,2009-03-12,2.4279228360940808
68,2009-03-13,12.818112725635459
68,2009-03-14,12.670498213425699
68,2009-03-15,3.7655825147732958
68,2009-03-16,3.7447113922369057
68,2009-03-17,10.066348754399696
68,2009-03-18,9.297258740725475
68,2009-03-19,3.26902498888753
68,2009-03-20,10.787214751526438
68,2009-03-21,4.2278235817350325
68,2009-03-22,14.779143848061159
68,2009-03-23,19.66630948808984
68,2009-03-24,2.700821710190878
68,2009-03-25,3.5272075787391817
68,2009-03-26,31.616473638437874
68,2009-03-27,21.577633159727533
68,2009-03-28,26.91212228263952
68,2009-03-29,4.736225605270248
68,2009-03-30,0.259953488834505
68,2009-03-31,5.698950302332932
68,2009-04-01,2.373297956806219
68,2009-04-02,43.43919268605684
68,2009-04-03,18.872431822150322
68,2009-04-05,0.633446596676585
68,2009-04-06,4.326752728782292
68,2009-04-07,5.0245353204048815
68,2009-04-08,4.100791683224657
68,2009-04-09,3.386717608188492
68,2009-04-10,9.037894065131871
68,2009-04-11,2.87826901624491
68,2009-04-12,30.238011893335635
68,2009-04-14,3.5579607224936614
68,2009-04-15,2.339774276677771
68,2009-04-16,2.4697961594570743
68,2009-04-17,2.311476927548861
68,2009-04-18,154.25989739275937
68,2009-04-19,3.143689214817331
68,2009-04-20,0.23097761702068267
68,2009-04-21,1.4663400152525607
68,2009-04-22,6.821822714741925
68,2009-04-23,1.60603808857604
68,2009-04-24,1.8173400937967372
68,2009-04-25,24.60123746624225
68,2009-04-26,0.5667762222058601
68,2009-04-27,2.7351405980871664
68,2009-04-28,4.491817845988526
68,2009-04-29,3.5417032176582253
68,2009-04-30,5.693139131108355
68,2009-05-01,30.6785310055964
68,2009-05-02,6.109306517778376
68,2009-05-03,3.5363787723871183
68,2009-05-04,2.3131563907117276
68,2009-05-05,4.132624116641468
68,2009-05-06,3.7735642046932556
68,2009-05-07,2.532469344057488
68,2009-05-08,1.211252082428095
68,2009-05-09,1.3239729269543026
68,2009-05-10,1.4654312522292252
68,2009-05-11,5.809157991226006
68,2009-05-12,5.094382593042437
68,2009-05-13,1.367751737387503
68,2009-05-14,4.843286306608823
68,2009-05-15,2.129522767001783
68,2009-05-16,1.623035889757418
68,2009-05-17,10.876937233362538
68,2009-05-18,3.5036483142429216
68,2009-05-19,23.668403790978026
68,2009-05-20,6.994454258465165
68,2009-05-21,2.286620997066716
68,2009-05-22,1.431867271443754
68,2009-05-24,1.460019819890118
68,2009-05-25,6.217052889938089
68,2009-05-26,5.213951531435433
68,2009-05-27,3.885871242639544
68,2009-05-28,3.364217541421339
68,2009-05-29,1.5412127237735724
68,2009-05-30,1.985230721565908
68,2009-05-31,3.0831092313360995
68,2009-06-01,1.2170219959251767
68,2009-06-02,1.2803683554567948
68,2009-06-03,2.8593360255633606
68,2009-06-04,1.351747045127103
68,2009-06-05,20.96545527626987
68,2009-06-06,1.635043077140759
68,2009-06-07,10.594198085608197
68,2009-06-08,36.531531628250924
68,2009-06-09,29.463585529310272
68,2009-06-10,2.3654370921604655
68,2009-06-11,2.9471252616916965
68,2009-06-12,7.660548592520915
68,2009-06-13,11.450816008903105
68,2009-06-14,11.658614634559799
68,2009-06-15,7.2915441654876485
68,2009-06-16,2.453500535893465
68,2009-06-17,2.735049749751203
68,2009-06-18,2.2378856724041007
68,2009-06-19,23.230566523665736
68,2009-06-20,14.712534917461094
68,2009-06-21,27.555225811357193
68,2009-06-22,5.54113855008483
68,2009-06-23,8.05826384162549
68,2009-06-24,1.9327892083226845
68,2009-06-25,5.427624389464188
68,2009-06-26,8.125543455589892
68,2009-06-27,6.0523600705485
68,2009-06-28,35.13928522775705
68,2009-06-29,2.4722358470756656
68,2009-06-30,2.12113044005425
68,2009-07-01,2.0381669195583902
68,2009-07-02,3.542306116387894
68,2009-07-03,2.4337429165107634
68,2009-07-04,32.464701531577425
68,2009-07-05,39.177523009323004
68,2009-07-06,22.661468947782858
68,2009-07-07,18.84636747711718
68,2009-07-08,3.1994947079749627
68,2009-07-09,49.39191337799321
68,2009-07-10,6.038099062841797
68,2009-07-11,29.734075703031912
68,2009-07-12,27.46087127517775
68,2009-07-13,10.689282351133468
68,2009-07-14,25.41713776435052
68,2009-07-15,13.582729031972491
68,2009-07-16,331.90586304245375
68,2009-07-17,338.04342687104287
68,2009-07-18,3.823477726548242
68,2009-07-19,10.811696407804126
68,2009-07-20,19.583463580097487
68,2009-07-21,0.5054684696710532
68,2009-07-22,54.63670684950257
68,2009-07-23,3.0853151039388456
68,2009-07-24,30.045498265379393
68,2009-07-25,53.090403005452245
68,2009-07-26,14.55483682020118
68,2009-07-27,15.799528250987823
68,2009-07-28,8.711954836289705
68,2009-07-29,459.968926904802
68,2009-07-30,13.503043964438712
68,2009-07-31,14.753339662213746
68,2009-08-01,405.7821989666753
68,2009-08-02,15.75844504305285
68,2009-08-03,37.78109697827904
68,2009-08-04,7.787768658974926
68,2009-08-05,74.51972572071148
68,2009-08-06,31.590726385680128
68,2009-08-07,28.283555323912882
68,2009-08-08,7.469149685463234
68,2009-08-09,18.63610800673452
68,2009-08-10,44.696012255755626
68,2009-08-11,30.42358989812645
68,2009-08-13,22.810008464894352
68,2009-08-14,35.61044038271993
68,2009-08-15,47.357109107704794
68,2009-08-16,1.5311560392561387
68,2009-08-17,21.855608975778186
68,2009-08-18,11.699428419142244
68,2009-08-19,12.791203012679734
68,2009-08-20,51.024720322049646
68,2009-08-21,23.44655874609771
68,2009-08-22,3.341780245107655
68,2009-08-23,3.7710125165751207
68,2009-08-24,36.78379861312567
68,2009-08-25,12.856615553933654
68,2009-08-26,4.087104147172228
68,2009-08-27,1.7257085153993652
68,2009-08-28,7.336658719081713
68,2009-08-29,34.46750073341676
68,2009-08-30,12.594944188345604
68,2009-08-31,13.886908572747197
68,2009-09-02,10.967507643880484
68,2009-09-04,14.361669186047186
68,2009-09-05,4.367272191243527
68,2009-09-06,3.560064751397498
68,2009-09-07,3.1728054160405548
68,2009-09-08,7.185093015003586
68,2009-09-09,4.253803266331148
68,2009-09-10,3.0884580121721794
68,2009-09-11,18.561605510461312
68,2009-09-12,19.84264262191091
68,2009-09-13,27.92114523553008
69,2008-04-30,1.774382593232964
69,2008-05-01,8.50770727815537
69,2008-05-02,311.5646173531649
69,2008-05-03,269.58967390969366
69,2008-05-05,13.176005279828543
69,2008-05-06,3.8810672257924286
69,2008-05-10,13.03219778876251
69,2008-05-27,31.993901869771005
69,2008-06-27,16.90814989155033
70,2008-09-27,14.261706923366605
70,2008-09-28,168.30883094434924
70,2008-09-29,18.55214972054726
70,2008-09-30,1.2519491217567273
70,2008-10-01,47.7698343822897
70,2008-10-02,23.327976621485707
70,2008-10-06,217.02743685235274
70,2008-10-07,1.2310116752915605
71,2011-12-23,0.44984761302097037
71,2011-12-24,0.9034398034731237
71,2011-12-25,4.617002462493295
71,2011-12-26,5.396797553040315
71,2011-12-27,6.268744173045065
71,2011-12-28,8.852981625969612
71,2011-12-29,10.553375889023803
71,2011-12-30,5.999335453040407
71,2011-12-31,786.4082553244942
71,2012-01-01,1.3763009538591315
71,2012-01-02,682.9714599471441
71,2012-01-03,100.38673411532447
71,2012-01-04,4.881356745870689
71,2012-01-05,6.5521801605476755
71,2012-01-06,8.272970511832103
71,2012-01-07,6.201109697890877
71,2012-01-09,2.7350572518003284
71,2012-01-16,9.72117880292753
71,2012-01-17,2.8199664228366057
71,2012-02-01,5.849513392330857
71,2012-02-02,2.989172268059691
71,2012-02-03,4.581603882403746
71,2012-02-04,3.0381811644641963
71,2012-02-08,2.5498874595187764
71,2012-02-09,2.972500841783226
71,2012-02-16,4.744871672370646
71,2012-02-23,3.4191967297596713
71,2012-02-29,6.101669665593437
71,2012-03-01,2.9295161279623625
71,2012-03-07,2.4960235176893613
71,2012-03-08,5.338516203027744
71,2012-03-15,5.978535682583412
71,2012-03-16,2.2868496016949833
71,2012-03-18,2.5932955843876626
71,2012-03-20,11.189896888654879
71,2012-03-21,3.0294237262614327
71,2012-03-26,2.4140807853917234
71,2012-03-27,8.443174333820604
71,2012-03-28,2.4198831528138847
71,2012-03-29,10.731508117241574
71,2012-03-31,1.6665931853906915
71,2012-04-01,4.104463938324736
71,2012-04-04,19.88654017389969
71,2012-04-07,30.667528078542592
71,2012-04-08,24.698660059031273
71,2012-04-09,7.954176162592334
71,2012-04-12,15.266055836532356
71,2012-04-13,4.190865909828662
71,2012-04-14,2.216795574976629
71,2012-04-17,3.2976769300495263
71,2012-04-19,3.3838812738155966
71,2012-04-25,6.087617926981753
71,2012-04-26,2.798149162856008
71,2012-04-30,41.7339592241159
71,2012-05-01,10.083394931359976
71,2012-05-04,34.22374146043256
71,2012-05-05,100.28297776483386
71,2012-05-11,13.394777101511007
71,2012-05-12,8.589096442289229
71,2012-05-13,4.326606797573104
71,2012-05-14,2.3147549587847513
72,2007-07-20,5.108017340639388
72,2007-07-21,3.348078140914346
73,2008-05-19,0.4276855437800254
73,2008-05-21,0.3657178717640691
73,2008-05-22,0.47533134838900676
73,2008-05-23,27.607712276829464
73,2008-05-24,105.42382461993842
73,2008-05-28,71.46916573989697
73,2008-05-29,0.5905490648030133
73,2008-05-30,36.48070960790244
73,2008-05-31,157.87622658287358
73,2008-06-03,11.590603124468212
73,2008-06-05,0.42808833644874594
73,2008-06-12,0.0946346693347237
73,2008-06-19,48.306227115023916
73,2008-06-20,66.53446330599634
73,2008-06-21,0.6818979117027647
73,2008-06-24,1.0188463718585288
73,2008-06-25,0.3384238850001147
73,2008-06-29,5.715366316810324
73,2008-06-30,0.087104204906092
73,2008-07-02,0.6988795210708987
73,2008-07-05,0.2626935956145764
73,2008-07-07,0.37543977222041297
73,2008-07-08,0.392022813373847
73,2008-07-09,0.29414670707828167
73,2008-07-10,0.651969783398498
73,2008-07-11,0.6260411315393473
73,2008-07-12,1.083371815006009
73,2008-07-13,0.9197047894200738
73,2008-07-15,3.445915066807132
73,2008-07-16,3.656735977746997
73,2008-07-17,1.249811629660875
73,2008-07-18,0.2873306741864661
73,2008-07-20,1.05704082782707
73,2008-07-22,1.8164491792756448
73,2008-07-24,1.2776635564715932
73,2008-07-25,1.112528972900209
73,2008-07-26,0.8641695874269475
73,2008-07-29,1.2539999791098833
73,2008-07-30,1.4699760095416325
73,2008-07-31,3.399996721437322
73,2008-08-01,3.249463244454879
73,2008-08-02,0.0822867882158625
73,2008-08-03,3.274159957630732
73,2008-08-04,2.2211715493246036
73,2008-08-05,0.8459360504698278
73,2008-08-06,2.6855516827481876
73,2008-08-07,1.489816979622231
73,2008-08-08,1.72083707743219
73,2008-08-09,1.6205667713671568
73,2008-08-10,40.70920495134809
73,2008-08-11,0.8268253858812789
73,2008-08-12,1.5059707144265284
73,2008-08-13,1.4094302811055384
73,2008-08-14,1.2612926304119945
73,2008-08-15,1.4488093150295636
73,2008-08-16,0.41609404810626743
73,2008-08-17,0.8431783774390883
73,2008-08-18,3.009740480614515
73,2008-08-19,1.3809042109000536
73,2008-08-20,3.2208367588328137
73,2008-08-21,2.7116277551424264
73,2008-08-22,2.1685007752196452
73,2008-08-23,1.278740315253813
73,2008-08-24,3.4951021341485666
73,2008-08-25,1.670999995858352
73,2008-08-26,0.8581107022909146
73,2008-08-28,0.964074067871563
73,2008-08-29,0.8696804476111422
73,2008-08-30,1.2979395242983849
73,2008-09-01,1.071387616466258
74,2011-09-26,2.129706022916411
74,2012-01-04,3.4298240352248324
74,2012-01-05,2.813664630964311
74,2012-01-06,16.11664815107497
74,2012-01-07,24.59903844341968
74,2012-01-08,6.797276915827793
74,2012-01-09,6.40214287241391
74,2012-01-10,3.603632414362479
74,2012-01-11,8.693052585222324
74,2012-01-12,8.339021435835186
74,2012-01-13,2.843290871756628
74,2012-01-19,279.10252214349003
74,2012-01-28,641.6577248820475
74,2012-01-29,171.254188757861
74,2012-01-30,6.063098680901116
74,2012-01-31,6.805953932640324
74,2012-02-01,7.006563174907971
74,2012-02-02,7.125698683863783
74,2012-02-03,3.122168099470364
74,2012-02-06,2.8937269267353805
74,2012-02-07,6.43783461633299
74,2012-02-08,22.426724169148432
74,2012-02-09,5.767218932490589
74,2012-02-11,12.248357541656787
74,2012-02-12,5.405071574789377
74,2012-02-13,6.147177458553496
74,2012-02-14,5.3615715780772035
74,2012-02-15,3.23802854313341
74,2012-02-16,7.828077142203208
74,2012-02-17,3.1181788296719177
74,2012-02-19,8.05075588323616
74,2012-02-20,5.432820010309151
74,2012-02-21,6.657153135019476
74,2012-02-22,5.481595964835031
74,2012-02-23,5.906481602330023
74,2012-02-24,6.095625520817794
74,2012-02-25,4.528707641682249
74,2012-02-26,3.133045647112587
74,2012-02-29,2.7198951273028693
74,2012-03-01,6.255749235302563
74,2012-03-02,2.4076382945298955
74,2012-03-03,8.50129865015735
74,2012-03-04,8.880682190928766
74,2012-03-05,3.262474629171504
74,2012-03-07,6.6588879921697774
74,2012-03-08,2.727037208042544
74,2012-03-09,2.85348416278311
74,2012-03-11,8.80582139305546
74,2012-03-12,4.2836291303820575
74,2012-03-13,3.495617653920223
74,2012-03-14,5.5071778438584325
74,2012-03-15,5.432445561183122
74,2012-03-17,2.6284956722362662
74,2012-03-20,2.4545492214061135
74,2012-03-22,2.7892964797190594
74,2012-03-24,0.11394098268861061
74,2012-04-07,3.1526665503796654
74,2012-04-09,3.4529823919371823
74,2012-04-13,2.913597679814896
74,2012-04-14,59.96818025603754
74,2012-04-15,62.06427405833247
74,2012-04-22,3.0733821477573198
74,2012-04-24,5.336480206299057
74,2012-05-02,5.169730721863648
75,2011-08-03,0.16880193607035301
75,2011-08-07,3.278263557508058
75,2011-08-08,4.445442716895441
75,2011-08-09,6.501297891038666
75,2011-08-10,2.399340722903385
75,2011-08-24,12.378690720153237
75,2011-08-25,25.068159169601003
75,2011-08-27,4.70978060336002
75,2011-08-28,8.070891921140255
75,2011-08-29,5.660233183343592
75,2011-08-30,3.1894240046491515
75,2011-09-02,8.796364857011357
75,2011-09-03,6.909949287419243
75,2011-09-30,612.7454389249922
75,2011-10-01,0.14438191502875491
76,2007-04-16,31.157310852630236
76,2007-04-17,66.43885613046447
76,2007-04-18,19.068387003739108
76,2007-04-19,28.155483802978264
76,2007-04-20,54.117409735192524
76,2007-04-23,52.26394252092899
76,2007-04-24,44.62809739218623
77,2009-09-19,8.252234417325107
77,2009-09-20,41.11462228542485
78,2008-04-29,0.0011351820360970002
78,2008-04-30,5.972107790715427
78,2008-05-01,1.7446406719669774
78,2008-05-02,1.5812717589534386
78,2008-05-03,23.905890677812447
78,2008-05-05,0.9882527162483046
78,2008-05-06,1.4228645879758828
78,2008-05-07,1.7845280311440492
78,2008-05-08,1.4980433509311497
78,2008-05-09,1.2167455333437978
78,2008-05-10,1.291664068844291
78,2008-05-11,7.699741601903454
78,2008-05-12,0.8615725912324461
78,2008-05-13,0.7062160617531531
78,2008-05-17,22.321462962552033
78,2008-05-18,7.175120082254298
78,2008-05-19,2.840527100880376
78,2008-05-20,1.6574376656373833
78,2008-05-21,0.8520042920360211
78,2008-05-22,0.6163196894447766
78,2008-05-23,0.5639927499511829
78,2008-05-24,55.69466326935497
78,2008-05-25,0.037284963790326926
78,2008-05-26,0.5388531898907324
78,2008-05-27,0.024078103394781617
78,2008-05-28,1.9035094247949909
78,2008-05-29,5.150232263401766
78,2008-05-30,45.3763759572097
78,2008-05-31,1.3457630164072227
78,2008-06-01,1.152310517650598
78,2008-06-03,0.5651789861269281
78,2008-06-04,0.8219893780008655
78,2008-07-21,1.7156413595564963
78,2008-07-22,0.8240793231416759
78,2008-07-23,2.1633865593885244
78,2008-07-25,276.72757946531283
78,2008-07-26,11.141514200207089
78,2008-07-27,284.90571217246764
78,2008-07-28,1.5123556016361122
78,2008-07-29,0.714000971240118
78,2008-08-03,1.2990213639639208
78,2008-08-04,1.7391357685044453
78,2008-08-05,1.0572990714732862
78,2008-08-06,0.6050622744101326
78,2008-08-07,3.258969022726755
78,2008-08-08,2.227317845367083
78,2008-08-09,3.7831640134671627
78,2008-08-14,0.7515254034820961
78,2008-08-15,1.9603152973738844
78,2008-08-16,11.85857205834824
78,2008-08-17,1.7892740290583675
78,2008-08-18,2.424421670226211
78,2008-08-19,3.279802389015519
78,2008-08-20,1.579127074181215
78,2008-08-21,1.6520526592319529
78,2008-08-22,2.340576783154679
78,2008-08-24,32.75368735391693
78,2008-08-25,5.917854621993507
78,2008-08-26,0.8818485841384136
78,2008-08-27,1.8749970527973472
78,2008-08-29,0.695074569991111
79,2010-05-24,7.92960938353911
79,2010-05-25,15.912621875101738
79,2010-05-27,14.243172295455631
79,2010-05-28,8.559952341971865
79,2010-05-29,24.536885711458858
79,2010-05-30,9.743670262520611
79,2010-05-31,9.713298171353385
79,2010-06-01,8.851358186709893
79,2010-06-03,22.76461137068255
79,2010-06-05,22.607431333684442
79,2010-06-06,11.414280640901136
79,2010-06-09,10.44086238534255
79,2010-06-10,12.311156829944933
79,2010-06-11,5.7431890619233705
79,2010-06-12,10.522669701705622
79,2010-06-14,25.20571772545966
79,2010-06-16,57.05808927475576
80,2007-06-27,3.728110029307746
80,2007-06-29,24.3453904486381
80,2007-07-04,14.378339765344283
80,2007-07-05,14.799013315100176
80,2007-07-06,17.486016071643945
81,2008-05-09,1.1508055369660628
81,2008-05-10,4.007857862461072
81,2008-05-11,11.521352795554265
81,2008-05-12,14.212834510798029
81,2008-05-22,3.2310050872875706
81,2008-05-23,48.92082952377788
81,2008-05-24,15.932625640913805
81,2008-05-29,10.078818646544935
81,2008-05-30,43.8299213943855
81,2008-05-31,2.477319131926246
81,2008-06-02,3.2785827503342095
81,2008-06-03,1.222940766866276
81,2008-06-05,2.549620825362954
81,2008-06-07,12.133454298114795
81,2008-06-08,1.2990153091636805
81,2008-06-19,0.972590937723121
81,2008-06-20,5.659371003524614
81,2008-06-21,20.032224372288823
81,2008-06-22,18.014055950382726
81,2008-07-21,1.8297477238610753
81,2008-07-22,1.997339855296317
81,2008-07-23,0.18335915915256912
81,2008-07-24,15.852400896046884
81,2008-07-25,17.170793220231566
81,2008-07-26,5.317678904398883
81,2008-07-27,0.59512539777186
81,2008-07-28,1.0382130851871365
81,2008-07-30,8.075669376263956
82,2007-05-24,1.0540277614296616
82,2007-06-06,3.48973196838706
82,2007-06-07,1.0506823070007094
82,2007-06-08,0.2547972334157861
82,2007-06-12,0.353926816372156
82,2007-06-14,1714.0313623295442
82,2007-06-15,2.1593575441499855
82,2007-06-19,1707.5499302610963
82,2007-06-20,0.9388584911393594
82,2007-06-21,0.2902429593680996
82,2007-06-22,0.2730998106616166
82,2007-06-23,0.5047318859773237
82,2007-06-25,0.7027224892816942
82,2007-06-26,0.1822118591941105
82,2007-11-28,26.01146176129582
82,2008-05-16,24.455373811069194
82,2008-07-30,6.770365743959691
82,2008-07-31,22.638998692882815
82,2008-08-01,8554.335774914372
82,2008-08-02,1.5388509566178985
82,2008-08-03,4.5296275242103965
82,2008-08-04,5.940291148918751
82,2008-08-05,1.6181253413170236
82,2008-08-06,5.624296448068435
82,2008-08-08,1.0708503000095635
82,2008-08-13,2.6052734645624875
82,2008-08-14,3.167555711713597
82,2008-08-15,1.1464969982688031
82,2008-08-16,82.61477514777359
82,2008-08-17,104.52257252593807
82,2008-08-18,20.475732358606283
82,2009-03-07,8652.467816363489
82,2009-03-08,5.641423087269046
82,2009-03-09,24.338337721388303
82,2009-03-10,38.57793353395584
82,2009-03-11,55.079058646365496
82,2009-03-12,14.012010784988727
82,2009-03-16,21.462985059558633
82,2009-03-17,5.809942212533729
82,2009-03-18,29.563130418292126
82,2009-03-19,28.126208801098937
82,2009-03-20,29.09406099743477
82,2009-03-22,21.198704249791255
82,2009-03-23,56.82573682053638
82,2009-03-24,13.979371460407286
82,2009-03-25,15.741679080727726
82,2009-03-27,46.938261490566454
82,2009-03-28,14.097193472600834
82,2009-03-30,61.68755088548002
82,2009-03-31,13.869121918888808
82,2009-04-01,38.47976667994615
82,2009-04-02,41.71549798934966
82,2009-04-03,29.293531996023738
82,2009-04-04,62.35092033844872
82,2009-04-08,13.597147159733723
82,2009-04-09,14.28734771787757
82,2009-04-11,30.292459356946136
82,2009-04-13,15.506994677548853
82,2009-04-14,31.142411853629817
82,2009-04-16,20.116758075876852
82,2009-04-17,27.50572685291207
82,2009-04-18,10.812880992644617
82,2009-04-19,13.841976197872382
82,2009-04-20,13.825644057135982
82,2009-04-23,14.335896360872107
82,2009-04-24,29.81605988110835
82,2009-04-26,3.994490192155845
82,2009-04-27,14.057361346875163
82,2009-05-03,14.915521066903006
82,2009-05-04,19.53548055995447
82,2009-05-05,14.423887788537293
82,2009-05-06,31.9119029002853
82,2009-05-07,12.916541297032516
82,2009-05-10,14.775591471839506
82,2009-05-11,12.394790602698146
82,2009-05-13,27.744776862946
82,2009-05-15,34.62721280323329
82,2009-05-16,20.784364730638302
83,2009-01-08,8.485601370406524
83,2009-01-09,868.0820881361375
83,2009-01-10,24.785980528740257
83,2009-01-12,8.13759214494843
83,2009-01-13,20.677871911137952
83,2009-01-14,104.94822224591773
83,2009-01-24,20.08292914518328
83,2009-01-25,11.612420196629229
83,2009-01-26,29.399485705917336
83,2009-01-27,16.938343551976
83,2009-01-30,21.640184465857136
83,2009-02-03,3.5895870772931042
83,2009-02-09,8.258171210155899
83,2009-02-19,1.3173471629203692
83,2009-02-20,7.552289739481084
83,2009-02-21,38.44731237659399
83,2009-03-05,11.561634347866404
83,2009-03-06,288.73168358013714
83,2009-03-08,293.1372361213332
83,2009-03-09,4.266434228430339
83,2009-03-25,9.615030320366165
83,2009-06-10,0.7557962327896441
83,2009-09-14,0.970175741718641
83,2009-09-15,3.5427284904323546
83,2009-09-19,36.642095075918796
83,2009-09-20,3.1493121206618766
83,2009-09-22,0.6826665619697546
83,2009-09-23,1.1159948556653123
83,2009-09-24,0.8083368343701691
83,2009-09-25,0.5214168401272083
83,2009-09-28,0.561937025135063
84,2008-07-21,8.086100560712245
84,2008-07-22,32.36608845507372
84,2008-07-23,14.375063487849095
84,2008-07-24,19.473339310668706
84,2008-07-25,21.914781193116305
84,2008-07-26,18.794369544240766
84,2008-07-27,1.041868115657563
84,2008-07-31,3.4033694131924017
84,2008-08-01,10.001592428287843
84,2008-08-03,33.35405135190112
84,2008-08-18,7.414166416295973
84,2008-08-19,20.989724484000572
84,2008-08-20,13.404374004694038
84,2008-08-21,12.228256641516094
84,2008-08-22,8.821398413266818
84,2008-08-24,105.79990390567241
84,2008-08-25,14.48951391476832
84,2008-08-26,30.709135869212894
84,2008-08-28,738.6091208806861
84,2008-08-31,724.6925502575953
84,2008-09-01,188.01101964843608
84,2008-09-08,13.924165906023202
84,2008-09-09,16.304549536287542
84,2008-09-10,17.91417736892096
84,2008-09-11,1.9584697951712196
84,2008-09-12,11.016753047071989
84,2008-09-13,22.46954154230034
84,2008-09-14,190.75095746966002
84,2008-09-15,6.976071194761992
84,2008-09-16,21.070244004526195
84,2008-09-17,30.699670411770505
84,2008-09-18,17.324664008718813
84,2008-09-19,32.446646668455024
84,2008-09-20,16.912998856791212
84,2008-09-21,7.043084781958058
84,2008-09-22,34.065663061310815
84,2008-09-23,24.188744668643253
84,2008-09-24,25.968200787777164
84,2008-09-25,745.1494507740026
84,2008-09-26,22.348764485193968
84,2008-09-27,27.304204069854457
84,2008-09-28,29.09861185939506
84,2008-09-30,20.32132387861697
84,2008-10-06,659.0344623031604
84,2008-10-07,12.87465630497061
84,2008-10-08,20.140074185429906
84,2008-10-09,22.345826278198164
84,2008-10-10,20.331022385242097
84,2008-10-11,6.292807952263039
84,2008-10-12,12.968623137239614
84,2008-10-13,53.436805323580415
84,2008-10-14,15.935105265227746
84,2008-10-15,27.871875373990342
84,2008-10-16,55.78640606104923
84,2008-10-17,19.69784950970608
84,2008-10-18,15.150291191310473
84,2008-10-19,19.65766588286863
84,2008-10-20,18.52726937271712
84,2008-10-21,29.543434019738697
84,2008-10-22,20.90532478318289
84,2008-10-23,21.43263636580308
84,2008-10-24,20.567807292642357
84,2008-10-25,24.94630109926045
84,2008-10-26,4.387441181041695
84,2008-10-27,28.450600977246726
84,2008-10-28,21.353489972143816
84,2008-10-29,25.324343222682185
84,2008-10-30,47.46147478026974
84,2008-10-31,15.333317800318321
84,2008-11-01,27.120899080658678
84,2008-11-02,66.64916107286949
84,2008-11-03,25.719023529894883
84,2008-11-04,35.321889131853034
84,2008-11-05,21.645456966145225
84,2008-11-06,41.201309663076344
84,2008-11-08,51.86929930036616
84,2008-11-26,41.97149357044095
84,2008-11-27,46.07534158636877
84,2008-11-28,49.56983230399985
84,2008-11-29,119.39550088794051
84,2008-11-30,15.428302521949835
84,2008-12-01,37.020643936549696
84,2008-12-02,24.62527793164832
84,2008-12-03,35.022199565268494
84,2008-12-04,37.625627721691835
84,2008-12-05,14.460357912692597
84,2008-12-06,53.48392798646153
84,2008-12-07,51.006734718600356
84,2008-12-08,18.686638099076916
84,2008-12-09,35.73490046389272
84,2008-12-10,21.331048710899015
84,2009-01-18,0.2402103131150389
84,2009-01-19,0.13392079796557207
84,2009-04-04,23.990726639574195
84,2009-04-05,26.528429432486774
84,2009-04-06,52.2112054262576
84,2009-04-07,8.992822902360796
84,2009-04-08,10.479452463357928
84,2009-04-09,9.40008066779335
84,2009-04-10,9.978120197846225
84,2009-04-11,100.57363376211755
84,2009-04-13,19.62867292070292
84,2009-04-14,9.511545269564076
84,2009-04-15,18.334569693000443
84,2009-04-17,91.15620157415496
84,2009-04-18,85.91560401999006
84,2009-04-26,33.9837625469446
84,2009-04-27,27.861163765430003
84,2009-04-28,9.494868207345526
84,2009-05-01,69.31747889163016
84,2009-05-02,289.813804218922
84,2009-05-03,273.2869249636988
84,2009-05-04,17.155207466217167
84,2009-05-05,46.714568553391395
84,2009-05-06,18.85433960831622
84,2009-05-08,17.80199627247582
84,2009-05-09,12.293105028306579
84,2009-05-10,11.405826245433571
84,2009-05-15,43.942304833305165
84,2009-05-16,116.63232088032572
84,2009-05-17,39.304011748139224
84,2009-05-18,92.1805884472142
84,2009-05-19,9.2632877399957
84,2009-05-23,17.651132988716846
84,2009-05-24,30.723565744563608
84,2009-05-25,31.677970039520993
84,2009-05-29,37.46600715035476
84,2009-05-31,11.222945151940605
84,2009-06-01,19.4065078316654
84,2009-06-02,9.55662305854322
84,2009-06-03,18.713352945540734
84,2009-06-05,18.218949989319736
84,2009-06-06,20.382994699135903
84,2009-06-14,8664.525094526809
84,2009-06-20,27.489947461528388
84,2009-06-21,36.59612344271881
84,2009-06-22,35.53378180131403
84,2009-07-03,8643.769482103758
84,2009-07-04,4.951216674263319
84,2009-07-05,21.869448994923957
84,2009-07-11,20.890269637402053
84,2009-07-17,7.238173803812893
84,2009-07-18,48.139305581503905
84,2009-07-19,53.20016966214646
84,2009-07-24,22.02137108654787
84,2009-07-25,70.58968422462411
84,2009-07-27,33.927320582164825
84,2009-07-29,61.20283462048819
84,2009-07-30,83.55824520823472
84,2009-08-01,144.2014837303192
84,2009-08-02,22.340028663579744
84,2009-08-07,8.357689954738195
84,2009-08-08,120.76824209875062
84,2009-08-13,9.133805583710807
84,2009-08-16,29.9493062547378
84,2009-08-19,16.70210313040762
84,2009-08-21,1852.229626229995
84,2009-08-22,891.7521012546792
84,2009-08-29,35.52993418359943
84,2009-08-30,16.031365979610154
84,2009-09-01,9.237985166315303
84,2009-09-03,23.61627417211766
84,2009-09-04,9.687292183915972
84,2009-09-05,19.931624059102557
84,2009-09-06,48.684312800628675
84,2009-09-07,9.108022963725691
84,2009-09-08,40.341059291403624
84,2009-09-11,8.539931168671117
85,2008-02-13,3.4015744758297237
85,2008-02-16,8.521602913438498
85,2008-02-20,21.23648516915575
85,2008-02-21,4.150173533443723
85,2008-02-26,5.52187924492624
85,2008-02-27,9.753323482147035
85,2008-02-28,11.605618866106465
85,2008-02-29,18.371493315434154
85,2008-03-01,1.0782431395227652
85,2008-03-03,6.581874450516517
85,2008-03-06,2.605154786496706
85,2008-03-15,25.35388639419837
85,2008-03-16,19.50629779815312
85,2008-05-01,12.945019011302591
85,2008-05-02,10.370350058704444
85,2008-05-03,5.928924290967497
85,2008-05-05,3.955648258045687
85,2008-05-06,6.182297207243138
85,2008-05-07,10.635713378371452
85,2008-05-10,4.170079356749503
85,2008-05-11,3.455328797545207
85,2008-05-12,6.258168336162402
85,2008-05-13,3.596327387149932
85,2008-05-14,3.176918657407721
85,2008-05-15,8.88794106251368
85,2008-05-16,3.5630260370841795
85,2008-05-17,27.104713762050405
85,2008-05-18,4.013775764724016
85,2008-05-19,7.0954050532961785
85,2008-05-20,8.558453367098656
85,2008-05-21,18.28645110852842
85,2008-05-22,30.086970873581144
85,2008-05-23,3.6573282004431165
85,2008-05-24,27.416611773892022
85,2008-05-25,22.831408920900255
85,2008-05-26,13.213626649430253
85,2008-05-27,3.4657945989060304
85,2008-05-28,15.46490387820449
85,2008-05-29,6.656955515591066
85,2008-05-30,24.91035171459859
85,2008-07-21,8.156823818261918
85,2008-07-22,32.36608845507372
85,2008-07-23,14.375063487849095
85,2008-07-24,19.473339310668706
85,2008-07-25,21.914781193116305
85,2008-07-26,18.794369544240766
85,2008-07-27,1.041868115657563
85,2008-07-31,3.4033694131924017
85,2008-08-01,10.001592428287843
85,2008-08-03,33.35405135190112
85,2008-08-26,13.630746722538714
85,2008-08-29,4.278373914058007
85,2008-08-30,18.835138098240712
85,2008-08-31,4.466487150595037
85,2008-09-01,2.673787420366993
85,2008-09-02,17.679790795677974
85,2008-09-03,6.235174501220878
85,2008-09-04,3.4628559416684817
85,2008-09-07,2.635168971221275
85,2008-09-09,0.933488317010356
85,2008-09-10,5.41720635617709
85,2008-09-11,6.21776072878201
85,2008-09-12,10.451033859988621
85,2008-09-13,39.7456592506652
85,2008-09-16,11.195261368818217
85,2008-09-17,4.091768144569764
85,2008-09-18,105.07233595250568
85,2008-09-24,89.19077547755552
85,2008-09-25,34.11345880708685
85,2008-09-26,12.203004266255377
85,2008-09-27,2.3357557636749737
85,2008-09-29,33.966967789062544
85,2008-10-09,0.793319646492947
85,2008-10-10,16.41712623004727
85,2008-10-11,1.8225708737050965
85,2008-10-12,3.717449606185821
85,2008-10-14,10.067288659503202
85,2008-10-15,7.51113483485939
85,2008-10-16,15.345400817672322
85,2008-10-17,6.760276616927552
85,2008-10-18,38.401399752870475
85,2008-10-19,5.6856870970097555
85,2008-10-20,14.717074907809305
85,2008-10-21,2.591063140942874
85,2008-10-22,11.376659855079115
85,2008-10-23,12.56006203585297
85,2008-10-24,8.651694809627001
85,2008-10-25,9.353105396109624
85,2008-10-26,18.711307300997248
85,2008-10-27,1.2413620333660222
85,2008-10-28,16.602327508720396
85,2008-10-29,7.952183871966688
85,2008-10-30,17.31424736928292
85,2008-10-31,9.477166111920734
85,2008-11-01,14.108053878784379
85,2008-11-02,9.67030657894758
85,2008-11-03,11.630676970110024
85,2008-11-04,9.15036524284685
85,2008-11-05,19.29227939791882
85,2008-11-06,10.075544741036511
85,2008-11-07,8.296675593558325
85,2008-11-08,11.98918939481384
85,2008-11-09,8.572420018346515
85,2008-11-10,17.51293505988694
85,2008-11-11,10.170009318137215
85,2008-11-12,12.331521578844512
85,2008-11-13,3.83041802715386
85,2008-11-14,6.791857519609053
85,2008-11-15,55.48315580320531
85,2008-11-16,6.4867308301883435
85,2008-11-17,5.839965618572508
85,2008-11-18,1.4451084848306888
85,2008-11-25,2.121443576816347
85,2008-11-26,9.734221702185392
85,2008-11-27,3.397172839022223
85,2008-11-28,4.238325118051486
85,2008-11-29,12.926492087779573
85,2008-11-30,14.161668763205064
85,2008-12-01,1.1178471218374502
85,2008-12-02,24.3317779915276
85,2008-12-03,4.677993990009465
85,2008-12-04,2.547898093302315
85,2008-12-05,7.503604473465891
85,2008-12-06,5.033369312625467
85,2008-12-07,6.3240754887490205
85,2008-12-08,6.887935495139032
85,2008-12-09,12.665253943257289
85,2008-12-10,4.249451780348196
85,2008-12-11,9.06689083947251
85,2008-12-12,6.258567448550463
85,2008-12-14,36.898260476287284
85,2008-12-15,4.581007319646444
85,2008-12-16,6.865373836241279
85,2008-12-17,8.741468265313614
85,2008-12-18,11.298175127466804
85,2008-12-19,8.260060275010586
85,2008-12-21,1.4482421097337275
85,2008-12-22,4.9746304484796395
85,2008-12-23,2.854177781418766
85,2008-12-24,11.675685614527753
85,2008-12-25,7.867561468032723
85,2008-12-26,9.885547753276223
85,2008-12-27,0.9219417340920018
85,2008-12-28,6.811564198774461
85,2008-12-29,5.728947793469099
85,2008-12-30,14.150122044907613
85,2008-12-31,15.018100218689925
85,2009-01-01,0.816326418256581
85,2009-01-02,79.65280016462113
85,2009-01-04,5.062373674335317
85,2009-01-05,9.909619566137756
85,2009-01-06,3.139998533629593
85,2009-01-07,6.727310898305944
85,2009-01-08,9.003575333578118
85,2009-01-09,6.675387611779703
85,2009-01-10,2.6502168253030574
85,2009-02-23,8.741320339545046
85,2009-02-24,6.384458810878679
85,2009-03-02,5.3067831479841265
85,2009-03-06,31.52083512198929
85,2009-03-07,32.98668209486839
85,2009-03-09,28.70507687430649
85,2009-03-13,3.878256650053605
85,2009-03-14,16.32961959710733
85,2009-03-16,5.243492316419723
85,2009-03-17,8.666282311619144
85,2009-03-18,9.264958428411008
85,2009-03-20,3.794492392579624
85,2009-03-21,30.49154264438247
85,2009-03-22,22.214208355766885
85,2009-03-23,10.393310329637094
85,2009-03-24,8.87334545021781
85,2009-03-26,9.477839786846163
85,2009-03-27,4.399689246639549
85,2009-03-29,32.13767385883664
85,2009-03-31,16.61132809574131
85,2009-04-01,4.399725918237888
85,2009-04-02,20.97542974834283
85,2009-04-03,4.408126950079518
85,2009-04-04,4.454250337821763
85,2009-04-05,2.9159058526211905
85,2009-04-06,16.19437371456555
85,2009-04-07,8.28246301819513
85,2009-04-08,8.924046836612424
85,2009-04-09,10.766199780823184
85,2009-04-10,4.46110649288453
85,2009-04-11,32.11339347566563
85,2009-04-12,98.22082726078294
85,2009-04-13,26.263235887195023
85,2009-04-14,7.831250705644663
85,2009-04-15,8.506258295393646
85,2009-04-16,13.033242807432517
85,2009-04-18,31.01455039976517
85,2009-04-19,4.087759726586432
85,2009-04-20,27.62509858864261
85,2009-04-21,12.814152703554837
85,2009-04-22,5.175153428859337
85,2009-04-24,4.4449478374679865
85,2009-04-25,21.612440912531742
85,2009-04-26,4.581937055986185
85,2009-04-27,4.950820472535112
85,2009-04-28,4.238486566721189
85,2009-04-29,8.08584181698438
85,2009-05-02,3.4129578378511316
85,2009-05-03,24.42765370945409
85,2009-05-04,5.76100397141525
85,2009-05-06,17.02699714826457
85,2009-05-07,6.57513085491122
85,2009-05-08,4.190181911073983
85,2009-05-09,16.10901464347645
85,2009-05-10,10.267755998323441
85,2009-05-12,4.051898130555387
85,2009-05-13,0.040269050428758064
85,2009-05-14,27.52742449152641
85,2009-05-15,19.571642366181777
85,2009-05-16,26.90477965557761
85,2009-05-17,36.35301954787483
85,2009-05-18,1.82278966384544
85,2009-05-19,36.49384180193315
85,2009-05-20,19.74170490390587
85,2009-05-21,26.284780912939855
85,2009-05-22,26.307304849903907
85,2009-05-23,20.13747682094243
85,2009-05-24,19.951005538673332
85,2009-06-10,8.335447883069993
85,2009-06-11,28.170039139817302
85,2009-06-13,19.657184312188456
85,2009-06-14,21.232977352114048
85,2009-06-15,28.23834079445
85,2009-06-17,24.681659204079853
85,2009-06-18,4.412249387336478
85,2009-06-19,23.625768817992977
85,2009-06-20,30.077447603507164
85,2009-06-22,28.81658444661273
85,2009-06-23,38.720150710951756
85,2009-06-24,19.069312527202566
85,2009-06-25,0.23312098412719662
85,2009-06-26,20.725300579812846
85,2009-06-27,32.51752053532215
85,2009-06-28,14.33906930419078
85,2009-06-29,34.24987021191651
85,2009-07-01,29.346819732938272
85,2009-07-02,0.5032022879300769
85,2009-07-03,26.458133761122067
85,2009-07-04,14.81806969337805
85,2009-07-05,92.07942775088902
85,2009-07-06,8.416092779497834
85,2009-07-07,6.4418904035108575
85,2009-07-08,20.2523674934018
85,2009-07-28,4.830761852452933
85,2009-07-29,8.40816954927919
85,2009-07-31,20.06988157292235
85,2009-08-03,14.114610467133954
85,2009-08-06,26.703057285648555
85,2009-08-08,40.37334807872234
85,2009-08-10,12.682240382151207
85,2009-08-11,10.00235922520796
85,2009-08-12,25.290428919298343
85,2009-08-13,12.882374910292791
85,2009-08-15,25.806602139656306
85,2009-08-19,23.785698689485212
85,2009-08-20,13.210336567705092
85,2009-08-21,15.463592810433154
85,2009-08-23,1.209286063516831
85,2009-08-24,16.386985155570542
85,2009-08-25,16.235539515778516
85,2009-08-26,31.633931041867392
85,2009-08-27,38.899356996004556
85,2009-08-28,14.294937972635195
85,2009-08-31,29.59996879017855
85,2009-09-01,18.480056115084476
85,2009-09-02,149.85789599439008
85,2009-09-03,9.202403193427884
85,2009-09-04,158.24979550395682
85,2009-09-07,27.081686966169993
85,2009-09-08,29.189656185833567
85,2009-09-09,30.562151335530356
85,2009-09-10,28.817828158609267
85,2009-09-11,25.692702065224832
85,2009-09-12,6.639541939824962
85,2009-09-13,15.101183438938328
85,2009-09-14,26.71695342199407
85,2009-09-15,24.805560591041818
85,2009-09-16,30.532727150131002
85,2009-09-17,28.34449628723659
85,2009-09-18,32.43842855407201
85,2009-09-20,1.1869205485483214
85,2009-09-21,16.009380182957717
85,2009-09-22,27.801925437170716
85,2009-09-23,30.614729095844417
85,2009-09-24,27.72934577061122
85,2009-09-25,19.575928735704693
85,2009-09-27,27.85805653671315
85,2009-09-28,29.028544783778063
86,2007-04-30,33.66083551879463
86,2007-05-03,4.720710163863783
86,2007-05-04,13.058142616235317
86,2007-05-05,14.172125625717712
86,2007-05-06,51.9318797760819
86,2007-05-07,6.270409504095357
87,2007-08-15,1.127688323787272
87,2007-08-16,0.4286539968529554
87,2007-08-17,1.0920257312905348
87,2007-08-18,1.4101490451174319
87,2007-08-19,0.2786608268986541
87,2007-08-20,0.39462648915226667
88,2008-09-26,4.224407022827103
88,2008-09-27,7.003869880915993
88,2008-09-28,8.192569903838876
88,2008-09-29,10.7277209605107
88,2008-09-30,1.8544440580533588
88,2008-10-01,15.84929060601284
88,2008-10-02,0.994088502650119
88,2008-10-03,7.199148583466657
88,2008-10-04,10.78683536493632
88,2008-10-05,14.417920969950561
88,2008-10-06,30.99272463856715
88,2008-10-07,4.004360066548593
88,2008-10-08,12.26396243248846
88,2008-10-09,1.718515343539263
88,2008-10-10,3.6306566537232916
88,2008-10-11,14.661980762951853
88,2008-10-12,7.244895909634849
89,2008-04-11,10.41199802549872
89,2008-04-14,21.512120030704946
89,2008-04-15,10.726634484247517
89,2008-04-16,18.818901873656436
89,2008-04-18,21.384225728622223
89,2008-04-19,19.502247355383684
89,2008-04-21,11.076308225872468
89,2008-04-22,13.040505926815484
89,2008-04-23,34.45550994226065
89,2008-04-24,22.029181676947825
89,2008-04-25,13.763694204450616
89,2008-04-26,20.9712628158991
89,2008-04-28,21.23637754867925
89,2008-04-30,21.65914560244011
89,2008-05-01,77.85761256982234
89,2008-05-02,3.50694401925003
89,2008-05-03,75.03633378570882
89,2008-05-05,22.215966615404497
89,2008-05-06,22.318719356256064
89,2008-05-07,10.927695304099165
89,2008-05-08,11.343661054730847
89,2008-05-09,22.455206366458974
89,2008-05-10,5.664166501466671
89,2008-05-11,31.365247718190133
89,2008-05-13,9.154324070508363
89,2008-05-17,87.22151408995013
89,2008-05-18,11.362085149311369
89,2008-05-27,49.58886376592546
89,2008-05-28,21.386568510590394
89,2008-06-01,49.01556334062055
89,2008-06-02,21.328283491136684
89,2008-06-04,10.563343056381296
89,2008-06-07,270.0876396205613
89,2008-06-08,112.322265053217
89,2008-06-30,129.05091966606392
89,2008-07-01,22.257180677088346
89,2008-07-02,19.796922024046346
89,2008-07-03,18.63089241488952
89,2008-07-04,11.244230344988141
89,2008-07-07,23.09900109922979
89,2008-07-08,19.556749118328753
89,2008-07-10,11.35823712688865
89,2008-08-01,2678.833895464419
90,2007-07-22,31.503448647026126
90,2007-07-23,6.999340604509521
90,2007-07-24,0.818280116385092
90,2007-07-26,9.934347260191444
90,2007-07-27,1.7007101499113053
90,2007-07-29,0.89443515420518
91,2007-08-09,0.671054735746809
91,2007-08-10,1.9846145096034762
91,2007-08-14,2.470964761694344
91,2007-08-15,3.1120585451161444
91,2007-08-21,3.1521478156172873
91,2007-08-22,3.008889736577708
91,2007-11-05,2.8624571607150964
91,2007-11-06,3.98727775831301
91,2007-11-08,2.627258865595959
91,2007-11-09,5.659731533691583
91,2007-11-12,4.269380516095044
91,2007-11-14,1.5295476714842793
91,2007-11-15,3.631783236904671
91,2007-11-16,5.663079112219784
91,2007-11-19,0.5242968587428445
91,2007-11-20,6.468396394514916
91,2007-11-21,3.510191473993206
91,2007-11-22,17.065306127568917
91,2007-11-23,11.281008046273174
91,2007-11-24,21.465422898617966
91,2007-11-26,15.280246546049964
91,2007-11-27,1.858437689223006
91,2007-11-28,9.168959517516814
91,2007-11-29,7.72490192987092
91,2007-11-30,9.777018641821014
91,2007-12-03,2.317829186930301
91,2007-12-04,3.291381488720113
91,2007-12-05,9.368762336009652
91,2007-12-06,13.71342977524177
91,2007-12-07,14.793805812686989
91,2007-12-08,23.22197352971982
91,2007-12-09,7.5141366056120145
91,2007-12-10,8.380808493542528
91,2007-12-11,8.56103026584583
91,2007-12-12,5.384154769578224
91,2007-12-14,1056.1221506549457
91,2007-12-19,838.8710177759773
91,2007-12-20,7.2293651526567935
91,2007-12-21,6.951531123317096
91,2007-12-22,51.70448729405701
91,2007-12-23,8.7335688009091
91,2007-12-24,39.36842360510269
91,2007-12-25,3.7788132490837527
91,2007-12-26,3.640236505703272
91,2007-12-29,15.046250730688616
91,2007-12-30,22.612890715272382
91,2007-12-31,25.263051046274256
91,2008-01-01,19.489841671443735
91,2008-01-03,24.98402404178122
91,2008-01-04,7.791323302270041
91,2008-01-05,2.5846974786832155
91,2008-01-06,7.38141149732373
91,2008-01-07,5.504006110951982
91,2008-01-08,3.1987950032545966
91,2008-01-09,2.290452273751607
91,2008-01-10,5.04831067956325
91,2008-01-11,2.4625585613190557
91,2008-01-14,4.725849741808917
91,2008-01-15,49.333650072183445
91,2008-01-17,0.7522601234958362
91,2008-01-18,45.83871238514496
92,2007-11-30,2.7040680332772853
92,2007-12-01,3.7006577661520748
92,2007-12-02,2.0914880077399713
92,2007-12-04,0.8075628182576327
92,2007-12-05,21.85063339598412
92,2007-12-07,5.015414142083749
92,2007-12-08,2.30927963488595
92,2007-12-10,3.2313402203213957
92,2007-12-11,2.113216550635443
92,2007-12-14,4.957078387489891
92,2007-12-15,2.7737603845770216
92,2007-12-16,7.872783548738971
92,2007-12-17,4.2960453059586285
92,2007-12-18,2.7872209786407454
92,2007-12-19,2.0291712617877984
92,2007-12-20,2.6640631069247003
92,2007-12-21,7.340419835541678
92,2007-12-23,4.440624913048349
92,2007-12-27,5.469970783852439
92,2007-12-28,40.14256794458971
92,2007-12-30,37.31944619529643
92,2008-01-01,29.887010369949962
92,2008-01-05,2.8973959854558284
92,2008-01-09,19.616687384362994
92,2008-01-10,1.9154698880703074
92,2008-01-11,8.252742433187588
92,2008-01-17,29.303925742394597
92,2008-01-18,52.138773630473665
92,2008-01-19,1.893217065573535
92,2008-01-21,25.393208923602316
92,2008-01-22,29.136682126278146
92,2008-01-23,24.359939674523996
92,2008-01-24,26.485415694668493
92,2008-01-25,44.58026262063291
92,2008-01-27,34.072126410317004
92,2008-01-28,23.50399808903202
92,2008-01-29,12.531796867487365
92,2008-02-25,42.32586292631941
92,2008-02-26,54.90252693959689
92,2008-03-01,39.035436202093166
92,2008-03-03,1.9275023880698667
92,2008-03-04,11.736260430542504
92,2008-03-08,11.995192498139373
92,2008-03-10,23.05726297643049
92,2008-03-11,82.28741106812838
92,2008-03-16,23.707005367325653
92,2008-03-17,11.75998205385232
92,2008-03-18,36.01778854408216
92,2008-03-19,8.341318048876744
92,2008-03-22,22.044902031401577
92,2008-03-24,47.335467039332535
92,2008-03-26,14.539610453161588
92,2008-03-28,6.569009392258744
92,2008-03-29,5.242697829353686
92,2008-03-30,8.041863740472516
92,2008-03-31,45.218152845080816
92,2008-04-02,195.51929205884434
92,2008-04-05,7.85963062239101
92,2008-04-12,14.207988602100027
92,2008-04-13,5.602794549926473
92,2008-04-14,3.0626450661048987
92,2008-04-19,8.759004245769669
92,2008-04-20,5.5291940623852796
92,2008-05-02,42.67850482504837
92,2008-05-04,3.637872688145151
92,2008-05-05,7.590774229165769
92,2008-05-10,9.455135661974188
92,2008-05-12,27.44948297961683
92,2008-05-14,1.8202352028410325
92,2008-05-16,0.4368097880136987
92,2008-05-17,6.148696773983888
92,2008-05-18,56.48529554689732
92,2008-05-20,27.632485825166125
92,2008-05-27,8.805982664195101
92,2008-05-28,10.19574029175867
92,2008-05-30,0.09632826108114889
92,2008-05-31,8.118394851338238
92,2008-06-09,9.363753163333342
92,2008-06-15,9.266149857877851
92,2008-06-20,31.58344095132033
92,2008-06-21,1.8465386226564167
92,2008-06-26,8.505786877645559
92,2008-06-29,8.227183274490041
92,2008-07-03,20.165133389391254
92,2008-07-05,7.265584745057419
92,2008-07-07,20.06041232669401
92,2008-07-10,57.694717061979595
92,2008-07-14,30.246789949807464
92,2008-07-15,29.67438951991067
92,2008-07-16,41.38046801729466
92,2008-07-18,31.113836231079365
92,2008-07-19,5.430896235044971
92,2008-07-20,11.501345872195046
92,2008-07-21,22.857870034320275
92,2008-07-23,2.3342326977903998
92,2008-07-24,7.640619931608148
92,2008-07-25,16.57975781486681
92,2008-07-28,42.111189082401154
92,2008-07-30,0.2860995313401661
92,2008-08-02,10.605971216129385
92,2008-08-04,10.823269526551762
92,2008-08-06,27.36546815472148
92,2008-08-07,64.15184713333684
92,2008-08-11,65.86692596981543
92,2008-08-12,50.9892532763768
92,2008-08-13,34.24900840931336
92,2008-08-14,44.71105014191374
92,2008-08-15,60.019044171022955
92,2008-08-16,10.733986559037776
92,2008-08-17,16.16178942138233
92,2008-08-18,6.175369173847815
93,2008-07-14,0.011827650804474153
93,2008-07-18,1.9918329832416617
93,2008-07-20,12.378313466206144
93,2008-07-31,2.8563167442899204
93,2008-08-07,1.1020591998497828
93,2008-08-15,2.3238707128059195
93,2008-08-16,1.1284397287785217
93,2008-08-17,2.956260172463951
93,2008-08-19,4.1181728601313665
93,2008-08-20,0.9683305852351921
93,2008-08-22,0.7582404392224024
93,2008-08-23,8.804273942996305
93,2008-08-25,6.441203871401556
93,2008-08-26,0.3143347182834205
93,2008-08-29,2.2036210996083754
94,2007-07-31,6.5248918262001165
94,2007-08-01,22.518586437481936
94,2007-08-02,22.280865873298513
94,2007-08-03,12.519562632002463
94,2007-08-04,8.975109094537844
94,2007-08-05,46.83189354850753
94,2007-08-06,26.45486288200393
94,2007-08-07,28.780548152487544
94,2007-08-08,32.84850893913972
94,2007-08-09,4.31683332460643
94,2007-08-10,31.887624251716115
95,2010-12-06,0.08001134207278539
95,2010-12-07,0.4472187977081587
95,2010-12-08,0.350479804439148
95,2010-12-14,3.652772713355567
95,2010-12-15,0.4912588063960578
95,2010-12-19,11.108751031684443
95,2010-12-24,21.866473768439626
95,2011-01-18,10.955051194710938
95,2011-02-24,204.7094705756198
95,2011-02-27,3.4915372660375685
95,2011-03-07,32.52495186949473
95,2011-03-12,1.2439618379612356
95,2011-04-30,3.6864622637387514
95,2011-05-01,4.832123834500621
95,2011-05-02,5.2287953919944865
95,2011-05-03,5.114656213373296
95,2011-05-04,2.420129567909392
95,2011-05-05,2.617536119106845
95,2011-05-07,3.287979893444805
95,2011-05-08,5.076493474077428
95,2011-05-09,2.669834211733609
95,2011-05-10,7.310464892550631
95,2011-05-12,2.8638224926210722
95,2011-05-20,2.666264540530385
95,2011-05-21,5.511365428120935
95,2011-05-22,4.896004402891746
95,2011-05-24,3.8826086785475264
95,2011-05-25,4.811809901652327
95,2011-05-28,3.7348111260987897
95,2011-05-29,4.548689015200993
96,2008-07-10,9.44327618001629
96,2008-07-11,4.030554488718383
96,2008-07-12,10.419215250252485
96,2008-07-14,2.9958538205584135
96,2008-07-15,14.786829069411086
96,2008-07-16,3.0699971883141868
96,2008-07-17,5.4744472206610615
96,2008-07-18,8.830920276725417
96,2008-07-19,18.823397235360982
96,2008-07-20,4.239808265976981
96,2008-07-21,4.682192604251414
96,2008-07-22,4.40230746778895
96,2008-07-23,4.714883478501949
96,2008-07-24,4.776837102870063
96,2008-07-25,3.0619849130302814
96,2008-07-27,3.819500010048824
96,2008-07-28,4.271987582214935
96,2008-07-29,1.4779671047914895
96,2008-07-30,7.090592551835531
96,2008-07-31,3.877831564959184
96,2008-08-01,4.484206379364417
96,2008-08-04,3.1071940820007713
96,2008-08-05,2.3539957086326817
96,2008-08-06,1.5767075283591814
96,2008-08-11,3.4460706216048558
96,2008-08-12,3.7831400205723797
96,2008-08-13,4.816586840342177
96,2008-08-14,5.514346876088021
96,2008-08-15,2.106142387982335
96,2008-08-16,18.9814924953306
96,2008-08-17,5.1425792771999115
96,2008-08-21,1.3901411941466038
96,2008-08-22,3.9164175463469704
96,2008-08-25,2.9209885366978963
96,2008-08-26,1.4005511323020423
96,2008-08-27,4.3656174684666595
96,2008-08-28,4.175729477262459
96,2008-08-29,1.878543935841426
96,2008-08-31,22.75502465234078
96,2008-09-01,3.9123556350837236
96,2008-09-03,3.239362594993278
96,2008-09-07,19.587387350806733
96,2008-09-18,0.8010903454027227
96,2008-09-19,8.52832577636047
96,2008-10-01,13.084396028486958
96,2008-10-03,29.846635225338236
96,2008-10-06,5.319491967506565
96,2008-10-08,2.786989422298322
96,2008-10-10,1.8830012554363793
96,2008-10-13,1.7205653609641425
96,2008-10-14,3.4028052002176072
96,2008-10-15,3.377480841891509
96,2008-10-16,6.684836909431128
96,2008-10-18,11.451453502343297
96,2008-10-20,2.3806623760327073
96,2008-10-22,3.2040254339215384
96,2008-10-24,2.1731333557535026
96,2008-10-25,12.974110124516857
96,2008-10-26,14.426885193700828
96,2008-10-27,28.48685526696884
96,2008-10-28,3.369386781875707
96,2008-10-30,5.191746985180809
96,2008-11-01,23.733844570492924
96,2008-11-05,5.113455830193759
96,2008-11-06,20.268447048500295
96,2008-11-07,17.798635402495695
96,2008-11-09,12.070519771457445
96,2008-11-14,2.5502476792518256
96,2008-11-15,25.183612674425152
96,2008-11-16,8.224189246874884
96,2008-11-17,23.81000142582286
96,2008-11-28,7.236345046943009
96,2008-11-29,32.71618515656749
96,2008-12-01,9.095983362181641
96,2008-12-02,3.0347945289425464
96,2008-12-03,1.8573239774912071
96,2008-12-05,6.880500385540898
96,2008-12-08,1.5969886998759515
96,2008-12-10,2.3322826957373635
96,2008-12-11,1.2792936104434913
97,2007-04-12,2.077087629728548
97,2007-04-15,2.066537755225832
97,2007-04-16,6.402655074877239
97,2007-04-17,6.828629613432091
97,2007-04-18,5.227068611964652
97,2007-04-19,3.119736946560214
97,2007-04-20,8.793875233848256
97,2007-04-21,5.251025348286202
97,2007-04-22,1.8736543868212359
97,2007-04-23,2.3859750821411834
97,2007-06-13,0.950158004165337
97,2007-06-14,2.5637827197864693
97,2007-06-15,5.506735743639437
97,2007-06-17,3.8028908823702237
97,2007-06-18,1.6702830241094828
97,2007-06-19,2.0346725013340974
97,2007-06-20,0.3829383824173409
97,2007-06-22,2.0967060205027415
97,2007-06-23,3.276876897959608
97,2007-06-24,1.8557413367407782
97,2007-06-25,0.9947486012141946
98,2007-05-26,17.640419104955132
98,2007-05-28,4.711455155722454
98,2007-05-29,7.665789196242581
98,2007-05-31,10.372957522191221
98,2007-06-02,18.832127235036037
98,2007-06-04,15.336061264068963
99,2007-11-30,2.6601898760740688
99,2007-12-01,3.5893978904208086
99,2007-12-02,1.143731059738796
99,2007-12-26,0.450354326438548
99,2007-12-30,6.91237544225741
99,2007-12-31,0.2357480952557319
99,2008-01-05,11.931783220726144
99,2008-01-07,9.122028031746657
99,2008-01-18,97.50230707151707
99,2008-01-26,622.1635785816193
99,2008-01-27,531.6515402794018
99,2008-01-31,5.325605926614419
99,2008-02-02,1657.005575947161
99,2008-02-12,652.1546947802432
99,2008-02-23,51.569178887451656
99,2008-03-15,6.921959856300872
99,2008-03-16,0.6292598720067302
100,2011-07-29,8.839632590745442
100,2011-07-31,2.412759757393737
100,2011-08-02,1.9435241703705342
100,2011-08-03,2.3198984812137646
100,2011-08-08,2.524414503633828
100,2011-08-09,6.664444232695038
101,2007-11-30,22.007357806612124
101,2007-12-02,15.662792702913174
101,2007-12-03,3.7033239783066136
101,2007-12-07,15.65912697124778
101,2007-12-08,44.53794409736746
101,2007-12-11,0.9071568748462879
101,2007-12-12,3.1500192638855573
101,2007-12-13,62.63091900604038
101,2007-12-15,63.2569303914786
101,2007-12-16,2.260480219259725
101,2007-12-19,122.59923195338109
101,2007-12-22,124.8619388230015
101,2007-12-23,3.9026181516040195
101,2007-12-26,1.907009045012784
101,2007-12-27,2.0353708325537863
101,2007-12-28,2.6456055885070033
101,2008-01-09,1.1194235431168598
101,2008-01-10,0.2237553519484842
101,2008-01-15,2.767851359451347
101,2008-01-25,349.92699023530423
101,2008-01-30,8.909319977168648
101,2008-02-01,3.4711079060979664
101,2008-02-02,88.62076313469171
101,2008-02-19,3.9191593666584628
101,2008-03-02,350.16836822602585
101,2008-03-09,88.60791522751522
101,2008-03-12,92.41337317093094
101,2008-03-24,4.241108588205113
101,2008-03-28,38.55331669965051
101,2008-03-30,56.946403137189456
101,2008-04-02,5.76244575304991
101,2008-04-06,8.198161460225524
101,2008-04-07,2.8738746084220064
101,2008-04-11,3.585118425688357
101,2008-04-18,3.088318344012912
101,2008-05-07,6.701580799374988
101,2008-05-09,1.5163856351407767
101,2008-05-22,6.260916456814817
101,2008-06-29,14.878068477080634
101,2008-06-30,2.319774447452112
102,2011-10-17,1.4522000460576054
102,2011-10-18,2.0783335625590644
102,2011-10-19,5.747282233407255
102,2011-10-20,2.690234889314065
102,2011-10-21,6.309474622692077
102,2011-10-22,4.323482505094474
102,2011-10-23,20.229044330409604
102,2011-10-24,2.521443378427964
102,2011-10-27,5.064499713525869
102,2011-10-29,2.7539325349305765
102,2011-10-30,3.9216360068734173
102,2011-11-01,3.935265320013353
102,2011-11-03,7.17695259924807
102,2011-11-04,2.588739399071582
102,2011-11-05,2.5133737007925214
102,2011-11-08,6.583500139160296
102,2011-11-09,3.3178320407516426
102,2011-11-10,2.0873141601593987
102,2011-11-11,2.4346873653940717
102,2011-11-12,2.2952524679787616
102,2011-11-14,15.48832240924955
102,2011-11-15,4.550620669655245
102,2011-12-07,9.375597256109971
102,2011-12-19,2.1637325854104352
102,2011-12-24,12.562892751219174
102,2011-12-26,16.86463360677145
102,2011-12-27,4.669416438423402
102,2011-12-30,5.611593825907781
102,2011-12-31,26.745345274627315
103,2008-08-27,13.058114294854889
103,2008-08-28,9.241623818406428
103,2008-08-29,11.42621074054248
103,2008-08-30,32.20865316776513
103,2008-08-31,49.93153977892708
103,2008-09-01,4.3196080941545505
103,2008-09-02,8.14272897807593
103,2008-09-03,1.7758095168022492
103,2008-09-04,15.104886510626573
103,2008-09-05,19.268458063876786
103,2008-09-06,6.636660460760115
103,2008-09-08,9.868254577967608
103,2008-09-09,11.127260995079714
103,2008-09-11,27.835841691048703
103,2008-09-12,149.22719319949508
103,2008-09-14,47.321255185945105
103,2008-09-15,23.34981630907335
103,2008-09-16,18.163837086248794
103,2008-09-17,9.74738475887313
103,2008-09-18,6.8314383192092
103,2008-09-19,15.216066650241794
103,2008-09-20,3.5094482404823113
104,2007-11-30,7.2038898380750425
104,2007-12-01,0.5419189769449873
104,2007-12-02,23.475056257882834
104,2007-12-03,16.16797190332817
104,2007-12-04,5.524457903216429
104,2007-12-05,7.186471697819428
104,2007-12-06,3.728760868907023
104,2007-12-07,2.6530652131024746
104,2007-12-08,8.28103001405706
104,2007-12-10,1.0618166644532954
104,2007-12-12,6.4193428891614985
104,2007-12-14,0.08710709857956371
104,2007-12-17,6.403598246899917
104,2007-12-18,77.23308642620478
104,2007-12-19,37.14591283285687
104,2007-12-20,2.317989741005597
104,2007-12-21,1.8143014208883634
104,2007-12-24,28.652471282174723
104,2007-12-25,3.4455891583943243
104,2007-12-26,0.015907554376971802
104,2007-12-27,23.435340538414593
104,2007-12-28,3.9916643784096886
104,2007-12-29,3.818866551814637
104,2007-12-30,33.182292304620056
104,2007-12-31,7.368916509707246
104,2008-01-01,11.184997158901938
104,2008-01-02,3.4776158851613532
104,2008-01-03,4.9665217240416455
104,2008-01-04,7.507587691307602
104,2008-01-09,8.747466635098771
104,2008-01-10,2.3771240605140918
104,2008-01-11,4.580249459459576
104,2008-01-13,9.944112165483064
104,2008-01-16,5.900056316003749
104,2008-02-22,9.220043279808992
104,2008-02-24,7.226450262945399
104,2008-03-02,5.431506177280078
104,2008-03-04,5.912711471350256
104,2008-03-07,6.095076525242838
104,2008-03-12,5.541961192736594
104,2008-03-13,7.518430128333725
104,2008-03-18,5.10019829589238
104,2008-03-24,3.908696864007339
104,2008-03-28,8.017350054055278
104,2008-04-17,42.70866025017606
104,2008-04-27,47.739901950585505
104,2008-05-01,2.9702741881636645
104,2008-05-04,11.203702301646697
104,2008-05-08,34.819089266812526
104,2008-05-09,10.180668599628994
104,2008-05-13,5.771753169069945
104,2008-05-19,5.572806123464504
104,2008-05-20,0.8804001722329013
104,2008-05-21,2.2707387212513446
104,2008-05-28,2.6396246587204524
104,2008-05-30,2.2189926968421485
104,2008-05-31,16.798165943284204
104,2008-06-13,1.5906621302981914
104,2008-07-11,10.512227167075245
104,2008-08-06,8.417816121241875
104,2008-08-07,15.809404585404048
104,2008-08-13,7.015463770493949
104,2008-08-16,57.36067836150049
104,2008-08-22,14.707528808139358
104,2008-08-23,29.68304117339722
104,2008-08-24,7.689411861287023
104,2008-08-26,13.060802225997609
104,2008-08-27,47.23256607853182
104,2008-08-28,8.502247257532332
104,2008-08-31,7.511380319793007
104,2008-09-01,1.2987361357205847
104,2008-09-02,14.096440810927284
104,2008-09-03,31.5496416869269
104,2008-09-04,19.458368714118038
104,2008-09-05,9.475062839494049
104,2008-09-06,17.07956301055301
104,2008-09-07,2.0439195282155858
104,2008-09-08,2.3341006186757567
104,2008-09-10,74.31589489276378
104,2008-09-11,39.61719180922118
104,2008-09-12,22.987589220309424
104,2008-09-13,19.075613039025715
104,2008-09-14,38.40753023863942
104,2008-09-15,10.744066766065185
104,2008-09-16,9.306116069166261
104,2008-09-17,4.131536215325578
104,2008-09-19,3.700687895842992
104,2008-09-20,13.487195610666445
104,2008-09-21,3.6789000112914865
104,2008-09-22,1.7624406846807237
104,2008-09-23,3.1877261289029395
104,2008-09-24,10.923278539267548
104,2008-09-25,37.54084940153021
104,2008-09-28,12.576056273423584
104,2008-09-29,0.1975321986174896
104,2008-09-30,5.15479282219816
104,2008-10-01,27.542023041805336
104,2008-10-02,30.69384454662493
104,2008-10-03,14.414711447487003
104,2008-10-04,3.3348734524415393
104,2008-10-05,28.584997166149584
104,2008-10-08,10.315400863425637
104,2008-10-09,9.24165590444438
104,2008-10-10,21.21824134022746
104,2008-10-11,16.723239277808673
104,2008-10-12,12.951560881581017
105,2007-10-02,13.7390205446339
105,2007-10-03,31.457999519489444
105,2007-10-05,54.696589280672576
105,2007-10-06,20.911263182421486
105,2007-10-07,24.921163861717556
105,2007-10-08,25.61186551242452
105,2007-10-09,27.453063222951442
105,2007-10-10,19.08607286149303
106,2007-10-08,152.69846804950248
106,2007-10-09,144.6788026493713
106,2007-10-10,109.62537429648062
107,2007-10-02,4.438011397079813
107,2007-10-06,2.320105005958709
107,2007-10-07,4.495833068192714
108,2007-10-02,0.6515327233480012
108,2007-10-03,40.51668145390951
108,2007-10-04,89.92061185279482
108,2007-10-06,87.83424810287417
108,2007-10-07,5.3777510000012
108,2007-10-08,2.583418546375237
108,2007-10-09,0.4853924691606742
109,2007-11-30,22.007357806612124
109,2007-12-02,15.662792702913174
109,2007-12-03,3.7033239783066136
110,2007-11-30,2.2529320384434848
110,2007-12-01,0.9261089811775258
110,2007-12-04,3.7267843778483063
110,2007-12-05,19.61450465301839
110,2007-12-08,22.19265809112247
110,2007-12-14,49.73702928697315
110,2007-12-26,5.506511289635891
110,2007-12-29,3.407247928992292
110,2008-01-05,16.24913348623815
110,2008-01-07,28.327557229881503
110,2008-01-15,10.081317110926562
110,2008-01-18,97.82676449117616
110,2008-01-19,11.572061706247002
110,2008-02-22,1.9465557307455437
110,2008-02-23,0.3438438632974193
110,2008-03-01,5.676639504362183
110,2008-03-02,0.4455056767561837
110,2008-03-19,12.07610364854541
110,2008-03-20,4.399016592802876
111,2007-04-13,8.382743629969163
111,2007-04-14,7.873759393437329
111,2007-04-15,76.179378014204
111,2007-04-16,15.760512582261025
111,2007-04-17,7.967511859702132
111,2007-04-18,15.669531477041147
111,2007-04-19,16.067218802712492
111,2007-04-20,7.789752233890186
111,2007-04-21,74.54230532818708
111,2007-04-23,8.758959807917996
111,2007-04-27,8.895576715775745
111,2007-06-08,17.440667118255405
111,2007-06-09,58.897439685154005
111,2007-06-10,58.249984479701965
111,2007-06-16,155.7086883288029
111,2007-06-17,112.89667117619581
111,2007-08-17,28.0315224701815
111,2007-08-18,1.4101490451174319
111,2007-08-19,0.2786608268986541
111,2007-08-20,0.39462648915226667
111,2007-09-04,21.11764528658727
111,2007-09-05,1538.413223573882
111,2007-09-07,78.96215101311842
111,2007-09-08,18.586251250327965
111,2009-07-14,1483.2017371878103
111,2009-07-15,1.5688444442386948
111,2009-07-18,1274.7052792752831
111,2009-07-19,116.79603759856187
111,2009-07-20,101.70978428286746
111,2009-07-21,69.50894663054797
111,2009-07-22,73.44717014321826
111,2009-07-23,80.74093633050366
111,2009-07-24,70.67017650973861
111,2009-07-25,192.8068802959242
111,2009-07-26,77.11267112121787
111,2009-07-27,69.60248966080609
111,2009-07-28,75.16351180742289
111,2009-07-29,123.30393552928918
111,2009-07-30,161.6961775398173
112,2008-01-24,0.766137841808549
112,2008-01-27,5.094427536318593
112,2008-01-28,2.073326281953183
112,2008-02-02,196.12873313046663
112,2008-02-14,174.19026167523182
112,2008-02-19,4.15356504322804
112,2008-02-23,19.38735980683325
112,2008-02-25,3.5987508217690007
112,2008-02-26,4.362721027797691
112,2008-02-27,88.12126373901945
112,2008-03-01,31.226658905469034
112,2008-04-07,74.19033019069889
112,2008-04-08,2.1174798219539506
112,2008-04-09,2.833522628538802
112,2008-04-10,0.5676588983953296
112,2008-04-11,14.260255097242709
112,2008-04-12,5.342588350825037
112,2008-04-13,7.366325975301388
112,2008-04-14,16.386412322363213
112,2008-04-15,17.92491319131251
112,2008-04-16,2.8414421494984627
112,2008-04-17,4.863589352203299
112,2008-04-18,1.174646301149364
112,2008-04-22,7.036563885605972
112,2008-04-24,6.085508779244929
112,2008-04-25,8.262349973798818
112,2008-04-26,26.036015915633058
112,2008-04-27,14.244697746611978
112,2008-04-28,6.361001095427053
112,2008-04-29,5.689308772169275
112,2008-04-30,0.8540212893710286
112,2008-05-01,0.7767677078828508
112,2008-05-02,1.2936161561482615
112,2008-05-04,0.7212593440565168
112,2008-05-05,3.5395022825938565
112,2008-05-06,1.2489737156891096
112,2008-05-07,1.737421257295325
112,2008-05-08,2.0628774680813686
112,2008-05-09,7.200883236126938
112,2008-05-10,12.336436362138441
112,2008-05-11,10.690067774014084
112,2008-05-12,1.9810844762406694
112,2008-05-13,2.5982672037913948
112,2008-05-14,2.565985586000961
112,2008-05-15,0.816486224790646
112,2008-05-16,2.1182768682332704
112,2008-05-17,8.240628223644062
112,2008-05-18,17.138067764571552
112,2008-05-19,1.3397953468126338
112,2008-05-20,2.6041672477158486
112,2008-05-21,1.5022369834880998
112,2008-05-22,1.4579107571890848
112,2008-05-23,2.169960358106796
112,2008-05-24,17.493473827499457
112,2008-05-25,3.101036811464271
112,2008-05-26,1.052478772304402
112,2008-05-27,1.9485516164232715
112,2008-05-28,2.3277667926741934
112,2008-05-29,1.4895759805664655
112,2008-05-30,47.13115940333162
112,2008-05-31,2.851850498309657
112,2008-06-01,1.6809229339719296
112,2008-06-02,1.3108287940732584
112,2008-06-03,1.9914895368722012
112,2008-06-04,2.0607218544020225
112,2008-06-05,1.3659239111013184
112,2008-06-06,1.753458011296654
112,2008-06-07,1.5070893544958417
112,2008-06-08,16.88702380566248
112,2008-06-09,3.372208138176295
112,2008-06-10,1.6850830635094132
112,2008-06-11,1.5146366352417848
112,2008-06-12,2.263779936617954
112,2008-06-13,1.0654029461340937
112,2008-06-14,1.3207341375917077
112,2008-06-15,16.120592799546834
112,2008-06-16,1.3928688485082614
112,2008-06-17,1.6732884134490582
112,2008-06-18,3.060228427987635
112,2008-06-19,13.429703175477446
112,2008-06-20,34.246465742182984
112,2008-06-21,1.4523581674326473
112,2008-06-22,24.31597604442451
112,2008-06-23,0.8246220948233958
112,2008-06-24,3.8436982400942736
112,2008-06-25,1.6923871868838802
112,2008-06-26,1.6318206756050422
112,2008-06-27,4.189999177565077
112,2008-06-28,4.697994699290369
112,2008-06-29,17.045951439547736
112,2008-06-30,2.135998820533883
112,2008-07-01,73.94889228700069
112,2008-07-02,1.6601233062307208
112,2008-07-03,1.5623432356153353
112,2008-07-04,1.5500340464292017
112,2008-07-05,3.479046794640465
112,2008-07-06,17.19958950688783
112,2008-07-07,3.606076212283797
112,2008-07-08,1.0036044014970056
112,2008-07-09,1.6093424983495017
112,2008-07-10,9.18039764637763
112,2008-07-11,1.7752756276321204
112,2008-07-13,17.258314494509882
112,2008-07-14,0.5269689229738019
112,2008-07-15,5.446017790681187
112,2008-07-16,6.683750678879298
112,2008-07-17,3.5178880839155906
112,2008-07-18,0.8764953671542193
113,2010-05-10,9.78292219192374
113,2010-05-11,11.410990061001
113,2010-05-12,9.69789481518236
113,2010-05-13,20.81855008862274
113,2010-05-14,20.25440361782124
113,2010-05-17,20.619316874350172
113,2010-05-18,20.204145451875927
113,2010-05-19,21.229855754728344
113,2010-05-20,11.62336346436517
113,2010-05-24,26.969225534785817
113,2010-05-25,20.066090118997064
113,2010-05-26,20.586132710938394
113,2010-05-27,21.144043345211152
113,2010-05-28,31.04508577165512
113,2010-05-31,38.91027281712612
113,2010-06-01,20.80156207503313
113,2010-06-02,9.713345285347335
113,2010-06-03,20.875486027899
114,2007-10-19,12.786478660972667
114,2010-05-10,24.597470452920007
114,2010-05-11,13.333140423979188
114,2010-05-24,12.331194654792167
114,2010-05-25,26.5820567482272
114,2010-05-26,26.433440727153794
114,2010-05-27,13.147420094732531
114,2010-05-28,37.13317823648047
114,2010-05-29,26.952172484238947
114,2010-06-02,23.54934178521571
114,2010-06-03,25.543639909542193
114,2010-06-04,25.769798251480882
114,2010-06-05,26.394816552669372
114,2010-06-07,24.375398925726092
114,2010-06-08,25.48583223562251
114,2010-06-09,12.085647999223873
115,2007-05-09,25.282381998279646
115,2007-05-10,27.943080335927668
115,2007-05-11,13.865627387235445
115,2007-05-12,13.056231955924648
115,2007-05-13,53.92972331554307
115,2007-05-14,64.80519164056108
115,2007-05-15,61.579650596628596
115,2007-05-16,51.205742004765426
115,2007-05-17,52.06302714030078
115,2007-05-18,27.31569267461179
115,2007-05-19,79.79703005639782
115,2007-05-20,31.493471902285073
115,2007-05-21,51.41979079839801
115,2007-05-22,53.632113763703835
115,2007-05-23,24.783920803130393
115,2007-09-05,1484.6597609435203
115,2007-09-07,21.939392788383095
115,2007-09-08,27.678416576100755
115,2007-11-28,1501.2137002615534
115,2008-04-09,41.152608055071816
115,2008-04-10,10.201612697354006
115,2008-04-11,21.607149491752654
115,2008-04-12,60.708901636114966
115,2008-04-14,51.492992745680375
115,2008-04-15,55.15850052322208
115,2008-04-16,14.557769589204156
115,2008-04-17,45.21656136161946
115,2008-04-18,10.989212673677955
115,2008-04-21,0.2911493107339371
115,2008-04-22,37.48738593205328
115,2008-04-23,51.56804280591105
115,2008-04-24,26.20745645041386
115,2008-04-25,76.92350204182294
115,2008-04-28,27.666348477792937
115,2008-04-29,33.43551213529938
115,2008-04-30,43.22234792529558
115,2008-05-01,522.303784093864
115,2008-05-04,23.03186397671741
115,2008-05-05,31.711081450048823
115,2008-05-06,9.982299977834735
115,2008-05-07,82.19568371208932
115,2008-05-08,58.289082269765686
115,2008-05-09,0.4187984626344943
115,2008-05-12,41.34981260584948
115,2008-05-13,60.4428124848358
115,2008-05-14,58.27493038891743
115,2008-05-15,45.519891118721425
115,2008-05-16,32.233575652570195
115,2008-05-20,51.076848857919934
115,2008-05-21,50.531090477728455
115,2008-05-22,41.89140346558618
115,2008-05-23,37.31391382836695
115,2008-05-25,18.963046060730317
115,2008-05-26,7.784065729757317
115,2008-05-27,48.343635856631074
115,2008-05-28,47.334203817108815
115,2008-05-29,58.74768797776396
115,2008-05-30,26.531282828808852
115,2008-06-01,26.221170926989572
115,2008-06-02,51.332844571208625
115,2008-06-03,51.535913383859175
115,2008-06-04,50.97334133142883
115,2008-06-05,50.43362740810411
115,2008-06-06,25.704172571501267
115,2008-06-09,26.85524613117575
115,2008-06-10,51.08354776637524
115,2008-06-11,48.78950467214064
115,2008-06-12,8.84539372157173
115,2008-06-15,50.56117913212201
115,2008-06-16,0.42217372001147957
115,2008-06-17,51.1870633391912
115,2008-06-18,48.26520507608573
115,2008-06-19,52.4376480469249
115,2008-06-20,25.634977645409975
115,2008-06-22,27.111979479274346
115,2008-06-23,26.076780526147953
115,2008-06-24,77.40853875226526
115,2008-06-25,25.559807625159298
115,2008-06-26,75.94634465753131
115,2008-06-27,24.371782726154535
115,2008-06-28,54.15425492286118
115,2008-06-29,14.92598797271814
115,2008-06-30,39.001334675077366
115,2008-07-01,73.26158107067444
115,2008-07-02,49.51516105248858
115,2008-07-04,53.16312913761364
115,2008-07-06,20.846138408647676
115,2008-07-07,55.03824236083339
115,2008-07-08,25.43944210977213
115,2008-07-09,49.089625115756995
115,2008-07-10,53.82983914810323
115,2008-07-11,50.5018419734221
115,2008-07-13,52.06293512154496
115,2008-07-14,49.37778095352289
115,2008-07-15,50.92701904974485
115,2008-07-16,51.165331539544255
115,2008-07-17,49.70197467468657
115,2008-07-18,25.467459872949387
115,2008-07-19,487.7359056638799
115,2008-07-20,44.18776918852853
115,2008-07-22,12.246142812231964
115,2008-07-23,5.136426321486379
115,2008-08-18,4.9801193259804934
115,2008-08-22,25.131736330199633
115,2008-08-24,30.19674940195316
115,2008-08-29,25.407967395766846
115,2008-08-30,40.42109874076393
115,2008-08-31,27.530141256737366
115,2008-09-01,5.010147622365048
115,2008-09-02,13.91122296334566
115,2008-09-03,16.078935375824816
115,2008-09-06,30.590713934796774
115,2008-09-08,47.40631377280014
115,2008-09-09,25.0694715014692
115,2008-09-12,496.6885417947241
115,2008-09-13,251.2066085526826
115,2008-09-20,681.8663657677804
115,2008-09-21,23.16826178241272
115,2008-09-22,6.109217248340102
115,2008-09-23,46.67962544400842
115,2008-09-24,73.06601377082833
115,2008-09-25,53.57885596692234
115,2008-09-27,24.847003024664026
116,2011-08-02,2.178143112717279
116,2011-08-03,4.810356856485901
116,2011-08-05,4.30702176923172
117,2007-06-21,0.2453566626424127
117,2007-06-22,7.311917560804234
117,2007-06-25,6.060721337145966
117,2007-06-27,0.5909737317647483
117,2007-06-29,2.2676928011702033
117,2007-07-04,5.641718228513532
118,2007-05-12,36.16079722195188
118,2007-05-19,127.81954367133169
118,2007-05-20,118.50757945694626
118,2007-05-26,16.184611924462555
119,2008-07-28,0.9765408331591496
119,2008-07-29,36.376259279750684
119,2008-07-30,16.803568695518578
119,2008-07-31,15.42022931754458
119,2008-08-01,38.2216353353502
119,2008-08-02,12.550238478422788
119,2008-08-04,66.5066294422243
119,2008-08-05,0.9642461976326944
119,2008-08-06,23.624973016841505
119,2008-08-07,9.134948983510899
119,2008-08-08,13.12989622706256
119,2008-08-19,3.5976042154600543
119,2008-08-20,12.286932415905035
119,2008-08-21,29.910187523678363
119,2008-08-23,26.168281526956324
119,2008-08-24,11.593386609694688
119,2008-08-25,16.149407495391024
119,2008-08-26,1.541983133610158
119,2008-08-28,6.451489541284096
119,2008-08-29,95.9399189864462
119,2008-09-02,83.0983645804852
119,2008-09-05,9.052566150971339
119,2008-09-06,3.845228753832969
119,2008-09-07,25.54224799284676
119,2008-09-08,10.130036622104868
119,2008-09-09,27.338686981057627
119,2008-09-11,8.213440597441178
119,2008-09-12,6.227188281733272
119,2008-09-13,3.514373806966293
119,2008-09-14,16.760423408554765
119,2008-09-15,27.162039480820525
119,2008-09-16,25.89439070207979
119,2008-09-17,7.894441816357449
119,2008-09-18,25.330278849494267
119,2008-09-20,13.399139900867512
119,2008-09-21,12.307942250273655
119,2008-09-22,9.326395476313674
119,2008-09-23,2.1885614487055816
119,2008-09-24,10.452654523571757
119,2008-09-25,5.431968528181601
119,2008-09-27,7.52169714987199
119,2008-09-30,17.556321948067545
119,2008-10-05,13.778637844897405
119,2008-10-06,11.59183870254095
120,2009-09-19,267.3872247526723
120,2009-09-20,21.50389768832645
121,2009-10-04,11.203079365985097
121,2009-10-05,9.465633023833865
121,2009-10-08,86.25617710193536
121,2009-10-09,4.630322689030688
121,2009-10-11,18.242464282985395
122,2009-05-16,6.940417526229647
122,2009-05-17,0.15093797478102683
122,2009-05-24,6.895180230807374
122,2009-05-25,8.108412183103605
122,2009-05-28,48.25062326431807
122,2009-06-13,20.807699879660674
122,2009-06-14,11.983045870962757
122,2009-07-21,272.71605214292106
122,2009-07-22,12.037033077309506
122,2009-07-31,232.014987452202
122,2009-08-23,23.430981337361064
122,2009-09-02,156.80146020558917
122,2009-09-10,136.31978332298593
122,2009-09-17,8.978664951705683
122,2009-09-20,11.367093507593749
122,2009-09-22,22.349118131020486
122,2009-10-01,3.0151137251177444
122,2009-10-03,33.542276806756036
122,2009-10-05,29.530023735933657
123,2009-09-23,703.1769740085952
123,2009-09-24,10.822945593053433
123,2009-09-26,8.192742790836702
123,2009-09-27,66.84363700068391
124,2008-09-30,205.33624340636536
124,2008-10-01,419.9278689885902
124,2008-10-02,1241.047041589176
124,2008-10-03,4018.1998236568543
124,2008-10-05,72.83444113773209
124,2008-10-06,159.03240001826518
124,2008-10-07,84.28306491111529
125,2008-05-09,1.1508055369660628
125,2008-05-10,4.007857862461072
125,2008-05-11,11.521352795554265
125,2008-05-12,14.212834510798029
125,2008-05-22,3.2310050872875706
125,2008-05-23,48.92082952377788
125,2008-05-24,15.932625640913805
125,2008-05-29,10.078818646544935
125,2008-05-30,43.8299213943855
125,2008-05-31,2.477319131926246
125,2008-06-02,3.2785827503342095
125,2008-06-03,1.222940766866276
125,2008-06-05,2.549620825362954
125,2008-06-07,12.133454298114795
125,2008-06-08,1.2990153091636805
125,2008-06-19,0.972590937723121
125,2008-06-20,5.659371003524614
125,2008-06-21,20.032224372288823
125,2008-06-22,18.014055950382726
125,2008-07-02,21.260975997123374
125,2008-07-03,4.342735821300306
125,2008-07-04,9.684955671132817
125,2008-07-15,1.919319044680824
125,2008-07-18,5.423084836534825
125,2008-07-19,22.935827211191846
125,2008-08-20,16.482081326882977
125,2008-08-23,17.786083666016122
125,2008-08-24,28.704817622728434
125,2008-08-27,646.0764971428669
125,2008-08-28,186.94730092633694
125,2008-09-02,0.9790094907206355
125,2008-09-03,468.36831964133813
125,2008-09-06,249.2553381006478
125,2008-09-08,4.2980182508340405
125,2008-09-09,12.458744275022388
125,2008-09-12,6.570277281829226
125,2008-09-13,28.62190085442222
125,2008-09-14,1.2713036135273883
125,2008-09-15,5.597312911988726
125,2008-09-16,20.091872075969867
125,2008-09-17,8.664878526572053
125,2008-09-20,20.796581197340956
125,2008-09-21,4.764192777375778
125,2008-09-23,6.248934655782236
125,2008-09-25,3.552121497310418
125,2008-09-26,0.33948935724507706
125,2008-10-06,7.128770746345245
125,2008-10-08,7.035149276022349
125,2008-10-11,2.9357103537908915
125,2008-10-12,6.058404392734866
126,2008-04-02,2.608509113660318
126,2008-04-04,20.077356274350514
126,2008-04-05,14.708718819320143
126,2008-04-12,25.329365500744224
126,2008-04-14,19.176212028112424
126,2008-04-22,18.528916935203686
126,2008-04-26,10.803770619716083
126,2008-04-27,4.158892061790652
126,2008-05-01,211.8228283043559
126,2008-05-02,90.1107226605055
126,2008-05-03,196.52160057454583
126,2008-05-10,61.99761441080398
126,2008-05-11,63.90831459054693
126,2008-05-12,8.066436457920585
126,2008-05-16,11.37614369322277
126,2008-05-17,14.05084303374218
126,2008-05-18,12.349732748022381
126,2008-05-21,24.946984025294572
126,2008-05-22,13.6793507496287
126,2008-05-23,18.526859977390245
126,2008-05-27,0.2714510498945341
126,2008-05-28,23.570135034893873
126,2008-05-29,0.12859952499907532
126,2008-05-31,12.739104186266037
126,2008-06-01,18.96317162917052
126,2008-06-02,34.230070046063695
126,2008-06-03,2.3220011305417203
126,2008-06-05,26.154141062910913
126,2008-06-06,1.9507607917636567
126,2008-06-07,272.41764949571757
126,2008-06-08,15.037957772525845
126,2008-06-09,272.07762350926765
126,2008-06-14,15.823126932627263
126,2008-06-15,8.587880027613373
126,2008-06-20,32.541331988537536
126,2008-06-21,29.751398926641173
126,2008-06-22,50.61200621458338
126,2008-06-28,3.8526602560216063
126,2008-06-29,38.27813596251465
126,2008-06-30,2.319774447452112
126,2008-07-06,16.70140419080222
126,2008-07-12,34.235898782359826
126,2008-07-13,11.240247587939901
126,2008-07-14,8.644885912177374
126,2008-07-16,1.2486913999408067
126,2008-07-18,23.405724336719043
126,2008-07-19,3.8753421857125687
126,2008-07-23,22.88759290763409
126,2008-07-24,1.3340936586820602
126,2008-07-25,2.679502207283269
126,2008-07-26,13.926307031247314
126,2008-07-27,100.9633727596266
126,2008-07-28,1.4022192728506768
126,2008-07-29,9.238945573836023
126,2008-07-31,17.52974755518124
126,2008-08-02,27.24500227258132
126,2008-08-03,19.222605420853416
126,2008-08-07,71.1311051532774
126,2008-08-08,204.6538724250448
126,2008-08-09,39.52410908315971
126,2008-08-10,274.6328161869929
126,2008-08-11,23.075460248742104
126,2008-08-12,14.980028022306637
126,2008-08-16,11.67018343921377
126,2008-08-17,16.662624971883872
126,2008-09-04,14.045218133942816
126,2008-09-08,0.3702237482688874
126,2008-09-12,20.734128839827914
126,2008-09-13,11.235685753859457
126,2008-09-15,22.877324033996157
126,2008-09-16,2.701420990996436
126,2008-09-17,5.88312114946591
126,2008-09-18,19.21794533164608
126,2008-09-19,7.618429390422971
126,2008-09-20,10.643864317168962
126,2008-09-21,6.233230659313824
126,2008-09-23,8.483085937316241
126,2008-09-29,66.52960634391991
126,2008-09-30,24.910993629657945
126,2008-10-01,3.991853797766795
126,2008-10-02,29.68750559922181
126,2008-10-06,1.4293521076246627
126,2008-10-07,1.3058052007764573
126,2008-10-08,3.607688578640129
126,2008-10-09,1.1832926763560843
126,2008-10-11,28.431034904448232
126,2008-10-12,37.61150180786123
126,2008-10-13,6.791850429364745
126,2008-10-14,4.550041547927274
126,2008-10-15,16.626067330958147
126,2008-10-16,8.141487814545032
126,2008-10-17,6.4558794896606715
126,2008-10-18,24.79525106737355
126,2008-10-19,8.390139761179283
126,2008-10-20,5.594746158275602
126,2008-10-21,2.0922373294550676
126,2008-10-22,9.41737543459251
126,2008-10-23,2.4559121479408255
126,2008-10-24,5.016429778155033
126,2008-10-26,11.712587841688457
126,2008-10-31,10.459514554684118
126,2008-11-01,40.164489347665906
126,2008-11-02,1.5730246075931444
126,2008-11-03,18.3200374470917
126,2008-11-04,9.138249637134932
126,2008-11-05,34.347745767898765
126,2008-11-06,8.638637089455555
126,2008-11-07,1.415473079831998
126,2008-11-17,6.321091546877722
126,2008-11-18,6.111616827462899
126,2008-11-19,1.1421024790658638
126,2008-11-20,18.978367165884453
126,2008-11-21,3.224898894896544
126,2008-11-22,4.136817700766877
126,2008-11-23,1.2948895810585381
126,2008-11-24,2.7352726055335324
126,2008-11-25,5.489400997313362
126,2008-11-26,19.75939794688182
126,2008-11-27,2.8225083174610406
126,2008-11-28,6.521364566172382
126,2008-11-29,20.52719503646293
126,2008-11-30,1.3049816444129456
126,2008-12-01,3.8720244581154657
126,2008-12-02,1.922784881436419
126,2008-12-03,2.8414509276262425
126,2008-12-04,1.0625628695236078
126,2008-12-08,21.686499961336278
126,2008-12-09,1.3043670696908343
126,2008-12-10,2.3615894409701417
126,2008-12-11,3.531919657129354
126,2008-12-12,1.129090729978747
126,2008-12-13,50.73742964158542
126,2008-12-14,27.157835507780277
126,2008-12-15,6.372280016079668
126,2008-12-16,1.474787466532442
126,2008-12-17,1.202707418700957
126,2008-12-20,76.48296844291917
126,2008-12-21,27.833485272822223
126,2008-12-22,9.238702768727482
126,2008-12-23,25.651167894917766
126,2008-12-24,39.16903090934521
126,2008-12-25,2.800992762394634
126,2008-12-26,33.59706288523083
126,2008-12-27,54.82944665441119
126,2008-12-28,28.15144061901378
126,2008-12-29,2.4645496799644095
126,2008-12-30,0.07020535853482641
126,2008-12-31,5.331293969127726
126,2009-01-01,3.8577398569955204
126,2009-01-06,5.407256579125391
126,2009-01-11,1.1652171761238947
126,2009-01-12,2.8930298655336473
126,2009-01-13,3.223684562702682
126,2009-01-14,2.3605065969206005
126,2009-01-15,21.565880699704966
126,2009-01-16,7.885430176519841
126,2009-01-17,1.095471744620966
126,2009-01-18,15.984030265199094
126,2009-01-19,8.791276972395822
126,2009-01-20,3.180539177499242
126,2009-01-21,2.491420922705942
126,2009-01-22,26.524942454809548
126,2009-01-24,10.318406840715268
126,2009-01-25,2.639635913671013
126,2009-01-26,30.351116038152874
126,2009-01-28,4.486930966095514
126,2009-02-02,1.805028947516678
126,2009-02-03,2.743287316545091
126,2009-02-04,2.593135970433744
126,2009-02-05,1.2720003983550845
126,2009-02-06,1.3816219676873704
126,2009-02-07,4.096557526296241
126,2009-02-08,50.92415501477997
126,2009-02-10,1.2075463123590136
126,2009-02-11,3.543497727816258
126,2009-02-13,1.1376392315093247
126,2009-02-14,13.684950380108114
126,2009-02-15,19.089563632536347
126,2009-02-16,2.224269187010757
126,2009-02-17,1.5871098070156102
126,2009-02-22,5.413697711313297
127,2008-09-27,4.994964693202656
127,2008-09-28,1.6386907085111513
127,2008-09-29,795.9041536822587
127,2008-09-30,142.8556374325357
127,2008-10-01,228.9385785412424
127,2008-10-02,125.9825677651699
127,2008-10-05,989.2026212896847
127,2008-10-06,5.446848719818341
128,2007-04-14,18.18239880033419
128,2007-04-15,39.00328271826803
128,2007-04-16,1.4932617215070123
128,2007-04-18,10.180921273964254
128,2007-04-19,7.123750528906527
128,2007-04-20,14.15152967803129
128,2007-04-21,102.94790271327612
128,2007-04-22,1.1416424154903644
128,2007-04-30,2.074370203398685
128,2007-05-04,2.5798985424326317
128,2007-05-05,45.60120771278407
128,2007-05-06,49.43430118726083
128,2007-05-08,1.1565990252911962
128,2007-05-24,0.0383011831223228
128,2007-05-27,92.50084073396191
128,2007-05-28,7.327901643275174
128,2007-05-29,1.6477596992564332
128,2007-05-30,3.1975962999677434
128,2007-05-31,34.78834884821203
128,2007-06-01,32.10388770352921
128,2007-06-03,10.25816428833148
128,2007-06-04,9.732048042651847
128,2007-06-05,29.671493244115826
128,2007-06-06,8.28727213949448
128,2007-06-07,23.640708702043845
128,2007-06-08,1.1531593913419025
128,2007-06-11,0.7305794523219806
128,2007-06-20,2.583688576366981
128,2007-06-21,1.3783266139354122
128,2007-06-25,4.252526693514173
128,2007-06-26,5.6636230721383685
128,2007-06-27,3.9319781750132923
128,2007-06-28,0.9926868443166896
128,2007-06-29,1.0350389432032558
128,2007-07-01,11.007217327618344
128,2007-07-02,1.7597168107919874
128,2007-07-03,1.9119169286917854
128,2007-07-06,21.5649995136474
128,2007-07-07,102.79611264234853
128,2007-07-08,73.65726429389387
128,2007-07-21,10.080445000598205
128,2007-07-22,44.50929594609871
128,2007-07-24,24.366784746945925
128,2007-07-25,453.3673911372334
128,2007-07-26,127.89329039472476
128,2007-07-27,6.814965193729149
128,2007-07-28,587.1557707426431
128,2007-07-29,8.399486945000021
128,2007-07-30,1.2121436528419725
128,2007-11-28,26.13370904237672
128,2008-04-05,32.21557507718224
128,2008-04-23,22.323276319124638
128,2008-04-24,33.06812315679838
128,2008-04-25,50.60193607015176
128,2008-04-26,66.4512725533158
128,2008-04-27,43.72543245845537
128,2008-04-28,9.039714698240726
128,2008-04-29,27.651733722294022
128,2008-04-30,68.9019921195866
128,2008-05-01,379.1453501472712
128,2008-05-02,12.674945439508045
128,2008-05-03,218.7047452863288
128,2008-05-04,429.3119171290674
128,2008-05-05,212.69669464140358
128,2008-05-06,222.4535983247248
128,2008-05-07,17.729959899465527
128,2008-05-08,0.9134825040785383
128,2008-05-09,601.5756991054415
128,2008-05-10,140.8847889034061
128,2008-05-11,54.03603807216131
128,2008-05-12,56.85873048141046
128,2008-05-13,41.3673635079356
128,2008-05-14,38.29699124909254
128,2008-05-15,75.92913658824438
128,2008-05-16,77.74084129407976
128,2008-05-17,74.93365613320222
128,2008-05-18,79.57231395899659
128,2008-05-19,51.46982658218965
128,2008-05-20,1.5620384337510913
128,2008-05-21,2.057327272800387
128,2008-05-22,13.528004525901975
128,2008-05-23,10.866408008637624
128,2008-05-24,25.45399207478405
128,2008-05-26,1.0114263258126237
128,2008-05-27,2.6735501178685213
128,2008-05-28,1.9061986225713377
128,2008-05-29,0.7952958129928971
128,2008-05-30,54.371231450166206
128,2008-06-06,32.133456535944234
128,2008-06-07,76.55101826368977
128,2008-06-10,19.141306959841835
128,2008-06-11,7.701800394100826
128,2008-06-27,11.791719704006715
128,2008-06-28,78.08903179380081
128,2008-06-29,51.763203233937844
128,2008-06-30,11.493112192534683
128,2008-07-01,22.476767866858825
128,2008-07-02,19.142604111280544
128,2008-07-03,15.545921309418645
128,2008-07-04,23.338037986461725
128,2008-07-05,76.64749452740405
128,2008-07-06,85.04815816534673
128,2008-07-07,57.92391548853306
128,2008-07-08,18.02499534726151
128,2008-07-09,6.005352127209278
128,2008-07-10,18.63782969865388
128,2008-07-11,138.9035209284925
128,2008-07-12,14.57681083702918
128,2008-07-13,145.84221368585816
128,2008-07-17,11.541327521199966
128,2008-07-18,22.855112590219832
128,2008-07-19,27.611061768245303
128,2008-07-27,20.696029707751904
128,2008-07-28,13.24442117550284
128,2008-07-29,18.384145919525064
128,2008-07-30,7.2640316229495845
128,2008-07-31,10.97846445204511
128,2008-08-01,11.275963172023395
128,2008-08-05,39.988604094767176
128,2008-08-06,11.242874627678617
128,2008-08-07,7.9200026890033275
128,2008-08-08,4.278040669801504
128,2008-08-09,273.60131752133213
128,2008-08-11,4.625134787923242
128,2008-08-12,289.032166028975
128,2008-08-13,18.365961462782725
128,2008-08-14,33.954704294751366
128,2008-08-15,118.48926324703021
128,2008-08-17,29.913164139738488
128,2008-08-18,13.600638386657414
128,2008-08-21,19.438579990647174
128,2008-08-22,2.1528998612019556
128,2008-08-23,31.33387344328202
128,2008-08-24,10.28988388653017
128,2008-08-25,29.860235981851837
128,2008-08-26,2.1736295154454384
128,2008-08-27,23.90385151994084
128,2008-08-28,17.265089602148397
128,2008-08-29,23.839350419254533
128,2008-08-31,51.96568576083939
128,2008-09-01,19.294612667865405
128,2008-09-02,11.492709953752424
128,2008-09-03,15.054440193972185
128,2008-09-04,23.042645389815203
128,2008-09-05,24.348832588975906
128,2008-09-06,102.12729879282087
128,2008-09-07,25.164087674108355
128,2008-09-08,22.129992435908825
128,2008-09-09,40.64701856746588
128,2008-09-10,20.81036350008039
128,2008-09-11,23.35395251710598
128,2008-09-12,21.337306513035283
128,2008-09-13,71.93878459573529
128,2008-09-14,8.523381587999447
128,2008-09-15,45.170456202638505
128,2008-09-16,27.451233103587914
128,2008-09-17,16.772807111931563
128,2008-09-18,13.893428414721331
128,2008-09-19,23.68847896634255
128,2008-09-20,16.17201300281722
128,2008-09-21,19.105986066525155
128,2008-09-22,18.05095140091168
128,2008-09-23,23.115259986012884
128,2008-09-24,46.05166459970974
128,2008-09-25,13.652795689204689
128,2008-09-26,7.407786298101298
128,2008-09-27,17.51705211807047
128,2008-09-28,7.516671768744591
128,2008-09-30,855.9367227774517
128,2008-10-01,69.36841909184442
128,2008-10-02,269.123302912898
128,2008-10-03,181.09271767784514
128,2008-10-04,139.17383453853546
128,2008-10-05,56.297309684242066
128,2008-10-06,268.7636481193472
128,2008-10-07,27.46762848670386
128,2008-10-08,23.02299432266018
128,2008-10-09,21.702071483075045
128,2008-10-10,18.75808180230913
128,2008-10-11,50.19297240646054
128,2008-10-12,116.1089668901435
128,2008-10-13,6.428304229688315
128,2008-10-14,19.758828013180644
128,2008-10-15,23.66429531237724
128,2008-10-16,18.329204768608484
128,2008-10-17,27.738539530739867
128,2008-10-19,204.92627815480245
128,2008-10-20,22.10298743392757
128,2008-10-21,12.60062316691424
128,2008-10-22,35.366081752650835
128,2008-10-23,17.791588072459266
128,2008-10-24,19.21970419352964
128,2008-10-25,40.9079321495851
128,2008-10-26,31.731515937574123
128,2008-10-27,15.360660174446354
128,2008-10-28,7.840250041157704
128,2008-10-29,36.517410776236225
128,2008-10-30,46.952454254886455
128,2008-10-31,11.80007137178552
128,2008-11-01,30.203651445318446
128,2008-11-02,41.11731741134018
128,2008-11-03,17.474368312423167
128,2008-11-04,18.91536718251675
128,2008-11-05,31.29973462251575
128,2008-11-06,13.601187264878643
128,2008-11-07,1.8554378897815091
128,2008-11-08,173.6080670661603
128,2008-11-09,13.915803061562977
128,2008-11-10,19.64493180106772
128,2008-11-11,32.85465954999118
128,2008-11-12,19.923199508504965
128,2008-11-13,22.678503852730223
128,2008-11-14,22.986490401735715
128,2008-11-15,43.99888851154687
128,2008-11-16,51.40732783402757
128,2008-11-17,7.528028216675455
128,2008-11-18,11.613304165851051
128,2008-11-19,25.482660649523176
128,2008-11-20,627.2907235705269
128,2008-11-21,18.890391632468212
128,2008-11-22,167.63448284375434
128,2008-11-23,83.42648920766197
128,2008-11-24,103.53184029395396
128,2008-11-25,462.20879074638674
128,2008-11-26,149.67636571572714
128,2008-11-27,22.994166378617177
128,2008-11-28,42.10642014906365
128,2008-11-29,31.432054993639543
128,2008-11-30,23.010978423796512
128,2008-12-01,19.94281104032196
128,2008-12-02,23.58696165155042
128,2008-12-03,24.327405165496586
128,2008-12-04,17.01283279895162
128,2008-12-05,17.89467728423306
128,2008-12-06,26.646344548675405
128,2008-12-07,21.586738149390758
128,2008-12-08,8.495268637921694
128,2008-12-09,18.11486664884826
128,2008-12-10,27.664766435540663
128,2008-12-11,22.995690407338856
128,2008-12-12,23.54764826317672
128,2008-12-13,42.55293865567065
128,2008-12-14,144.39825240735297
128,2008-12-15,13.779999941946866
128,2008-12-16,18.74708715413828
128,2008-12-17,24.32866002878526
128,2008-12-18,37.16530258694833
128,2008-12-19,15.098970794920413
128,2008-12-21,47.86652216818561
128,2008-12-22,44.578128583954964
128,2008-12-23,11.18220780907312
128,2008-12-24,23.45232920843453
128,2008-12-25,37.83917040663689
128,2008-12-26,23.41876791100875
128,2008-12-27,38.29188166883551
128,2008-12-29,17.260087409847017
128,2008-12-30,19.23801332943142
128,2008-12-31,28.598731782548217
128,2009-01-01,117.33491919570739
128,2009-01-02,49.1402891401517
128,2009-01-03,21.794789233179532
128,2009-01-04,22.93561282417006
128,2009-01-05,37.463970852998756
128,2009-01-06,12.264611546319788
128,2009-01-07,18.473081261693263
128,2009-01-08,48.74105620950527
128,2009-01-09,39.57837056192239
128,2009-01-10,30.10305736158235
128,2009-01-12,25.39863426301822
128,2009-01-13,19.459836772724707
128,2009-01-14,11.661328226084423
128,2009-01-15,27.708537528068764
128,2009-01-16,20.088251828639784
128,2009-01-17,75.19942367153139
128,2009-01-18,127.81264575129954
128,2009-01-19,394.57069030363533
128,2009-01-20,166.4216043467645
128,2009-01-21,0.042515950359319196
128,2009-01-28,23.611490915157745
128,2009-02-01,260.03428692205074
128,2009-02-02,511.9854782990971
128,2009-02-04,81.10524745699983
128,2009-02-05,18.211401055787366
128,2009-02-06,61.4209771645457
128,2009-02-08,77.36119727113847
128,2009-02-09,12.97683717544471
128,2009-02-10,9.731134680257409
128,2009-02-11,25.509762308091837
128,2009-02-12,19.487239604889393
128,2009-02-13,21.061081134939005
128,2009-02-14,48.31216497355376
128,2009-02-16,12.772366406564664
128,2009-02-17,14.19732810020105
128,2009-02-18,20.653278894697298
128,2009-02-19,11.858019644657638
128,2009-02-20,22.57723266863074
128,2009-02-21,52.98560646160873
128,2009-02-22,9480.472136549375
128,2009-02-23,4.574964974737265
128,2009-02-27,71.33715654551278
128,2009-02-28,84.34740269417958
128,2009-03-01,90.53479628543553
128,2009-03-02,19.601607855886247
128,2009-03-03,8.735177358576472
128,2009-03-04,1.7646336081133844
128,2009-03-05,1696.4185461592785
128,2009-03-06,2351.808577752017
128,2009-03-07,4169.499174118477
128,2009-03-09,103.53239632507176
128,2009-03-10,25.01810117174205
128,2009-03-11,21.459846764538298
128,2009-03-12,19.49073707378348
128,2009-03-13,11.468241293279437
128,2009-03-14,21.081274446740174
128,2009-03-15,33.068029357011
128,2009-03-16,13.260288752644753
128,2009-03-17,13.644615332321402
128,2009-03-18,33.224912079382385
128,2009-03-19,45.7485816484583
128,2009-03-20,19.432252479505465
128,2009-03-21,27.398527588411998
128,2009-03-22,58.7541433334687
128,2009-03-23,19.818779803911678
128,2009-03-24,44.9329619201012
128,2009-03-26,19.67203469108168
128,2009-03-27,14.789953687347355
128,2009-03-28,90.3481325997627
128,2009-03-29,82.2723885936149
128,2009-03-30,53.55030742334954
128,2009-03-31,11.549580279025857
128,2009-04-01,10.074017438005129
128,2009-04-02,16.645742671267325
128,2009-04-03,12.672173625202069
128,2009-04-04,75.62950012144888
128,2009-04-05,33.49247321540811
128,2009-04-06,119.2078169573085
128,2009-04-07,0.7799403945315161
128,2009-04-08,19.04949441883677
128,2009-04-09,20.258556531276124
128,2009-04-10,21.394732340678505
128,2009-04-11,43.09191037225205
128,2009-04-12,2.1571008699391774
128,2009-04-13,13.232591003776596
128,2009-04-14,20.043450080935347
128,2009-04-15,18.335684189475472
128,2009-04-16,22.904677431691383
128,2009-04-17,39.724320567430965
128,2009-04-18,15.666248021088323
128,2009-04-19,35.433833860106404
128,2009-04-20,7.505716686051411
128,2009-04-21,10.961164149961006
128,2009-04-22,38.697218835145286
128,2009-04-23,9.100911441657791
128,2009-04-24,19.1216796739794
128,2009-04-27,3.337938262202246
128,2009-04-28,16.35511118381899
128,2009-04-29,14.68039693526415
128,2009-04-30,26.983350026447685
128,2009-05-01,59.33257527543725
128,2009-05-02,19.904231513554745
128,2009-05-03,111.25941879454182
128,2009-05-04,3.203660422969864
128,2009-05-05,12.293577947578253
128,2009-05-06,20.406896540540522
128,2009-05-07,11.536912278091062
128,2009-05-08,0.2823308874675828
128,2009-05-09,21.24050864668684
128,2009-05-10,54.09139614306364
128,2009-05-11,1.729576081638861
128,2009-05-12,12.576614908577204
128,2009-05-13,13.624828960294456
128,2009-05-14,15.397390293899027
128,2009-05-15,17.50967138102014
128,2009-05-17,33.644271427489215
128,2009-05-18,4.809378704543471
128,2009-05-19,12.123804456247136
128,2009-05-20,47.07473319612183
128,2009-05-21,18.22260454934542
128,2009-05-22,18.933573137023657
128,2009-05-24,14.249968087829307
128,2009-05-25,6.166686728879381
128,2009-05-26,14.352370207563693
128,2009-05-27,56.848400558138934
128,2009-05-29,78.48363313921672
128,2009-05-31,1.586155943531583
128,2009-06-01,8.252928483852159
128,2009-06-02,7.514289213976156
128,2009-06-03,18.541306449876622
128,2009-06-04,18.814750326035842
128,2009-06-05,13.788752515281052
128,2009-06-06,54.25357227360179
128,2009-06-07,19.44832487257491
128,2009-06-08,2.215572975689453
128,2009-06-09,7.704880878517493
128,2009-06-10,17.068866678330807
128,2009-06-11,20.887803384972134
128,2009-06-12,53.43296224269251
128,2009-06-13,18.170955345548123
128,2009-06-14,141.33485122414646
128,2009-06-15,14.58565956620421
128,2009-06-16,42.914573731715734
128,2009-06-17,12.351916912431546
128,2009-06-18,22.122557813342674
128,2009-06-19,18.446057456499254
128,2009-06-20,61.60072594055249
128,2009-06-21,60.503911090930245
128,2009-06-22,89.48246700096205
128,2009-06-23,61.42072704296718
128,2009-06-24,18.223831377138005
128,2009-06-25,23.38985169790379
128,2009-06-26,11.657225135705856
128,2009-06-27,51.13804993963772
128,2009-06-28,36.42477103996678
128,2009-06-29,34.2468252816457
128,2009-06-30,13.966723340141115
128,2009-07-01,29.060716040333432
128,2009-07-02,23.35305645345455
128,2009-07-03,44.33692598577616
128,2009-07-04,76.33913023375287
128,2009-07-05,153.1754318041773
128,2009-07-06,8.56218997469659
128,2009-07-07,11.849037442239936
128,2009-07-08,40.91000302608451
128,2009-07-09,14.720789030345774
128,2009-07-10,43.903088190363725
128,2009-07-11,254.56715550603658
128,2009-07-12,54.51848764410645
128,2009-07-13,46.97260271684453
128,2009-07-14,124.5292334251869
128,2009-07-15,172.29282032646742
128,2009-07-16,41.18105574569187
128,2009-07-17,11.667427742591778
128,2009-07-18,24.870061936115427
128,2009-07-19,101.66413018802928
128,2009-07-20,22.314978240462622
128,2009-07-21,29.04837568729609
128,2009-07-22,34.53876206143816
128,2009-07-23,26.71123756285021
128,2009-07-24,10.827559654083446
128,2009-07-25,54.50248434692264
128,2009-07-26,26.95056234605682
128,2009-07-27,24.728540910572335
128,2009-07-28,22.66751436219218
128,2009-07-29,40.89646503940806
128,2009-07-30,19.752881384548875
128,2009-07-31,12.268578277346606
128,2009-08-01,32.83405571911623
128,2009-08-02,32.31281527389094
128,2009-08-03,63.46794349080738
128,2009-08-04,33.98581462429329
128,2009-08-05,15.856599576947659
128,2009-08-06,61.05375736849205
128,2009-08-07,312.9923800752745
128,2009-08-08,284.68858400342015
128,2009-08-09,41.9499747965911
128,2009-08-10,13.50545472355741
128,2009-08-11,27.13411090841167
128,2009-08-12,26.87744041824315
128,2009-08-13,6.43509881351294
128,2009-08-14,23.740866936019582
128,2009-08-16,11.576412103746982
128,2009-08-17,1.820478809722011
128,2009-08-18,34.252956852180965
128,2009-08-19,23.354308695682
128,2009-08-20,14.252173386115329
128,2009-08-21,61.04877871388854
128,2009-08-22,39.83442249240365
128,2009-08-23,54.634555952809166
128,2009-08-24,25.369900282165904
128,2009-08-25,2.38897372313536
128,2009-08-26,11.880550364934756
128,2009-08-27,35.85307683219379
128,2009-08-28,11.034673921401046
128,2009-08-29,6.087009295960459
128,2009-08-30,122.96565270324822
128,2009-08-31,6.777784166635582
128,2009-09-01,32.573550062601015
128,2009-09-02,164.95636719280105
128,2009-09-03,8.572427324651754
128,2009-09-04,161.50324068326205
128,2009-09-05,48.570718180367805
128,2009-09-06,74.76030208558387
128,2009-09-07,5.505212654972406
128,2009-09-08,33.10946351467434
128,2009-09-09,23.21193158546521
128,2009-09-10,18.905134560118096
128,2009-09-11,17.860122672504744
128,2009-09-12,53.64544960822192
128,2009-09-13,70.32620621770195
128,2009-09-14,19.03342174193059
128,2009-09-15,14.121987483528402
128,2009-09-16,11.371969458821818
128,2009-09-17,7.313305947143989
128,2009-09-18,18.23596699347224
128,2009-09-19,31.775478182098134
128,2009-09-20,26.21023187252663
128,2009-09-21,27.495807311499554
128,2009-09-22,17.758711416409184
128,2009-09-23,13.27437081210894
128,2009-09-24,9.982764055580223
128,2009-09-25,19.47253229850082
128,2009-09-27,18.813760684367843
128,2009-09-28,13.244719600990189
128,2009-09-29,19.724831533703618
128,2009-09-30,7.351158630694352
128,2009-10-01,612.0771964247771
128,2009-10-02,564.01251151401
128,2009-10-03,43.886338857378576
128,2009-10-04,145.8637945571247
128,2009-10-05,252.34938008909813
128,2009-10-06,265.444117053205
128,2009-10-07,645.369547200137
128,2009-10-08,32.06011500899622
128,2009-10-09,21.886860388686546
128,2009-10-10,23.047803972811153
128,2009-10-11,19.860074469293174
128,2009-10-12,12.525372542909073
128,2009-10-13,12.227040901582162
128,2009-10-14,19.39244708048654
128,2009-10-15,34.48745019570902
128,2009-10-16,23.186894493580173
128,2009-10-17,277.77696425736275
128,2009-10-18,35.10993318280769
128,2009-10-19,18.577687638679173
128,2009-10-20,50.16791204817014
128,2009-10-21,11.261026974965858
128,2009-10-22,22.49544908421987
128,2009-10-23,27.102639285417176
128,2009-10-24,59.13811212566356
128,2009-10-25,90.79834173517793
128,2009-10-26,53.977679163287895
128,2009-10-27,19.199247866370257
128,2009-10-28,14.61043462298831
128,2009-10-29,31.83038962888811
128,2009-10-30,23.159396190054697
128,2009-10-31,100.60884666483817
128,2009-11-01,20.826271674333757
128,2009-11-02,69.12581563466804
128,2009-11-03,4.625552500357661
128,2009-11-04,16.95073267967442
128,2009-11-05,47.03481827992939
128,2009-11-06,31.182198210809894
128,2009-11-08,19.032619194032627
128,2009-11-09,7.166498993945649
128,2009-11-10,11.387192684229978
128,2009-11-11,21.026475501168306
128,2009-11-12,7.2252907169722285
128,2009-11-13,16.89820831536137
128,2009-11-14,35.96283648683117
128,2009-11-16,17.293480247188548
128,2009-11-17,7.315224829831948
128,2009-11-18,17.532537292148984
128,2009-11-19,20.038764032323854
128,2009-11-20,39.6530765922921
128,2009-11-21,98.90366753733034
128,2009-11-23,15.525814859050149
128,2009-11-24,6.8776385713585615
128,2009-11-25,7.116941370440715
128,2009-11-26,35.76893602832145
128,2009-11-27,23.122846701731643
128,2009-11-28,28.88384710860238
128,2009-11-29,41.90778229680963
128,2009-11-30,15.774532473773993
128,2009-12-01,14.522012948817649
128,2009-12-02,29.196670646117887
128,2009-12-03,13.761332713994857
128,2009-12-04,27.790908036685067
128,2009-12-06,36.91451433692505
128,2009-12-07,14.203676492619485
128,2009-12-08,11.767650070493813
128,2009-12-09,1.6381750664636705
128,2009-12-10,10.220387941265255
128,2009-12-11,18.35711762593804
128,2009-12-12,70.95131478198961
128,2009-12-13,46.58260757447338
128,2009-12-14,23.294347169251175
128,2009-12-15,11.538681525834438
128,2009-12-16,14.972757024575117
128,2009-12-17,12.506556260797597
128,2009-12-18,21.09587743140179
128,2009-12-19,76.68562307017216
128,2009-12-20,27.94204694876915
128,2009-12-21,19.558464956483743
128,2009-12-22,31.671654611873873
128,2009-12-23,10.609737572635488
128,2009-12-24,6.648116995198551
128,2009-12-25,10.752647013322902
128,2009-12-26,106.0901295276822
128,2009-12-27,36.827512135866904
128,2009-12-28,33.0460232071133
128,2009-12-30,11.405481882052216
128,2009-12-31,36.43691840959004
128,2010-01-01,32.118432813483665
128,2010-01-02,18.93932291300008
128,2010-01-04,2.1203260692051056
128,2010-01-05,9.265003948028202
128,2010-01-06,29.014765445482915
128,2010-01-08,45.81679562055971
128,2010-01-09,43.83946700613687
128,2010-01-10,18.024960002808193
128,2010-01-11,19.298299024426584
128,2010-01-12,7.517863872168741
128,2010-01-13,23.490733021989453
128,2010-01-14,3.5181547554966532
128,2010-01-15,20.401018280527172
128,2010-01-16,113.1648334862236
128,2010-01-17,11.91414689574862
128,2010-01-18,6.562436658944696
128,2010-01-19,21.618415697334033
128,2010-01-20,9.49700282056331
128,2010-01-21,16.011002925404885
128,2010-01-22,20.199022325582625
128,2010-01-24,77.29299789716404
128,2010-01-25,2.9686273639676424
128,2010-01-26,6.789448669627043
128,2010-01-27,7.843532446445917
128,2010-01-28,7.655071514211497
128,2010-01-29,22.13601615772791
128,2010-01-30,14.97026622304969
128,2010-01-31,46.06299239842658
128,2010-02-01,14.92657771907796
128,2010-02-02,39.503490712395845
128,2010-02-03,8.904328033746479
128,2010-02-04,22.849458865312954
128,2010-02-05,24.411293336817195
128,2010-02-06,90.24219615953244
128,2010-02-07,187.2909999678996
128,2010-02-08,370.6618186291408
128,2010-02-09,145.70589698098655
128,2010-02-12,9.798521698094287
128,2010-02-13,6.962474543899259
128,2010-02-14,4.783170070661433
128,2010-02-15,9.937864761175037
128,2010-02-16,9.812282225749271
128,2010-02-17,26.293143697480257
128,2010-02-18,8.429300117464349
128,2010-02-19,199.8922083407441
128,2010-02-20,386.13456143618237
128,2010-02-21,415.91489088396503
128,2010-02-22,18.816189514469823
128,2010-02-23,6.786450813274883
128,2010-02-24,7.232505505423956
128,2010-02-25,17.2568314902262
128,2010-02-26,61.77128371975735
128,2010-02-28,5.711916324430739
128,2010-03-01,1.7117616763717074
128,2010-03-02,33.87173481186114
128,2010-03-03,11.362934782515707
128,2010-03-04,7.217037691045935
128,2010-03-05,29.27279632383962
128,2010-03-06,8.321728767986999
128,2010-03-07,55.02866097626187
128,2010-03-08,14.76777923873842
128,2010-03-09,15.31046744455418
128,2010-03-10,10.59866903549405
128,2010-03-11,16.214130326655148
128,2010-03-12,40.17934059132986
128,2010-03-14,37.08273479764936
128,2010-03-15,14.052120815123468
128,2010-03-16,20.45940867994993
128,2010-03-17,2.147587586656739
128,2010-03-18,7.926188060827842
128,2010-03-19,39.84297072103823
128,2010-03-21,46.236818314290154
128,2010-03-22,13.76042774625035
128,2010-03-23,14.049701421517902
128,2010-03-24,7.47922645500764
128,2010-03-25,15.050725690034485
128,2010-03-26,38.55091945110769
128,2010-03-27,18.393610448744603
128,2010-03-28,36.95526570458299
128,2010-03-29,8.43951235451845
128,2010-03-30,15.169954910189269
128,2010-03-31,11.135631616941913
128,2010-04-01,8.682277363111396
128,2010-04-02,33.6017841022993
128,2010-04-03,30.18390436412394
128,2010-04-04,74.55037537502886
128,2010-04-05,57.011199973434195
128,2010-04-06,32.151822150812876
128,2010-04-07,13.91060630682485
128,2010-04-08,12.81538981423719
128,2010-04-09,32.32751657184527
128,2010-04-10,27.797025421332698
128,2010-04-11,97.05498716420291
128,2010-04-12,13.478431431236192
128,2010-04-13,43.761502441780856
128,2010-04-14,21.701560833660988
128,2010-04-15,11.956032911881538
128,2010-04-16,39.57568411639238
128,2010-04-18,33.89438845947458
128,2010-04-19,14.755201081999205
128,2010-04-20,46.18484871734002
128,2010-04-21,7.42594817817027
128,2010-04-22,30.908759388534957
128,2010-04-23,7.445385664875133
128,2010-04-24,31.241695306417032
128,2010-04-25,14.147451399207727
128,2010-04-26,10.072386092375499
128,2010-04-27,7.288522607814512
128,2010-04-28,14.909843217292346
128,2010-04-29,45.02054926798106
128,2010-04-30,34.75808803520668
128,2010-05-01,40.08353241327933
128,2010-05-04,15.019887946469396
128,2010-05-05,17.925211173070764
128,2010-05-06,2.0188375997301837
128,2010-05-07,17.703327126314665
128,2010-05-08,38.068672580541076
128,2010-05-09,52.59577348701619
128,2010-05-10,50.85626495823515
128,2010-05-11,7.473680195794197
128,2010-05-12,7.213530222684119
128,2010-05-13,23.849773275442622
128,2010-05-14,29.07561034101573
128,2010-05-15,27.007475063285245
128,2010-05-16,38.74841698030181
128,2010-05-17,36.96370612759896
128,2010-05-18,32.11227503052841
128,2010-05-19,40.15057122561345
128,2010-05-20,48.33777280643155
128,2010-05-21,2.966363860810294
128,2010-05-22,47.31752585738758
128,2010-05-23,226.876291985095
128,2010-05-24,202.81797509688894
128,2010-05-25,34.24597128851311
128,2010-05-27,282.39404552108596
128,2010-05-28,16.088772346383667
128,2010-05-29,35.222478776662754
128,2010-05-30,111.56848954759066
128,2010-05-31,24.551963918623102
128,2010-06-01,63.352785953002645
128,2010-06-02,14.509966773632526
128,2010-06-03,13.81886542374522
128,2010-06-04,18.728937642231067
128,2010-06-05,50.89663859446538
128,2010-06-06,37.175127634971346
128,2010-06-07,53.49075806594814
128,2010-06-08,14.717810385708514
128,2010-06-09,39.695815312611344
128,2010-06-10,50.66111334356852
128,2010-06-11,15.049047930528795
128,2010-06-12,31.180193692353168
128,2010-06-13,382.46566725322174
128,2010-06-14,39.75290599673751
128,2010-06-15,24.248279525490286
128,2010-06-16,418.12951452733114
128,2010-06-17,19.218986305793003
128,2010-06-18,36.50242768877802
128,2010-06-19,28.796971284271716
128,2010-06-21,54.659272725184294
128,2010-06-22,9.583378191305318
128,2010-06-23,19.871265472016855
128,2010-06-24,54.976820261743036
128,2010-06-25,49.65224029527614
128,2010-06-28,9.109920465148338
128,2010-06-29,15.795689064833885
128,2010-06-30,42.83014293846387
128,2010-07-01,18.72814954365924
128,2010-07-02,36.75630821381787
128,2010-07-03,40.14545714542925
128,2010-07-04,26.525061015708328
128,2010-07-05,18.145666384021958
128,2010-07-06,4.099306102439941
128,2010-07-07,7.537490470306021
128,2010-07-08,7.663296266806896
128,2010-07-09,13.066904275795904
128,2010-07-12,1.8623417799261681
128,2010-07-13,56.95059525691711
128,2010-07-14,11.343585245018454
128,2010-07-15,8.699937236072198
128,2010-07-16,33.703938426407944
128,2010-07-18,103.08761076289804
128,2010-07-20,30.56274946200178
128,2010-07-21,6.09443154179346
128,2010-07-22,70.8016600339128
128,2010-07-23,32.662959518326986
128,2010-07-24,20.989186326467905
128,2010-07-25,24.67711498511699
128,2010-07-26,1.367603290595478
128,2010-07-27,18.050985580296537
128,2010-07-28,15.308393134589586
128,2010-07-29,3.6983420472847204
128,2010-07-30,3.4882831423446703
128,2010-07-31,60.788539118472286
128,2010-08-01,24.17277519700609
128,2010-08-02,2.3629141113524357
128,2010-08-03,7.362926752303399
128,2010-08-04,0.9031675386833937
128,2010-08-05,62.07712020685038
128,2010-08-06,32.87336832297193
128,2010-08-07,60.96987472709375
128,2010-08-08,133.73792552035533
128,2010-08-09,4.967165068892121
128,2010-08-10,19.54783840289336
128,2010-08-11,14.328853444353998
128,2010-08-12,24.510803720977414
128,2010-08-13,12.762433729882826
128,2010-08-15,11.336631835205306
128,2010-08-17,14.419388319400877
128,2010-08-18,7.604235343052323
128,2010-08-19,35.436049415707046
128,2010-08-20,20.05104489596889
128,2010-08-21,39.238104005767234
128,2010-08-22,62.51956226238869
128,2010-08-23,8.482318231402235
128,2010-08-24,64.08121566472855
128,2010-08-25,42.83367473614791
128,2010-08-26,20.655866823990785
128,2010-08-27,13.132624249579893
128,2010-08-28,122.46011979116331
128,2010-08-29,28.315749439185733
128,2010-08-30,8.00797158078965
128,2010-08-31,17.867947895813646
128,2010-09-01,0.7946426984745034
128,2010-09-02,1.0532418439014446
128,2010-09-03,18.83986314489368
128,2010-09-06,5.891767572483122
128,2010-09-07,503.020660257234
128,2010-09-09,86.62311414884455
128,2010-09-10,476.5000924776422
128,2010-09-11,95.59061447484058
128,2010-09-13,27.61377819824797
128,2010-09-14,0.6956836829804542
128,2010-09-15,7.329217562216016
128,2010-09-16,4.360843198420271
128,2010-09-17,9.306407033367831
128,2010-09-18,9.246058381647355
128,2010-09-19,7.608552766227363
128,2010-09-20,6.595434653605064
128,2010-09-21,17.587890882163585
128,2010-09-22,24.751813027860212
128,2010-09-24,17.102989968995548
128,2010-09-25,16.96082495519443
128,2010-09-26,0.8779553284054119
128,2010-09-27,467.71676194111984
128,2010-09-28,147.12739954214106
128,2010-09-29,2.783112263747473
128,2010-09-30,27.22327374905053
128,2010-10-01,106.46617503855893
128,2010-10-02,108.1375937709763
128,2010-10-03,172.22326638008772
128,2010-10-04,171.9770692941104
128,2010-10-05,185.24612187973688
128,2010-10-06,16.748346160196917
128,2010-10-08,401.31006083171815
128,2010-10-09,100.0936566755675
128,2010-10-11,17.843086279032285
128,2010-10-12,11.571169623633063
128,2010-10-13,14.794134024128706
128,2010-10-14,11.051714175543601
128,2010-10-15,23.362338048726915
128,2010-10-16,31.8446994012493
128,2010-10-17,37.09671120637545
128,2010-10-18,17.33746792188655
128,2010-10-19,7.365255662942503
128,2010-10-20,15.890330023419578
128,2010-10-21,11.662530510453768
128,2010-10-22,11.866602899217947
128,2010-10-24,21.360572086506043
128,2010-10-25,11.363386380412885
128,2010-10-27,4.977447371887703
128,2010-10-28,14.46244211477147
128,2010-10-29,14.318503995746536
128,2010-10-30,93.96152352485508
128,2010-11-01,15.988789855209708
128,2010-11-05,15.915532595678311
128,2010-11-08,16.44409205744941
128,2010-11-12,17.660353458917484
128,2010-11-15,16.165589893543245
128,2010-11-19,2.523301476438895
128,2010-11-22,17.21290863798141
128,2010-11-26,16.766855734886498
128,2010-11-29,16.218840925579407
128,2010-12-14,15.952935819121475
128,2010-12-15,30.078468473553563
128,2010-12-16,16.51324447629299
128,2010-12-17,27.67059877277994
128,2010-12-20,20.236856429417994
128,2010-12-23,16.584744073224964
128,2010-12-24,2.9395755538077912
128,2010-12-25,31.270152394397627
128,2010-12-27,27.84252440526246
128,2010-12-30,11.849902540804916
128,2010-12-31,22.205418671318906
128,2011-01-02,166.20783897893048
128,2011-01-04,4.502830665831788
128,2011-01-05,16.32482142363699
128,2011-01-06,1.570945044815413
128,2011-01-07,14.035670182789291
128,2011-01-10,1.4810789879256554
128,2011-01-11,6.403865560780209
128,2011-01-12,0.8629805458426023
128,2011-01-14,27.790141099715406
128,2011-01-17,16.1026614670484
128,2011-01-21,13.111942144416638
128,2011-01-22,32.95146785252161
128,2011-01-24,35.560905920772456
128,2011-01-25,12.020505438903328
128,2011-01-31,289.51190814161237
128,2011-02-07,166.0652950272432
128,2011-02-25,151.66942884766954
128,2011-02-26,36.73443703946862
128,2011-02-27,39.6532740300547
128,2011-02-28,16.322538224643868
128,2011-03-04,11.885565515212571
128,2011-03-07,16.22943114285391
128,2011-03-08,41.883992767536334
128,2011-03-10,66.7852472415917
129,2008-05-01,0.3825320898512945
129,2008-05-02,306.37434040059054
129,2008-05-03,152.11993001374833
129,2008-05-05,132.74591289184028
129,2008-05-06,3.486054952605522
129,2008-05-07,0.9105276969210067
129,2008-05-16,6.993850131088141
129,2008-05-27,22.52451685622592
129,2008-06-27,16.90814989155033
130,2009-07-06,3.8917844418516925
130,2009-07-11,15.373863448124576
130,2009-07-12,35.54331079737011
130,2009-08-01,5.666639355220724
130,2009-08-28,26.853167138245606
130,2009-08-29,28.603732942227506
130,2009-08-30,8.79670612632335
130,2009-09-05,3.6076392064232996
130,2009-09-09,18.108693161013132
130,2009-09-10,10.29244601705333
130,2009-09-11,23.669930652517472
130,2009-09-12,35.20797811389541
130,2009-09-13,17.07362003602082
130,2009-09-14,4.269442766972247
130,2009-09-15,4.9165080918162
130,2009-09-17,2.9427260689615995
130,2009-09-18,4.8542016344579455
130,2009-10-06,2.9852827656359833
130,2009-10-12,4.1080033141585774
131,2009-04-17,12.9989612346924
131,2009-04-18,74.97545214561619
131,2009-04-19,15.737060498191747
131,2009-04-21,196.80343922341387
131,2009-04-22,5.704061919001958
131,2009-04-23,16.921448922663416
131,2009-04-24,5.702144700360449
131,2009-06-26,11.650700038786608
131,2009-06-27,1.1683373595426083
131,2009-06-30,5.994024733416696
131,2009-07-01,6.841166150039212
131,2009-07-02,22.009082472272343
131,2009-07-03,39.92757824087029
131,2009-07-10,13.25782909734474
131,2009-07-15,35.99987849967897
131,2009-07-16,57.5978028500745
131,2009-07-22,25.935462037305754
131,2009-07-31,1.176497428575972
131,2009-08-01,34.48931697443714
131,2009-08-02,23.662422711116978
132,2010-02-13,0.27940826415868913
132,2010-02-15,5.879149292053209
132,2010-02-17,57.442584223484126
132,2010-02-19,47.026248133459234
132,2010-04-30,15.899586106542074
132,2010-05-01,156.43223298306725
133,2010-11-27,5.290126799857306
133,2011-01-30,209.0782955887497
133,2011-04-19,88.14518599366323
133,2011-04-20,1.680000520633224
133,2011-04-21,95.30241324558591
134,2007-04-24,3.358931379360437
134,2007-04-25,6.778650592923344
134,2007-04-26,0.1745839608900736
134,2007-04-27,6.074038827208503
134,2007-04-28,3.381412983038163
134,2007-04-30,8.271863716043384
134,2007-05-08,4.742048500550578
134,2007-05-09,0.3849156548992481
134,2007-05-11,5.205276157419791
134,2007-05-12,4.145163920148782
134,2007-05-14,2.300584293653848
134,2007-05-21,2.1799475620846502
134,2007-05-26,4.336597504444173
134,2007-05-28,3.0853362305158045
134,2007-05-30,1.12753547086734
134,2007-05-31,2.1661130520321628
134,2007-06-01,1.0987351772689673
134,2007-06-02,9.41763233626994
134,2007-06-04,2.161759150833744
134,2007-06-05,1.1179263179733394
134,2007-06-08,3.2313580124891472
134,2007-06-09,53.06870928017392
134,2007-06-10,2.0440060473648165
134,2007-06-11,13.225274289789034
134,2007-06-12,7.647480719513773
134,2007-06-13,33.22078814427565
134,2007-06-14,13.513858104305667
134,2007-06-20,2.2627156533419375
134,2007-06-28,1.1283146732257647
134,2007-07-04,1.4844552096896837
134,2007-07-06,4.158141797593025
134,2007-07-07,165.29933517529204
134,2007-07-08,6.510737675425333
134,2007-07-09,0.1945759379067342
134,2007-07-14,3.9815439740910765
134,2007-07-15,5.5752662296973705
134,2007-07-16,1.0454100332144327
134,2007-07-17,250.509497986088
134,2007-07-18,9.283022665136036
134,2007-11-27,200.34037256501352
134,2007-11-28,11.020031955323095
134,2007-11-29,6.1511733102263015
134,2007-12-20,9.519686022434145
134,2007-12-21,0.314394720852541
134,2008-01-03,73.44894041237426
134,2008-01-04,5.801768081184928
134,2008-01-05,9.585042429652939
134,2008-01-07,4.615556407772686
134,2008-01-09,2.8945553254739282
134,2008-01-11,6.290708795212442
134,2008-01-23,3.120333403745523
134,2008-01-24,4.3903312493787725
134,2008-01-25,6.526384363014129
134,2008-01-26,2.061809205244551
134,2008-01-28,38.68126291066465
134,2008-01-31,23.61428042797184
134,2008-02-01,4.676299828493149
134,2008-02-04,2.863218269757203
134,2008-02-05,2.5805538583746856
135,2008-12-24,1.4091538403109458
135,2008-12-27,8.436697789593739
135,2008-12-28,6.534858247368086
135,2009-01-01,21.356992464874555
135,2009-01-02,0.5526934359033767
135,2009-01-03,6.5378727013003175
135,2009-01-09,19.755357501277505
135,2009-01-10,4.7091662127648934
135,2009-01-12,6.827643687602091
135,2009-01-14,8.256833467121194
135,2009-01-24,663.6158515987843
135,2009-01-25,202.75967316545146
135,2009-01-26,0.8470515995429778
135,2009-01-27,4.757342585815335
136,2008-05-09,1.1508055369660628
136,2008-05-10,4.007857862461072
136,2008-05-11,11.521352795554265
136,2008-05-12,14.212834510798029
136,2008-05-22,0.932075454407505
136,2008-05-23,0.501682394096387
136,2008-05-25,20.49899482546391
136,2008-05-26,0.3990010554678465
136,2008-05-27,2.4500100167961585
136,2008-05-28,1.2381832421847583
136,2008-05-29,0.15243126411954439
136,2008-05-30,42.49993152659896
136,2008-06-02,0.1397492379564589
137,2011-01-27,11.57846437837104
137,2011-01-28,634.5705094000499
138,2007-05-23,0.6144795305284723
138,2007-05-24,4.2683470405384965
138,2007-05-25,14.785533844892266
138,2007-05-26,30.359045280393854
138,2007-05-28,0.3404815208862859
138,2007-05-31,1.9639949378821022
138,2007-06-04,1.127033337720061
138,2007-06-06,1.0739296430110308
138,2007-06-08,2.2212587945098785
138,2007-06-11,3.6300197680781445
138,2007-06-12,15.307420846917218
138,2007-06-20,6.7134746425894445
138,2007-06-21,4.5743449576349695
138,2007-06-26,1.6134935588167858
138,2007-06-27,10.442929039255246
139,2007-09-03,2.075953909867402
139,2007-09-04,658.7203699236405
139,2007-09-05,13.13374068899443
139,2007-09-06,655.5224113237742
139,2007-09-07,4.9707162177845365
139,2007-09-13,2.9931387640796587
139,2007-09-14,0.4319917719242995
139,2007-09-19,0.670724586764832
139,2007-09-20,1.0284471164483768
139,2007-09-21,1.6687163501320763
139,2007-09-22,3.5813875787433465
139,2007-10-02,2.9239911267224383
139,2007-10-03,40.51668145390951
139,2007-10-04,89.92061185279482
139,2007-10-06,87.83424810287417
139,2007-10-07,5.3777510000012
139,2007-10-08,2.583418546375237
139,2007-10-09,0.4853924691606742
140,2007-04-27,0.0
140,2007-04-28,8.250978281497684
140,2007-04-29,15.509228410181125
140,2007-04-30,7.915775249889608
140,2007-05-01,8.16563854211726
140,2007-05-02,667.0651182117306
140,2007-05-06,609.6003557188887
140,2007-05-08,7.808726971732499
140,2007-05-09,13.811996576803237
140,2008-08-18,24.733392274680643
140,2008-08-19,15.004923533469965
140,2008-08-22,39.01928724736429
140,2008-08-24,30.19674940195316
140,2008-08-28,22.218353387617658
140,2008-08-29,60.189794922962946
140,2008-08-30,40.42109874076393
140,2008-08-31,189.0936749903407
140,2008-09-01,5.010147622365048
140,2008-09-02,32.249527982966704
140,2008-09-03,27.27907461601428
140,2008-09-04,16.26907712174762
140,2008-09-05,41.26323090904998
140,2008-09-08,16.76458805422294
140,2008-09-09,16.13423135613222
140,2008-09-10,0.7986257029878459
140,2008-09-11,18.55459152806284
140,2008-09-12,7.978528192996537
140,2008-09-13,27.383206544785576
140,2008-09-15,10.103408174290127
140,2008-09-16,1.5120457310661193
140,2008-09-17,14.261900277140487
140,2008-09-18,24.333612653345583
140,2008-09-19,16.779224614984212
140,2008-09-21,15.523284519901386
140,2008-09-22,45.86385346009325
140,2008-09-23,24.930042931200315
140,2008-09-24,41.61496089179847
140,2008-09-25,17.89701743857648
140,2008-09-26,17.924468507914433
140,2008-09-27,15.316127198250364
140,2008-09-30,45.16012403622793
140,2008-10-08,22.319826022782944
140,2008-10-10,6.017154599306823
140,2008-10-11,290.87194496938406
140,2008-10-12,325.2590840691367
140,2008-10-17,13.173563718504049
140,2008-10-21,11.52159650476108
140,2008-10-22,8.381609747666028
140,2008-10-23,13.009524852578707
140,2008-10-24,13.247319859702367
140,2008-10-25,18.42105377705194
140,2008-10-29,15.251163259656854
140,2008-10-31,15.711171913011398
140,2008-11-07,15.586503268095921
140,2008-11-08,17.969834582694464
140,2008-11-09,4.125256551707896
140,2008-12-08,20.241119847826578
140,2008-12-09,14.975125042521446
140,2009-01-04,15.131632829033038
140,2009-01-05,15.990102786778827
140,2009-01-06,15.496568029587223
140,2009-01-07,15.592912626457954
140,2009-01-08,9.562582633663716
140,2009-01-09,23.206369901675668
140,2009-01-10,72.59632935686426
140,2009-01-12,18.92304327402511
140,2009-01-13,21.406233798153686
140,2009-01-14,37.4580374994969
140,2009-01-15,198.47153593861097
140,2009-01-16,5.446231251828807
140,2009-01-17,5.001685033074537
140,2009-01-18,3.255296602313397
140,2009-01-24,3.4681024096227815
140,2009-01-26,4.874301779672628
140,2009-01-28,433.81405047287944
140,2009-01-29,76.27068309732289
140,2009-01-30,27.790699137331178
140,2009-01-31,11.16496073970716
140,2009-02-01,16.2642796732852
140,2009-02-02,15.306601342471449
140,2009-02-03,79.88538041481617
140,2009-02-05,27.5350606092231
140,2009-02-06,38.14578346680251
140,2009-02-09,24.371166552718883
140,2009-02-10,16.916765731128503
140,2009-02-11,9.057941583752227
140,2009-02-12,21.034495617351247
140,2009-02-13,12.702835487653322
140,2009-02-14,9.2895673784544
140,2009-02-15,20.05349144293549
140,2009-02-16,16.007043303440437
140,2009-02-17,36.58396390543863
140,2009-02-19,16.140285083659677
140,2009-02-20,31.099392657847623
140,2009-02-23,8633.679008597222
140,2009-02-28,66.27252920941726
140,2009-03-01,47.743230354193194
140,2009-03-13,8658.008102210302
140,2009-03-14,13.239711385745117
140,2009-03-17,19.283095094951666
140,2009-03-18,16.615182490243214
140,2009-03-19,0.6215323099409364
140,2009-03-22,21.30652914305251
140,2009-03-23,14.729331587840608
140,2009-03-24,13.949540877374947
140,2009-03-25,16.45016103300297
140,2009-03-26,16.713386447755795
140,2009-03-27,42.84423593976952
140,2009-03-28,9.845160992372731
140,2009-03-29,15.982376226379298
140,2009-03-30,8.82323597350618
140,2009-03-31,7.401841761232304
140,2009-04-01,13.092697169182548
140,2009-04-02,17.958877043302426
140,2009-04-03,13.176547675414204
140,2009-04-04,149.02635751878037
140,2009-04-05,24.336308146003272
140,2009-04-06,156.21233348958773
140,2009-04-07,16.37181631216022
140,2009-04-08,18.509562929590185
140,2009-04-09,16.863463798918197
140,2009-04-10,22.23415072926154
140,2009-04-11,24.45261530134373
140,2009-04-12,28.586907472372765
140,2009-04-16,16.903844076014362
140,2009-04-17,8.13214573489925
140,2009-04-18,8.895058076037525
140,2009-04-19,27.568199274994836
140,2009-04-20,17.90726628559384
140,2009-04-21,612.161521080963
140,2009-04-23,51.453172652308496
140,2009-04-26,605.6304377772141
140,2009-04-27,16.70670805292466
140,2009-04-28,16.8793705886416
140,2009-04-29,16.455953406700832
140,2009-05-02,143.2988622261482
140,2009-05-03,84.80211378826766
140,2009-05-04,34.839159070931075
140,2009-05-05,16.815963654096823
140,2009-05-06,15.597457582090192
140,2009-05-07,16.857920225255306
140,2009-05-08,16.748465845573445
140,2009-05-09,21.505345020494094
140,2009-05-10,14.779108165654224
140,2009-05-11,15.998470632702873
140,2009-05-12,16.888376215666405
140,2009-05-13,15.41631213575955
140,2009-05-14,16.68617501499696
140,2009-05-15,16.86894108968615
140,2009-05-18,16.864982764711566
140,2009-05-19,44.1643545709442
140,2009-05-20,8.983532440916923
140,2009-05-21,18.086963846949832
140,2009-05-22,17.74909866709825
140,2009-05-23,14.21581005678531
140,2009-05-24,18.42525800202782
140,2009-05-25,24.489570252400625
140,2009-05-26,21.47946283517372
140,2009-05-27,22.0069252253107
140,2009-05-30,19.67560884845636
140,2009-05-31,7.032018630012665
140,2009-06-02,9.07096065938343
140,2009-06-03,23.03592916280397
140,2009-06-04,20.61778091717904
140,2009-06-05,15.675616187510366
140,2009-06-06,64.10503919166757
140,2009-06-09,26.11660019915076
140,2009-06-10,8.352541950842156
140,2009-06-11,26.417632740233245
140,2009-06-12,16.077081641176335
140,2009-06-13,16.829445179770296
140,2009-06-14,37.04140805701339
140,2009-06-15,38.797036587533434
140,2009-06-16,16.199466194779102
140,2009-06-17,16.97935308991484
140,2009-06-19,10.069724690644133
140,2009-06-20,40.13215313843199
140,2009-06-23,37.340180670138224
140,2009-06-25,36.3223461264812
140,2009-06-26,7.921373954612286
140,2009-06-27,39.75448917865963
140,2009-06-28,420.6913140189788
140,2009-06-29,171.87536031673605
140,2009-06-30,167.3310075486229
140,2009-07-01,152.49749352051563
140,2009-07-02,138.51363520692996
140,2009-07-03,266.1248920145074
140,2009-07-04,247.55302709429213
140,2009-07-07,9.11844558180004
140,2009-07-08,24.5805034612698
140,2009-07-09,12.999429572735176
140,2009-07-10,15.602842874071392
140,2009-07-11,14.07585183918903
140,2009-07-12,10.221500696508901
140,2009-07-13,10.328635108539324
140,2009-07-14,16.244092982764126
140,2009-07-15,16.08796749034691
140,2009-07-17,45.16016564356292
140,2009-07-18,21.526984731896306
140,2009-07-19,10815.959259742163
140,2009-07-20,107.81467538447615
140,2009-07-21,1.455631359509189
140,2009-07-23,23.94020313348588
140,2009-07-24,30.926690637630873
140,2009-07-25,37.617227831138415
140,2009-07-27,3976.411279796687
140,2009-07-28,14.007377335475452
140,2009-07-29,16.20219243228678
140,2009-07-30,101.91974610214353
140,2009-07-31,8639.377816315424
140,2009-08-01,31.31676264675367
140,2009-08-05,16.321441767737507
140,2009-08-09,28.319130833117956
140,2009-08-10,8.679043036581403
140,2009-08-11,8.996180600596967
140,2009-08-16,20.58603597508355
140,2009-08-24,15.398588234542576
140,2009-08-25,16.8435574921328
140,2009-08-26,16.12583269718057
140,2009-08-27,16.683617164835358
140,2009-08-28,15.978688450055836
140,2009-08-31,7.8711594119227
140,2009-09-01,8.926240158140542
140,2009-09-02,170.09501210136253
140,2009-09-04,152.03204056024322
140,2009-09-08,28.84357655681579
140,2009-09-09,19.16805981265282
140,2009-09-10,15.57255203773288
140,2009-09-11,17.197475595093774
140,2009-09-13,60.072029430717485
140,2009-09-14,17.989833372847386
140,2009-09-15,19.32665384300433
140,2009-09-16,16.13131222704554
140,2009-09-17,15.160626788736089
140,2009-09-18,30.181592999318557
140,2009-09-21,15.813512123665266
140,2009-09-22,17.25402436849043
140,2009-09-23,17.902213109112676
140,2009-09-24,7.546856601510122
140,2009-09-25,8.934760474576303
140,2009-09-27,16.993623775701195
140,2009-09-28,16.00134289302651
141,2011-08-29,7.557285398228524
141,2011-08-30,9.222940350285576
141,2011-08-31,4.119249472731103
141,2011-09-02,8.448262865213415
141,2011-09-03,12.047521333973322
141,2011-09-05,6.117425960111558
141,2011-09-09,12.880336869068541
141,2011-09-10,31.351527292709523
141,2011-09-11,2.4830982545847773
141,2011-09-17,2.2214843536705846
141,2011-09-18,10.572807221510718
141,2011-09-19,7.826748673348569
141,2011-09-23,6.841375363197207
141,2011-09-24,7.489481332932216
141,2011-09-25,10.917841461094762
141,2011-09-26,4.833938413174374
141,2011-09-29,4.7383418276848905
141,2011-10-08,16.182180743399165
141,2011-10-09,14.786476798821436
141,2011-10-10,14.375405184312015
141,2011-10-11,14.451442469734042
141,2011-10-12,8.632996314758618
141,2011-10-13,7.133459586756714
141,2011-10-14,6.972107853947601
141,2011-10-22,50.09681499669562
141,2011-10-23,109.89617867396727
142,2007-04-12,5.807156732908075
142,2007-04-13,29.038291396254074
142,2007-04-14,43.90632561347899
142,2007-04-15,17.28250291470299
142,2007-04-16,8.461045793616792
142,2007-04-17,6.026251657369077
142,2007-04-18,9.80751234613216
142,2007-04-20,35.19417663536863
142,2007-04-21,39.21604409409044
142,2007-04-22,20.99732054351857
142,2007-04-23,5.620683225355786
142,2007-04-24,11.871980773693323
142,2007-04-25,16.501317741123554
142,2007-04-26,10.583609218711166
142,2007-04-27,18.469431205941678
142,2007-06-13,16.94342615401687
142,2008-03-30,34.2944744793608
142,2008-04-05,123.05752975807651
142,2008-04-12,31.937943598725997
142,2008-04-13,79.56496138309092
142,2008-04-27,8637.268489086231
142,2008-04-28,8.978843956774375
142,2008-04-29,5.727660168627001
142,2008-04-30,16.529422942385374
142,2008-05-01,3.455524988904726
142,2008-05-02,13.533428737884934
142,2008-05-03,45.5323312249107
142,2008-05-04,42.67188474736281
142,2008-05-05,4.954970459906674
142,2008-05-07,7409.170206296127
142,2008-05-19,23.10046197867019
142,2008-05-20,11.150088046478603
142,2008-05-21,11.56345019169052
142,2008-05-22,11.881219874045255
142,2008-05-23,343.3632788336412
142,2008-05-24,34.25317379700366
142,2008-05-25,11.509887021216304
142,2008-05-26,5.681932587817194
142,2008-07-21,1236.8813109524583
142,2008-07-22,38.488598685992045
142,2008-07-23,30.484853462228113
142,2008-07-24,9.73230823180589
142,2008-07-25,37.20657779400902
142,2008-07-26,24.013124361317598
142,2008-12-14,1204.8386239866988
142,2008-12-15,11.712196161275292
142,2008-12-16,14.443770179971597
142,2008-12-17,11.741127445459277
142,2008-12-18,27.317026877453536
142,2008-12-19,14.391110332264592
142,2008-12-21,11.229264221868927
142,2008-12-22,4.976859732117623
142,2008-12-23,14.914006577293721
142,2008-12-24,10.980979910824024
142,2008-12-25,34.44050835702568
142,2008-12-26,19.40086942181377
142,2010-04-16,14.760995446512766
142,2010-04-20,15.061312808466884
142,2010-04-23,5.886981380465158
142,2010-05-06,21.00390016040922
142,2010-05-07,15.655279980442263
142,2010-05-11,11.694888750734735
142,2010-05-12,5.9000826313914425
142,2010-05-14,17.08575124229408
142,2010-05-16,5832.266451805619
142,2010-05-17,2.05048351377444
142,2010-05-22,5848.7632495089465
142,2010-05-25,30.475980590813045
142,2010-05-26,14.97106204370301
142,2010-05-27,15.053653649124868
142,2010-05-28,14.44840833598098
142,2010-05-30,23.07866001830652
142,2010-06-01,18.791849616723987
142,2010-06-02,28.739369213929265
142,2010-06-03,15.103515199109767
142,2010-06-04,16.23190066791621
142,2010-06-05,18.487586756462225
142,2010-06-06,93.77677496758086
142,2010-06-08,104.90435506788228
142,2010-06-09,11.398361488126755
142,2010-06-10,12.420138143196526
142,2010-06-11,12.868548340806738
142,2010-06-15,66.2593208299366
142,2010-06-17,13.552863345623983
142,2010-06-18,13.544322464043157
142,2010-06-19,30.630258047189503
142,2010-06-23,25.996939313868236
142,2010-06-24,13.609332711754758
142,2010-06-25,13.571716348032764
142,2010-06-27,170.97786267605687
142,2010-06-29,7.018736864369476
142,2010-07-01,19.009269655729607
142,2010-07-06,7.02271579215812
142,2010-09-20,6.585251421847796
142,2010-09-22,22.70037850285421
142,2011-01-22,34.932440032031444
142,2011-01-23,6.413492130862117
142,2011-01-24,8.506189245183835
142,2011-01-25,14.959862434967857
142,2011-01-26,15.098772835041101
142,2011-01-28,15.148122785564485
142,2011-01-30,15.692318750845219
142,2011-01-31,15.233313977022458
143,2009-09-12,9.839380243508339
144,2008-04-28,11.246340784551036
144,2008-04-30,21.65914560244011
144,2008-05-01,77.85761256982234
144,2008-05-02,3.50694401925003
144,2008-05-03,75.03633378570882
144,2008-05-05,22.215966615404497
144,2008-05-06,22.318719356256064
144,2008-05-07,10.927695304099165
144,2008-05-08,11.357289168252557
144,2008-05-09,22.631820950904647
144,2008-05-10,5.6833328341254585
144,2008-05-11,31.365247718190133
144,2008-05-12,0.5253957175954572
144,2008-05-17,79.10767052431014
144,2008-05-18,11.390476824577059
144,2008-05-20,52.71199647136864
144,2008-05-21,6.720568226888316
144,2008-05-22,32.916937501958834
144,2008-05-23,18.322433287774622
144,2008-05-24,28.97647818651622
144,2008-05-25,49.846731847555624
144,2008-05-26,6.763830658673869
144,2008-05-27,8.843571735375818
144,2008-05-29,9.170461828119434
144,2008-05-30,24.737097699420776
144,2008-05-31,18.10799486508418
144,2008-06-01,55.25957209227998
144,2008-06-02,15.145120642366031
144,2008-06-03,1.4275777454459082
144,2008-06-05,16.99555610779618
144,2008-06-06,6.815875033897275
144,2008-06-07,715.3306696641611
144,2008-06-08,113.43180000233221
144,2008-06-10,141.75923917119457
144,2008-06-11,435.7967558306341
144,2008-06-13,423.76087620950403
144,2008-06-14,126.78926594554837
144,2008-06-15,40.40301140609757
144,2008-06-16,8.472073592907934
144,2008-06-17,12.577547358234774
144,2008-06-18,4.405322726212824
144,2008-06-19,32.52935841242706
144,2008-06-20,19.397771727172604
144,2008-06-21,503.42157219808763
144,2008-06-22,16.74014867951944
144,2008-06-23,529.958758854618
144,2008-06-24,5.89953850577627
144,2008-06-25,11.262537047073302
144,2008-06-26,402.46602622228596
144,2008-06-27,570.6746843970691
144,2008-06-28,42.86754408182508
144,2008-06-29,36.019276450008746
144,2008-06-30,201.99243457189772
144,2008-07-01,115.27326992151175
144,2008-07-02,27.458213383201922
144,2008-07-04,293.5326869767799
144,2008-07-05,19.909168559982085
144,2008-07-06,21.278638453451887
144,2008-07-08,32.456905518973365
144,2008-07-10,15.026177012860577
144,2008-07-11,86.82094088043982
144,2008-07-12,123.3130298501651
144,2008-07-13,26.410641056266112
144,2008-07-14,2.162810596644381
144,2008-07-15,20.31670413210206
144,2008-07-16,34.74503792542887
144,2008-07-19,30.592143939711093
144,2008-07-22,2.519353800678419
144,2008-07-23,15.912444578967913
144,2008-07-27,3.730753143262401
144,2008-08-21,5.950304082551999
144,2008-08-22,7.140894004739948
144,2008-08-23,7.986479378270854
144,2008-08-25,15.36454418721303
144,2008-08-27,13.008368972429361
144,2008-08-29,16.70872006498183
144,2008-08-30,29.751537869352507
144,2008-08-31,4.100793084071768
144,2008-09-02,2.622166905884139
144,2008-09-03,30.782463801771232
144,2008-09-04,2.5365060489185254
144,2008-09-05,11.052339574323355
144,2008-09-08,3.865360517055405
144,2008-09-09,13.765631317803434
144,2008-09-10,1.2074523993346953
144,2008-09-11,1.0145759661633842
144,2008-09-12,0.20118542778033066
144,2008-09-13,319.4781154137265
144,2008-09-14,54.14660731872318
144,2008-09-15,282.6788560832933
144,2008-09-16,1.6603984977486086
144,2008-09-17,3.2456851559444564
144,2008-09-18,1.2580792936154404
144,2008-09-19,35.08326299531408
144,2008-09-20,36.7529307358213
144,2008-09-21,3.5633683261289386
144,2008-09-22,4.864201445832607
144,2008-09-23,2.1654687731647324
144,2008-09-24,2.5072555843439983
144,2008-09-25,1.538817047449657
144,2008-09-26,1.265651755565407
144,2008-09-27,17.870569879586387
144,2008-09-28,252.13258169538358
144,2008-09-29,227.85767900004663
144,2008-09-30,472.48640312842485
144,2008-10-01,9.126626815615058
144,2008-10-02,13.154586000771681
144,2008-10-03,31.432030154449382
144,2008-10-05,7.118509533295684
144,2008-10-06,1.5499002139069504
144,2008-10-08,14.883006186228656
144,2008-10-10,33.15483086686908
144,2008-10-11,28.776421566315708
144,2008-10-12,53.891732409329826
144,2008-10-14,67.42424010280212
144,2008-10-15,1.2253179444331588
144,2008-10-16,10.738997293251844
144,2008-10-17,0.0195924933019215
144,2008-10-18,3.577323281356427
144,2008-10-19,11.429474185234964
144,2008-10-23,6.299368604767132
144,2008-10-24,1.950709671155871
144,2008-10-25,10.862177757955871
144,2008-10-26,11.577192841066008
144,2008-10-27,44.33397724946247
144,2008-10-28,14.285183758758487
144,2008-11-01,1.277148876957775
144,2008-11-02,44.97975735668416
144,2008-11-03,11.213999001877731
144,2008-11-05,945.1301626628785
144,2008-11-08,105.62433146978157
144,2008-11-09,1018.2109937554889
144,2008-11-10,2.4295547560783777
144,2008-11-11,4.130963029389529
144,2008-11-12,491.7599709870103
144,2008-11-13,96.42239059432121
144,2008-11-15,486.58849765920763
144,2008-11-16,32.091604550409336
144,2008-11-29,8.008681660279041
144,2008-11-30,36.01722674278809
144,2008-12-01,1.0394769555443715
144,2008-12-02,13.207712368083957
144,2008-12-03,25.669204414153743
144,2008-12-05,14.238640346713112
144,2008-12-06,3.0225435981217377
144,2008-12-07,28.53912015464772
144,2008-12-08,0.3796178216105335
144,2008-12-09,13.754447000833114
144,2008-12-10,1.2067473480717346
144,2008-12-11,1.2314703300741032
144,2008-12-12,57.7713782739527
144,2008-12-13,16.105332130426504
144,2008-12-14,72.82613113404727
144,2008-12-15,39.12883355129222
144,2008-12-16,475.04221948473423
144,2008-12-18,607.0625655219173
144,2008-12-22,29.432567782047958
144,2008-12-23,3.8968603185903263
144,2008-12-24,8.049775699268642
144,2008-12-25,3.51017126302766
144,2008-12-27,9.482775207090278
144,2008-12-28,16.738431795861306
144,2008-12-29,4.585536197584338
144,2008-12-30,1.6554590107568556
144,2008-12-31,875.1585479682101
144,2009-01-01,2.3047206000450506
144,2009-01-02,200.62831207115997
144,2009-01-03,875.7482064466675
144,2009-01-04,177.11956169515992
144,2009-01-05,1.166189708364365
144,2009-01-08,12.88518250223
144,2009-01-09,0.1905136884418863
144,2009-01-10,14.031583013946586
144,2009-01-11,29.125529295240774
144,2009-01-12,3.9004512765961223
144,2009-01-13,1.5135117026503675
144,2009-01-14,2.3219273865338255
144,2009-01-15,2.3623048396332544
144,2009-01-17,6.5148789843804
144,2009-01-18,1.8234599273928291
144,2009-01-19,1.2702190131571534
144,2009-01-20,431.2490941486857
144,2009-01-21,20.33515034210359
144,2009-01-22,31.552461073975117
144,2009-01-23,92.89394245665935
144,2009-01-24,24.51176123070871
144,2009-01-27,126.65255397884127
144,2009-01-28,9.751895068868208
144,2009-01-29,18.512764299705662
144,2009-01-30,438.9662683603556
144,2009-02-01,11.852151227488859
144,2009-02-02,1.8884536925395927
144,2009-02-03,0.6622967097155203
144,2009-02-07,1.535959200526534
144,2009-02-08,25.123874982979455
144,2009-02-09,1.5673551895777975
144,2009-02-10,2.3550308766579366
144,2009-02-11,15.154511300133752
144,2009-02-12,1.7328618338937776
144,2009-02-13,3.716053545470151
144,2009-02-14,9.753363061661615
144,2009-02-17,0.6952785891335346
144,2009-02-19,1.113212488163122
144,2009-02-20,39.64420759163921
144,2009-02-21,42.29416039026726
144,2009-02-22,1.1968460027354948
144,2009-02-23,3.4276809052877093
144,2009-02-24,3.073098774011925
144,2009-02-25,2.2582189950821747
144,2009-02-26,13.073074859440094
144,2009-02-27,4.781898672681315
144,2009-03-03,1.3614479847405472
144,2009-03-04,2.0210340084322547
144,2009-03-05,4.555247510654021
144,2009-03-06,1.8549596041366667
144,2009-03-07,6.691867323159355
144,2009-03-08,58.387077065199236
144,2009-03-09,1.3095792867311022
144,2009-03-10,4.8090637479982625
144,2009-03-11,1.1813034125609936
144,2009-03-12,41.188773412917584
144,2009-03-13,47.70113306134929
144,2009-03-14,12.08087353170053
144,2009-03-15,77.94253532607915
144,2009-03-16,3.1008822609862365
144,2009-03-17,3.037014567250353
144,2009-03-18,0.8479040949762413
144,2009-03-19,8.349617769556962
144,2009-03-20,20.13892255252744
144,2009-03-21,1881.9182785279334
144,2009-03-22,115.63233172661351
144,2009-03-23,102.17399333673896
144,2009-03-24,52.109717111207885
144,2009-03-25,3980.033140479845
144,2009-03-26,26.5631219604364
144,2009-05-20,0.6089444578490824
144,2009-05-21,7.783963313148786
144,2009-05-22,47.45302151568179
144,2009-05-23,16.005162826244955
144,2009-05-25,2.9143491696104227
144,2009-05-26,37.45319838701206
144,2009-05-27,567.1775181795235
144,2009-05-28,70.86072479019215
144,2009-05-29,25.36380754786075
144,2009-05-30,598.131168607333
144,2009-05-31,18.663035085513993
144,2009-06-01,6.640956890977267
144,2009-06-02,3.0362154775377372
144,2009-06-03,1.3109247814243294
144,2009-06-04,3.7716493502721167
144,2009-06-05,1.5977948864117655
144,2009-06-06,24.533883917350103
144,2009-06-07,11.569924912397997
144,2009-06-08,1.775917469277152
144,2009-06-09,4.54350381021722
144,2009-06-13,42.87703696066704
144,2009-06-14,29.006763163135844
144,2009-06-15,1.4464509189533332
144,2009-06-16,45.30171171498988
144,2009-06-17,20.008172712321404
144,2009-06-18,1.8787573492240304
144,2009-06-20,52.518976483332416
144,2009-06-22,4.963175374142756
144,2009-06-24,1.4025045709243809
144,2009-06-25,1.5740009515861322
144,2009-06-26,4.335407206626036
144,2009-06-27,36.26095627494638
144,2009-06-28,31.96459790174241
144,2009-06-29,1.609452776537535
144,2009-06-30,0.46346518818340576
144,2009-07-01,3.013815294977373
144,2009-07-02,3.701558084527774
144,2009-07-03,3.457818673922241
144,2009-07-04,1353.2934210439792
144,2009-07-05,242.03242701982
144,2009-07-06,680.4391419553364
144,2009-07-07,418.7394006030193
144,2009-07-08,215.0429040337876
144,2009-07-15,2113.989335548853
144,2009-07-16,27.892856465479625
144,2009-07-17,3.3651885201547715
144,2009-07-18,40.46813598686604
144,2009-07-19,29.278889592056434
144,2009-07-20,3.0854850230067905
144,2009-07-21,1.265492051661646
144,2009-07-22,5.847787645416925
144,2009-07-23,4.447671062821813
144,2009-07-24,2.4870300950763657
144,2009-07-25,21.97574052474546
144,2009-07-26,23.492882592748682
144,2009-07-27,1.2767442587492097
144,2009-07-28,13.676003178942151
144,2009-07-29,26.562037120333198
144,2009-07-30,1.4782504113277946
144,2009-07-31,15.724522066797432
144,2009-08-01,231.19710598770078
144,2009-08-02,203.32838868046065
144,2009-08-03,4.656006094764564
144,2009-08-04,2.467001387325621
144,2009-08-05,1.0040993180179907
144,2009-08-08,107.5820129177973
144,2009-08-09,90.84493837179988
144,2009-08-10,2.7786484388621173
144,2009-08-11,9.16152067901513
144,2009-08-12,1.490985169307621
144,2009-08-13,18.689664576296433
144,2009-08-15,20.116108904110433
144,2009-08-16,1.27515165524701
144,2009-08-18,1.2320913176641213
144,2009-08-19,15.624697576055297
144,2009-08-20,103.09358142372159
144,2009-08-21,7.994418287791127
144,2009-08-22,45.987124552815025
144,2009-08-23,13.442525829290998
144,2009-08-24,10.921734784723457
144,2009-08-25,1317.9736277336763
144,2009-08-26,14.924571149505978
144,2009-08-27,491.05707412261205
144,2009-08-28,32.95525990581911
144,2009-08-30,8.537174296375083
144,2009-08-31,0.0068158237636149
144,2009-09-02,2.1008201573466585
144,2009-09-03,60.98793479982563
144,2009-09-04,53.35644983790074
144,2009-09-05,44.233191367226596
144,2009-09-06,23.388855186505182
144,2009-09-07,1.2499949429074622
144,2009-09-08,1.2077055807709827
144,2009-09-09,1.1627831982166692
144,2009-09-10,16.08232161933937
144,2009-09-11,1.7448604532605805
144,2009-09-12,7.059879792335564
144,2009-09-13,28.539304714252964
144,2009-09-16,20.11847692545434
144,2009-09-17,2.6432536335975687
144,2009-09-18,11.647837767807482
144,2009-09-20,13.410619504576482
144,2009-09-21,3.4334483448360715
144,2009-09-22,2.986350743969186
144,2009-09-23,48.907801751206996
144,2009-09-24,20.72153792579561
145,2008-04-29,5.352583796549734
145,2008-04-30,13.164697078680007
145,2008-05-10,2.001476163682412
145,2008-05-17,1.0848790861820368
145,2008-05-24,16.862714828962183
145,2008-07-03,8.064442145170169
146,2007-07-31,1.4049321073608323
146,2007-08-01,3.4117658751068505
146,2007-08-02,1.2973783777416825
146,2007-08-04,1.6698413510122794
146,2007-08-05,0.6520930623555214
146,2007-08-06,1.7673782843856893
146,2007-08-07,3.4391521010920925
146,2007-08-08,2.4476703269683213
146,2007-08-09,2.624788995539377
147,2011-02-24,2.7728648416168498
147,2011-02-25,5.649141712410749
147,2011-02-28,7.606043623467153
147,2011-03-01,6.082660575195648
147,2011-03-02,3.0624937100100116
147,2011-03-03,3.13496129522637
147,2011-03-04,3.3978358349454165
147,2011-03-05,4.9073450073715215
147,2011-03-06,13.046799700398472
147,2011-03-07,7.075151807548363
147,2011-03-08,6.0040490676231855
147,2011-03-09,5.808340885658759
147,2011-03-10,5.089344862765566
147,2011-03-11,2.677126416896963
147,2011-03-13,6.472889357501557
147,2011-03-14,6.207219211738722
147,2011-03-15,6.256057455372223
147,2011-03-16,6.048725395140306
147,2011-03-17,8.837320490229839
147,2011-03-18,2.4181772806925834
147,2011-03-19,8.454440811737118
147,2011-03-20,4.984736158114421
147,2011-03-21,5.857401653864196
147,2011-03-22,7.982785950981281
147,2011-03-23,2.854711467029446
147,2011-03-24,2.995090975433933
147,2011-03-25,2.699655699074226
147,2011-03-29,3.8398643812495887
147,2011-03-30,7.220440905119537
147,2011-04-01,2.495239442423217
147,2011-04-05,9.003165738353909
147,2011-04-06,4.818339295932791
147,2011-04-07,8.694424772728965
147,2011-04-08,9.539188347221929
147,2011-04-11,4.741705560347825
147,2011-04-27,4.46319696331404
147,2011-04-29,11.761124440647777
147,2011-04-30,0.6839719333801104
147,2011-05-03,10.670413557772145
147,2011-05-04,10.246550013906171
147,2011-05-05,6.048730795373365
147,2011-05-09,14.448579539920292
147,2011-05-10,8.940209948344842
147,2011-05-11,9.336899712167734
147,2011-05-12,10.225314888202112
147,2011-05-13,5.101685386157866
147,2011-05-15,9.095536739907482
147,2011-05-16,4.450295313756929
147,2011-05-17,9.216107168141273
147,2011-05-18,9.465716058034753
147,2011-05-19,5.733181727281217
148,2011-05-14,468.26330074808794
148,2011-05-22,19.15276496627866
148,2011-07-10,212.34516556631527
149,2009-09-12,199.92665893040046
150,2007-07-31,6.5248918262001165
150,2007-08-01,22.518586437481936
150,2007-08-02,22.280865873298513
150,2007-08-03,12.519562632002463
150,2007-08-04,8.975109094537844
150,2007-08-05,46.83189354850753
150,2007-08-06,26.45486288200393
150,2007-08-07,28.780548152487544
150,2007-08-08,32.84850893913972
150,2007-08-09,4.31683332460643
150,2007-08-10,31.887624251716115
151,2009-10-11,12.041736880870861
152,2008-08-22,17.570447348635575
152,2008-08-23,21.509512906602197
153,2007-07-21,3.0112814430669212
153,2007-07-22,44.50929594609871
153,2007-07-24,10.651628920669003
153,2007-07-25,453.3673911372334
153,2007-07-26,127.89329039472476
153,2007-07-27,6.814965193729149
153,2007-07-28,587.1557707426431
153,2007-07-29,1.196339783772281
153,2008-04-05,32.17390041443731
153,2008-04-17,2.8861971579378465
153,2008-04-18,12.200425867228354
153,2008-04-21,2.776204456801287
153,2008-04-26,20.07937085814578
153,2008-04-29,9.233789101170261
153,2008-04-30,41.4407827437742
153,2008-05-01,379.1453501472712
153,2008-05-02,12.674945439508045
153,2008-05-04,6.066818275364379
153,2008-05-05,9.314753200968083
153,2008-05-06,3.8658940292825466
153,2008-05-09,370.8001534076426
153,2008-05-10,13.7027313475554
153,2008-05-11,6.783317798189839
153,2008-05-12,3.4553436875873724
153,2008-05-13,6.0527373302646765
153,2008-05-14,3.3644864529493073
153,2008-05-15,5.62944603108603
153,2008-05-16,3.31840409194106
153,2008-05-17,31.351453271998437
153,2008-05-19,1.218115388532284
153,2008-05-20,1.5620384337510913
153,2008-05-21,2.057327272800387
153,2008-05-22,13.528004525901975
153,2008-05-23,10.866408008637624
153,2008-05-24,25.45399207478405
153,2008-05-26,1.0114263258126237
153,2008-05-27,2.6735501178685213
153,2008-05-28,1.9061986225713377
153,2008-05-29,0.7952958129928971
153,2008-05-30,67.15086557880859
153,2008-06-01,17.325257980718483
153,2008-06-02,1.8213308355894533
153,2008-06-03,0.9207879707909178
153,2008-06-04,1.365231972348189
153,2008-06-05,12.229104477199643
153,2008-06-06,20.4971266801225
153,2008-06-07,19.978531137893263
153,2008-06-08,35.705147082848505
153,2008-06-10,2.5503520855880417
153,2008-06-11,1.1812030728793692
153,2008-06-12,1.1892568092121607
153,2008-06-13,13.846167975032213
153,2008-06-14,26.36907676706392
153,2008-06-15,11.183237870584122
153,2008-06-16,17.410464713135124
153,2008-06-17,2.157858538115635
153,2008-06-18,4.787902280330626
153,2008-06-19,32.03977842767012
153,2008-06-20,21.655267234875538
153,2008-06-22,31.481364669895218
153,2008-06-23,0.6780041256936541
153,2008-06-24,11.795951773122729
153,2008-06-25,11.668749023788653
153,2008-06-26,1.1691669388664403
153,2008-06-27,14.589194885060564
153,2008-06-28,28.94715991362195
153,2008-06-30,12.858235492046388
153,2008-07-01,12.003986777271395
153,2008-07-02,1.3502883339309768
153,2008-07-03,1.5668837327656349
153,2008-07-04,14.262704876581102
153,2008-07-05,14.261555963644001
153,2008-07-07,1.2916029551381614
153,2008-07-08,1.4787671583941093
153,2008-07-09,0.992945521288262
153,2008-07-10,1.0387569876889948
153,2008-07-11,14.398540248921586
153,2008-07-12,28.15143632777677
153,2008-07-13,16.49034684291742
153,2008-07-14,12.961974285752607
153,2008-07-15,1.7021833410106224
153,2008-07-16,1.884533162501958
153,2008-07-17,12.868597416867695
153,2008-07-18,14.296996932290982
153,2008-07-19,45.699163034057314
153,2008-07-20,1.946761019911368
153,2008-07-21,13.3977216748388
153,2008-07-22,17.592805917062147
153,2008-07-23,16.53689684636352
153,2008-07-24,15.317605308670942
153,2008-07-25,13.506856277412163
153,2008-07-28,1.6519170897829412
153,2008-07-29,22.21303081893435
153,2008-07-30,0.8793088968712114
153,2008-07-31,2.143039626192874
153,2008-08-01,21.620319744341288
153,2008-08-02,1.8172624175688474
153,2008-08-04,2.274716158941023
153,2008-08-05,1.6934115768133366
153,2008-08-07,29.196314298948213
153,2008-08-08,23.748174792422084
153,2008-08-11,1.5840457547792068
153,2008-08-12,8.88810158544734
153,2008-08-14,36.900467606478436
153,2008-08-15,26.2957553218268
153,2008-08-17,6.856387413110834
153,2008-08-18,0.654994014644764
153,2008-08-19,1.325361233218771
153,2008-08-20,35.276991566572605
153,2008-08-21,1.8135884768322856
153,2008-08-22,18.884562827217945
153,2008-08-23,69.87445509075322
153,2008-08-24,17.406218123729584
153,2008-08-25,1.5405407679947274
153,2008-08-26,25.40706874458854
153,2008-08-27,2.5688765843174086
153,2008-08-28,2.6007979465365043
153,2008-08-29,0.21051461718571254
153,2008-08-31,21.836932992176354
153,2008-09-01,11.348468623993726
153,2008-09-02,33.99295179157214
153,2008-09-03,14.777685221064784
153,2008-09-04,13.970290471625788
153,2008-09-05,1.7353147370903197
153,2008-09-06,15.525049637287195
153,2008-09-07,25.429706110537694
153,2008-09-08,35.857292916016185
153,2008-09-09,13.980984681426845
153,2008-09-10,18.95401349644826
153,2008-09-11,14.260449593294064
153,2008-09-12,19.63104230751078
153,2008-09-13,18.61978830428132
153,2008-09-14,15.61095054177972
153,2008-09-15,22.25029594866084
153,2008-09-16,18.734958296037476
153,2008-09-20,3.2041899861069325
153,2008-09-22,1.859898714330384
153,2008-09-23,13.165980849553478
153,2008-09-24,1.4184611089578525
153,2008-09-25,3.7285736229366018
153,2008-09-26,0.2888920390420534
153,2008-09-27,24.69048674135981
153,2008-09-28,13.947990272696085
153,2008-09-29,33.77894653303039
153,2008-09-30,7.942357606965345
153,2008-10-01,26.457819246495426
153,2008-10-02,12.428745990689382
153,2008-10-03,28.908446248218326
153,2008-10-04,8.373918543035039
153,2008-10-05,5.43376544703853
153,2008-10-06,34.99046301649809
153,2008-10-08,0.19724065881843664
153,2008-10-09,1.3138894640717877
153,2008-10-10,4.825900717606761
153,2008-10-11,5.912851489362724
153,2008-10-12,13.923302376643349
153,2008-10-13,2.0766633095256264
153,2008-10-14,6.5365607460664865
153,2008-10-15,2.204749187059433
153,2008-10-16,14.042118324077862
153,2008-10-18,25.64883999291951
153,2008-10-19,0.6528308465081109
153,2008-10-20,15.145680884329979
153,2008-10-21,32.261545376072974
153,2008-10-22,12.164439566018215
153,2008-10-23,12.955949606656484
153,2008-10-24,3.8840406815994704
153,2008-10-25,26.155968157799673
153,2008-10-26,1.662703284693811
153,2008-10-27,12.10675728954657
153,2008-10-28,28.244647959708654
153,2008-10-29,12.30968243666347
153,2008-10-30,1.5613250458326748
153,2008-10-31,22.12277938388686
153,2008-11-01,9.272480285658327
153,2008-11-02,14.856282340989027
153,2008-11-03,20.34868299513622
153,2008-11-04,25.660745329537065
153,2008-11-05,0.42923358968321496
153,2008-11-06,1.5403532610437651
153,2008-11-07,1.6967523749055706
153,2008-11-08,3.641756606675355
153,2008-11-10,14.239661722006327
153,2008-11-11,13.218155783473426
153,2008-11-12,2.129791228916739
153,2008-11-13,1.6576419000140485
153,2008-11-14,1.3679843363775719
153,2008-11-15,13.475528791581986
153,2008-11-16,12.393852611616543
153,2008-11-17,1.0100201990989173
153,2008-11-18,2.013252438980296
153,2008-11-19,0.8589609871132498
153,2008-11-20,1.1305425128215145
153,2008-11-21,19.065724513449375
153,2008-11-22,15.379004476339277
153,2008-11-24,29.546908424919692
153,2008-11-25,19.652126064155507
153,2008-11-26,29.320623764666877
153,2008-11-27,17.38002152960955
153,2008-11-28,26.64093718193258
153,2008-11-29,27.564855658902818
153,2008-12-01,2.004085661994566
153,2008-12-02,2.5104591311290556
153,2008-12-03,1.6734801970004578
153,2008-12-04,1.4826456966643522
153,2008-12-05,8.046063489216955
153,2008-12-06,18.851470954347874
153,2009-01-01,47.6043327968071
153,2009-01-02,5.677352342656657
153,2009-01-03,10.901090843807182
153,2009-01-04,0.9157634638271035
153,2009-01-06,0.9708274323767715
153,2009-01-07,30.726529129087
153,2009-01-08,0.9212947956866426
153,2009-01-09,1.3129239764126408
153,2009-01-10,4.718757407204619
153,2009-01-11,35.67814657911996
153,2009-01-12,7.397369328426272
153,2009-01-13,1.0109531757568913
153,2009-01-14,0.4047548468452359
153,2009-01-15,16.773189504339022
153,2009-01-16,2.856954458514922
153,2009-01-17,28.138414566077564
153,2009-01-18,1.957874009010213
153,2009-02-08,16.875290717976366
153,2009-02-09,0.9655517706712179
153,2009-02-10,1.2879838574761262
153,2009-02-11,1.8621077479096806
153,2009-02-12,2.1615564175793183
153,2009-02-13,1.102747820553112
153,2009-02-14,32.381292849419324
153,2009-02-15,6.307460710693652
153,2009-02-16,1.362516502455847
153,2009-02-17,1.3796676537486525
153,2009-02-18,1.514309934278805
153,2009-02-19,1.8475291483939509
153,2009-02-20,25.247249110054753
153,2009-02-23,1.9123376961988816
153,2009-02-24,2.8162023382529364
153,2009-02-25,2.659507170879437
153,2009-02-26,2.563547772312921
153,2009-02-27,15.576218190700605
153,2009-03-02,4.068822094584622
153,2009-03-03,3.0450667041756203
153,2009-03-04,3.1231623162713027
153,2009-03-05,3.201705175071876
153,2009-03-06,28.0778843649303
153,2009-03-07,20.100777256654087
153,2009-03-08,4.523568946358049
153,2009-03-09,4.052132175602598
153,2009-03-10,2.6070939443504155
153,2009-03-11,2.5672147912195094
153,2009-03-12,3.116469066946134
153,2009-03-13,34.461009171978624
153,2009-03-14,22.87733866540864
153,2009-03-16,1.1549183215726206
153,2009-03-17,1.341924255623885
153,2009-03-18,1.096026780109181
153,2009-03-19,25.72203122235608
153,2009-03-20,1.0274759577312367
153,2009-03-21,4.391582215424031
153,2009-03-22,1.593490966704215
153,2009-03-23,0.9411667475383575
153,2009-03-24,1.3679541704758837
153,2009-03-25,1.4452955045178226
153,2009-03-26,1.3944689818974851
153,2009-03-27,2.9033695870070804
153,2009-03-28,27.35147734404533
153,2009-03-29,9.137741549246748
153,2009-03-30,1.1197503098366122
153,2009-03-31,1.3292718733924176
153,2009-04-01,15.41277096467753
153,2009-04-02,4.86741047550379
153,2009-04-03,1.2081445641897381
153,2009-04-04,13.675407234997413
153,2009-04-05,20.554682147594242
153,2009-04-06,6.961017746527537
153,2009-04-07,0.7977034773772338
153,2009-04-08,8.933904447448157
153,2009-04-09,1.1799396105534175
153,2009-04-10,1.2263709828961507
153,2009-04-11,3.1284472010600735
153,2009-04-12,25.251768151216005
153,2009-04-13,0.846580911219792
153,2009-04-14,1.6766201076357368
153,2009-04-15,18.58789654740029
153,2009-04-16,11.616152207233164
153,2009-04-17,34.930360648002775
153,2009-04-19,8450.087998514728
153,2009-04-20,17.525049580563955
153,2009-04-21,62.376714745000335
153,2009-04-22,20.724486674290656
153,2009-04-23,2.7807251031110987
153,2009-04-24,508.7831005534586
153,2009-04-25,17.79598526528922
153,2009-04-26,66.68324132021306
153,2009-04-27,18.70674030808526
153,2009-04-28,14.8948566853456
153,2009-04-29,394.33658301259754
153,2009-04-30,37.54077034525153
153,2009-05-01,51.07229037990918
153,2009-05-02,403.89721554428155
153,2009-05-03,53.02118003209096
153,2009-05-04,157.3911903389731
153,2009-05-05,14.554020502222874
153,2009-05-06,11.163139508462871
153,2009-05-07,8467.677555650345
153,2009-05-09,27.768619985013864
153,2009-05-10,25.29935521575311
153,2009-05-12,1.3655219134831058
153,2009-05-13,0.8893029235686335
153,2009-05-14,1.5407694139789976
153,2009-05-15,0.9548192958915591
153,2009-05-16,28.343146603401003
153,2009-05-18,1.0823191706928388
153,2009-05-19,1.5832511568975847
153,2009-05-20,1.0350429172133317
153,2009-05-21,0.8466123131341707
153,2009-05-22,9.289063919165223
153,2009-05-23,5.686409397671349
153,2009-05-24,25.36294804036043
153,2009-05-25,1.4874725126003239
153,2009-05-26,1.493955255024914
153,2009-05-27,41.17431634820215
153,2009-05-28,29.977687617030643
153,2009-05-31,0.9574127542206247
153,2009-06-01,1.3356838882146918
153,2009-06-02,1.6137035623233835
153,2009-06-03,1.4981758257677789
153,2009-06-04,32.75289211995789
153,2009-06-05,27.261477429791398
153,2009-06-06,1.3868591603166212
153,2009-06-07,10.826291241235156
153,2009-06-08,27.04251275615148
153,2009-06-09,8.062233808503318
153,2009-06-10,1.088324054438698
153,2009-06-11,34.14177285212744
153,2009-06-12,1.3025625745243548
153,2009-06-13,30.285744756307974
153,2009-06-14,11.716967432017377
153,2009-06-15,25.886719508523115
153,2009-06-16,29.18975385091293
153,2009-06-17,28.37179068204459
153,2009-06-18,1.0997462956870314
153,2009-06-19,12.525570556394268
153,2009-06-20,25.299489758541757
153,2009-06-21,20.6357860682122
153,2009-06-22,1.0094409225311525
153,2009-06-23,4.908003930043786
153,2009-06-24,25.947745613762354
153,2009-06-25,0.8772213700339896
153,2009-06-26,30.519102342038316
153,2009-06-27,12.099576898548207
153,2009-06-28,25.530084908050306
153,2009-06-29,0.9596262105438318
153,2009-06-30,0.6959120945458014
153,2009-07-02,4.705312268178474
153,2009-07-05,7.351307998152414
153,2009-07-07,40.87370036366508
153,2009-07-08,33.026657451203356
153,2009-07-09,101.49012393905541
153,2009-07-11,18.332980087902346
153,2009-07-12,28.06476696322177
153,2009-07-13,37.524898486065254
153,2009-07-14,12.838864287856412
153,2009-07-15,28.666585426204943
153,2009-07-16,31.92757533858878
153,2009-07-17,46.58769788093537
153,2009-07-18,29.853975986583038
153,2009-07-19,38.79335083582871
153,2009-07-20,15.739491131138626
153,2009-07-21,15.841642415577926
153,2009-07-22,13.846082556060601
153,2009-07-23,12.162744535625242
153,2009-07-25,35.65153457417395
153,2009-07-26,20.554626375177623
153,2009-07-27,30.61867938990668
153,2009-07-29,48.81029401305158
153,2009-07-31,24.067829016803255
153,2009-08-01,115.76895203664097
153,2009-08-02,13.200552560396133
153,2009-08-05,54.56205650550188
153,2009-08-06,28.56313983641729
153,2009-08-07,4.660367267746576
153,2009-08-08,15.29310723473284
153,2009-08-09,28.73077634163908
153,2009-08-10,34.653742112304414
153,2009-08-11,16.27644324441456
153,2009-08-14,13.723495160050119
153,2009-08-15,32.00442446176837
153,2009-08-16,15.975727920329513
153,2009-08-17,13.732766672043867
153,2009-08-18,0.5116093880616934
153,2009-08-19,5.380383777499602
153,2009-08-20,15.2705086059051
153,2009-08-21,3.2200601740020653
153,2009-08-22,9.286668620726857
153,2009-08-23,21.994888684013766
153,2009-08-27,18.52591673983593
153,2009-08-28,15.556559869845552
153,2009-08-29,13.804825914280132
153,2009-08-30,26.989414915829876
153,2009-09-02,27.148551263572706
153,2009-09-05,21.08438647254399
153,2009-09-06,16.378563532464433
153,2009-09-07,9.165149913418627
153,2009-09-08,5.893751822128693
153,2009-09-09,5.434925843523051
153,2009-09-10,5.7803920501251715
153,2009-09-11,18.77763842193422
153,2009-09-12,4.915051704548753
153,2009-09-13,3.8200587329721807
153,2009-09-14,3.361855080606529
153,2009-09-15,3.4624769663836235
153,2009-09-16,3.6318455626099624
153,2009-09-17,4.0832971727633325
153,2009-09-18,3.509200412043866
153,2009-09-19,140.80528187699954
153,2009-09-20,6.278711338127228
153,2009-09-21,2.0831261197856197
153,2009-09-22,4.368197859339658
153,2009-09-23,5.330433561042434
153,2009-09-24,2.7207100410714875
153,2009-09-25,5.207005373807569
153,2009-09-26,19.255389738476612
153,2009-09-27,4.918411406586672
153,2009-09-28,2.9568479947422848
153,2009-09-30,1.9527896051327724
153,2009-10-01,6.572176501035568
153,2009-10-02,67.25143823735948
153,2009-10-03,9.393775889167806
153,2009-10-04,30.259852179792276
153,2009-10-05,13.569657874184037
153,2009-10-06,17.933820646593137
153,2009-10-07,13.036401163999207
153,2009-10-08,13.12615236700277
153,2009-10-09,9.408351626564171
153,2009-10-10,3.419154251828467
153,2009-10-11,43.94243372769574
153,2009-10-12,5.324814907552173
153,2009-10-13,2.8683791474457845
153,2009-10-14,3.903372412321834
153,2009-10-15,4.930226531400471
153,2009-10-16,3.986785731098204
153,2009-10-17,14.76540848851562
153,2009-10-18,349.6506762465353
153,2009-10-19,29.89396124102128
153,2009-10-20,302.54493814755176
153,2009-10-21,3.95239248277774
153,2009-10-22,9.19636672376109
153,2009-10-23,2.891235469749097
153,2009-10-24,11.364807678179679
153,2009-10-25,8.752861594615917
153,2009-10-26,4.00067598588501
153,2009-10-27,12.318895317036377
153,2009-10-28,24.419526298179907
153,2009-10-29,4.270249559610977
153,2009-10-30,4.150757917418948
153,2009-10-31,8.339161879334492
153,2009-11-01,2.83976553170121
153,2009-11-02,4.329284298457138
153,2009-11-03,3.8867103478811798
153,2009-11-04,4.327590794691805
153,2009-11-05,4.006104917703459
153,2009-11-06,4.098911650276044
153,2009-11-07,7.5868338814101985
153,2009-11-08,2.2743226639803305
153,2009-11-09,5.728210279246453
153,2009-11-10,7.878709729849497
153,2009-11-11,1.4419481785300532
153,2009-11-12,3.9590704444942673
153,2009-11-13,10.773596960184781
153,2009-11-15,4.259053650607633
153,2009-11-16,4.16828224077321
153,2009-11-17,4.655401778268785
153,2009-11-18,2.642876240263902
153,2009-11-19,6.255521482304363
153,2009-11-20,3.2902670625087764
153,2009-11-22,12.291183685265725
153,2009-11-23,4.029389505916372
153,2009-11-24,5.144794994402806
153,2009-11-25,2.192577304545309
153,2009-11-26,4.215394502734936
153,2009-11-27,9.985312273188502
153,2009-11-28,60.23634344992697
153,2009-11-29,1.1199776477412535
153,2009-11-30,5.737870474201438
153,2009-12-01,15.669817942370507
153,2009-12-02,0.6975821915205462
153,2009-12-03,1.8564172771305545
153,2009-12-04,3.307141877568257
153,2009-12-06,10.153819731140953
153,2009-12-07,1.9860240047045459
153,2009-12-08,2.3449178697983526
153,2009-12-09,1.5601720356543016
153,2009-12-10,4.40529085935782
153,2009-12-11,3.4831480552090524
153,2009-12-12,24.2767564776257
153,2009-12-13,4.90778463571802
153,2009-12-14,3.0840997286514082
153,2009-12-15,4.286412102276236
153,2009-12-16,3.035505266512144
153,2009-12-17,3.3902255710009412
153,2009-12-18,5.30572028622225
153,2009-12-19,4.113660020652915
153,2009-12-20,2.35407345680913
153,2009-12-21,3.20039199407687
153,2009-12-22,1.9937411565119338
153,2009-12-23,3.8168072211997015
153,2009-12-24,35.50872113586651
153,2009-12-26,11.807463206625208
153,2009-12-27,28.410398663987582
153,2009-12-28,4.7567797627014174
153,2009-12-29,3.698904658694003
153,2009-12-30,2.5810562156148786
153,2009-12-31,20.61840321143966
153,2010-01-01,10.165615257660198
153,2010-01-03,1.1594135652852116
153,2010-01-04,2.8432168109654405
153,2010-01-05,2.20975162868048
153,2010-01-06,3.1007755571349747
153,2010-01-07,3.7292006868205525
153,2010-01-08,21.26555043780985
153,2010-01-10,0.6238832332289941
153,2010-01-11,2.5020244542145793
153,2010-01-12,3.4793678500696887
153,2010-01-13,1.7456429198738712
153,2010-01-14,3.20244521827518
153,2010-01-15,21.7545033778801
153,2010-01-16,3.6347941613947867
153,2010-01-17,4.251217760652717
153,2010-01-18,2.927435574244961
153,2010-01-19,0.2752464331764397
153,2010-01-20,3.2338876826932923
153,2010-01-21,4.221175138250176
153,2010-01-22,2.5117966270821777
153,2010-01-24,21.544180069345504
153,2010-01-25,3.880389976534576
153,2010-01-26,3.4595569160714987
153,2010-01-27,2.36316755017681
153,2010-01-28,2.0268081116403702
153,2010-02-01,0.8912019427298127
153,2010-02-02,7.024323657283599
153,2010-02-03,5.3554255028148114
153,2010-02-04,6.035664045589843
153,2010-02-05,6.472746163133801
153,2010-02-07,13.432612382922457
153,2010-02-08,6.2931700980802106
153,2010-02-09,7.04060970121516
153,2010-02-10,28.181242303823065
153,2010-02-11,44.00751170083086
153,2010-02-12,6.498039976977255
153,2010-02-13,17.083123073518703
153,2010-02-14,15.355468206915694
153,2010-02-16,55.058119512927725
153,2010-02-17,40.46073460319761
153,2010-02-18,3.211287360793527
153,2010-02-19,66.16344877943826
153,2010-02-20,6.019666107737166
153,2010-02-21,17.029690076006506
153,2010-02-22,7.0115897229032464
153,2010-02-23,7.169257502227381
153,2010-02-24,6.521680865296131
153,2010-02-25,3.9081625962446047
153,2010-02-26,29.032254413698887
153,2010-02-27,9.40531029838088
153,2010-03-01,6.375953950790821
153,2010-03-02,2.486394545470485
153,2010-03-03,796.0545071530303
153,2010-03-04,2.6455803324764844
153,2010-03-05,0.8053365881925239
153,2010-03-06,2.979670128040933
153,2010-03-08,8.76544996802746
153,2010-03-09,13.209066788683105
153,2010-03-10,18.27167054187708
153,2010-03-11,2.743887144319597
153,2010-03-15,3.413872532345397
153,2010-03-16,3.4726987921707675
153,2010-03-17,5.185539067934955
153,2010-03-18,77.87285698280836
153,2010-03-19,61.39027761956607
153,2010-03-20,21.322173744166943
153,2010-03-21,17.046840611279546
153,2010-03-23,111.44872527634259
153,2010-03-24,16.47634786507831
153,2010-03-25,108.80576201389731
153,2010-03-26,4.013163754489689
153,2010-03-27,840.5776566796872
153,2010-03-28,16.827377859776174
153,2010-03-29,2.3565945294312236
153,2010-03-30,1.693828272216244
153,2010-03-31,23.09358876001839
153,2010-04-01,21.233434440934207
153,2010-04-02,21.498955270849375
153,2010-04-03,30.351457448434303
153,2010-04-04,45.536105255469636
153,2010-04-05,14.006974099548971
153,2010-04-06,23.363401920442158
153,2010-04-07,21.500574011414223
153,2010-04-10,11.72960482121815
153,2010-04-11,23.23656637542565
153,2010-04-12,2.7763451943099056
153,2010-04-13,2.1527889284361312
153,2010-04-14,21.636622686734114
153,2010-04-15,22.68293009227127
153,2010-04-16,20.655648334368827
153,2010-04-17,9.323385148013527
153,2010-04-18,58.2043343832411
153,2010-04-19,0.989730683071969
153,2010-04-20,15.100745740855
153,2010-04-21,21.291637057731112
153,2010-04-22,32.704433871508705
153,2010-04-23,11.806022510392339
153,2010-04-24,23.6899270964417
153,2010-04-25,1.0371314683719206
153,2010-04-26,1.7506406855137984
153,2010-04-27,2.330582149499524
153,2010-04-28,5.308530146642939
153,2010-04-29,1.9263412237007924
153,2010-04-30,13.236364381209118
153,2010-05-01,89.61393817901607
153,2010-05-02,74.35762405018593
153,2010-05-03,0.5232611552102404
153,2010-05-04,1.9875853143167896
153,2010-05-05,1.1481900889476484
153,2010-05-06,20.589052306041815
153,2010-05-07,21.410883344269195
153,2010-05-08,27.577279587628176
153,2010-05-09,32.14588590291286
153,2010-05-10,2.2268959377628663
153,2010-05-11,2.8424133500252133
153,2010-05-12,3.6902847478988328
153,2010-05-13,1.9249256272574655
153,2010-05-14,53.54713838145344
153,2010-05-16,47.90833937110535
153,2010-05-17,20.919655963660244
153,2010-05-18,2.4249345660933845
153,2010-05-19,2.768672124752706
153,2010-05-20,21.092827854771897
153,2010-05-21,36.49734094211624
153,2010-05-22,3.06390260779521
153,2010-05-23,21.96712032067479
153,2010-05-24,1.374853970896481
153,2010-05-25,2.3275200304108052
153,2010-05-26,2.5894529542231877
153,2010-05-27,1.705858693679247
153,2010-05-28,1.9119499445499835
153,2010-05-29,3.668701360427887
153,2010-05-31,26.65093623539676
153,2010-06-01,3.3626076137793826
153,2010-06-02,6.8603386993242275
153,2010-06-03,2.910479119329662
153,2010-06-04,11.37404261890531
153,2010-06-05,13.8023871139626
153,2010-06-08,0.9139347930717552
153,2010-06-09,3.9855896122200765
153,2010-06-10,22.192271362838035
153,2010-06-11,1.5591109779636083
153,2010-06-12,5.536715303611366
153,2010-06-13,0.8149339817879621
153,2010-06-14,16.804930478733716
153,2010-06-15,58.46789004237883
153,2010-06-16,1.1497656447869427
153,2010-06-17,3.0353708052493427
153,2010-06-18,20.99913054823768
153,2010-06-20,0.6822577296136803
153,2010-06-21,2.8829506658087163
153,2010-06-22,2.171595596101094
153,2010-06-23,3.0628520649389945
153,2010-06-24,2.4168655898994524
153,2010-06-25,7.919178024593079
153,2010-06-26,7.526744805691048
153,2010-06-27,0.23301843235586459
153,2010-06-28,6.158563659564298
153,2010-06-29,1.9641130288361426
153,2010-06-30,4.082518435807106
153,2010-07-01,2.3745132016340915
153,2010-07-02,21.530174662610712
153,2010-07-03,24.10801171478072
153,2010-07-04,0.3892548181750578
153,2010-07-05,2.2930886971746647
153,2010-07-06,2.495788614993666
153,2010-07-07,3.3005034657797623
153,2010-07-08,0.9788441580517007
153,2010-07-09,18.01608500098228
153,2010-07-10,26.580704460293372
153,2010-07-11,8.905418578891538
153,2010-07-12,8.28149036368128
153,2010-07-13,0.5674202294209427
153,2010-07-14,2.1855818667532882
153,2010-07-15,11.945472478427751
153,2010-07-16,1.8721885132779634
153,2010-07-17,19.33029146983013
153,2010-07-18,0.355624296235239
153,2010-07-19,1.9520124118305655
153,2010-07-20,2.8159746660213907
153,2010-07-21,5.336178614253967
153,2010-07-22,2.49691499265967
153,2010-07-23,1.9513748714296837
153,2010-07-24,4.7528787814565865
153,2010-07-25,67.97617646476212
153,2010-07-26,2.7604019264394326
153,2010-07-27,2.012280790485731
153,2010-07-28,2.1016710207665477
153,2010-07-29,2.258298370282993
153,2010-07-30,21.533769759247626
153,2010-07-31,11.283543566153808
153,2010-08-01,0.4267445211290355
153,2010-08-02,2.076239032720543
153,2010-08-03,0.4294873922784812
153,2010-08-04,2.4701370427612845
153,2010-08-05,2.186486896619419
153,2010-08-06,192.56016590054455
153,2010-08-07,71.88557437839084
153,2010-08-08,279.354272739312
153,2010-08-09,3.6036879575899876
153,2010-08-10,2.643675044253954
153,2010-08-11,2.2608802742007774
153,2010-08-12,2.9224010308639348
153,2010-08-13,13.45995369021685
153,2010-08-14,20.616821078415835
153,2010-08-15,37.89716701701534
153,2010-08-16,1.2749457657966752
153,2010-08-17,2.8102105862080924
153,2010-08-18,3.159839655325743
153,2010-08-19,3.2915272355156144
153,2010-08-20,5.139618805469359
153,2010-08-21,7.258542346634865
153,2010-08-22,34.72043678484877
153,2010-08-23,3.3788980787236826
153,2010-08-24,1.672527533523916
153,2010-08-25,4.041790440573845
153,2010-08-26,33.793129604995514
153,2010-08-27,453.8954358903098
153,2010-08-28,10.300034259671982
153,2010-08-29,462.10360597038385
153,2010-08-30,2.102197673232368
153,2010-08-31,9.444352582585763
153,2010-09-01,1.80352840157973
153,2010-09-02,5.427599630273927
153,2010-09-03,1.9392914571420439
153,2010-09-04,16.47368735184968
153,2010-09-05,0.26918672082342693
153,2010-09-06,1.9701122567195557
153,2010-09-07,2.942104971136512
153,2010-09-08,9.170918853675492
153,2010-09-09,14.492445610074808
153,2010-09-10,5.005916594486785
153,2010-09-12,23.09103267768528
153,2010-10-04,10.766022832197292
153,2010-10-05,7.28766186361759
153,2010-10-06,20.784808552177577
153,2010-10-07,3.2209855716814
153,2010-10-08,2.4195749574564536
153,2010-10-09,5.802573903072628
153,2010-10-10,8.776614437997209
153,2010-10-11,7.9514173345242
153,2010-10-12,6.0785681747242135
153,2010-10-13,2.3533429353698856
153,2010-10-14,6.525286556753534
153,2010-10-15,2.1653566086412748
153,2010-10-16,23.457357643373353
153,2010-10-17,0.2820741492987041
153,2010-10-18,20.213844927148042
153,2010-10-19,0.42296889381224567
153,2010-10-20,1.7963051954002989
153,2010-10-21,6.672354154516032
153,2010-10-22,10.62452632244925
153,2010-10-23,10.854128340188769
153,2010-10-25,2.2598765721869873
153,2010-10-26,5.392434396179744
153,2010-10-27,2.5950420831582277
153,2010-10-28,2.439357403182311
153,2010-10-29,42.165272529597914
153,2010-10-30,18.770149125828915
153,2010-11-01,0.35497297089054225
153,2010-11-03,9566.031436569114
153,2010-11-04,38.76133242282915
153,2010-11-05,36.557657716163625
153,2010-11-06,336.0574806633893
153,2010-11-07,104.22048345696219
153,2010-11-08,52.77449392374111
153,2010-11-09,346.70654950014665
153,2010-11-10,27.035924806528666
153,2010-11-11,44.38923229503493
153,2010-11-12,40.27826609169083
153,2010-11-13,8640.717080368227
153,2010-11-14,6.027518038695607
153,2010-11-15,2.4299549171445296
153,2010-11-16,2.130098832406229
153,2010-11-17,2.5013541703860214
153,2010-11-18,1.7326279636100885
153,2010-11-19,0.6609365372297094
153,2010-11-20,9.873825270441174
153,2010-11-21,6.033347641841217
153,2010-11-22,2.3997612852738066
153,2010-11-23,3.04925767601228
153,2010-11-24,2.06187079902542
153,2010-11-25,4.113419150411631
153,2010-11-26,6.649760002569908
153,2010-11-29,3.4814195364353506
153,2010-11-30,1.5176320980368112
153,2010-12-01,6.991656242556178
153,2010-12-02,4.385153465249979
153,2010-12-03,21.59125359284867
153,2010-12-04,14.297999549753504
153,2010-12-05,4.118023164129334
153,2010-12-06,2.3604666271253993
153,2010-12-07,2.2990992878060728
153,2010-12-08,3.1616908619098933
153,2010-12-09,3.568825132058262
153,2010-12-10,2.084733646318037
153,2010-12-11,18.69225485588056
153,2010-12-12,11.295174263596989
153,2010-12-13,1.1591873219793518
153,2010-12-15,1.376539113737871
153,2010-12-16,2.500975262865416
153,2010-12-17,2.2404909427027433
153,2010-12-20,2.69120771421252
153,2010-12-21,2.388563901599796
153,2010-12-22,2.9410984599831425
153,2010-12-23,652.7365290572766
153,2010-12-24,58.55696934739617
153,2010-12-25,114.09035812371222
153,2010-12-26,62.41704322976159
153,2010-12-27,669.7747305172472
153,2010-12-28,4.888094058243709
153,2010-12-29,2.134551105145028
153,2010-12-30,2.5154787001172174
153,2010-12-31,19.85527244971793
153,2011-01-01,6.584677485577565
153,2011-01-04,2.4698587682878332
153,2011-01-05,2.227603746845625
153,2011-01-06,2.393799352472005
153,2011-01-07,24.905128909531197
153,2011-01-08,8.343823585955983
153,2011-01-10,23.969444339360198
153,2011-01-11,2.8142265864746325
153,2011-01-12,2.940158587500494
153,2011-01-13,35.15158008545791
153,2011-01-14,10.302533475133892
153,2011-01-15,10.814161023463054
153,2011-01-16,37.896395930412794
153,2011-01-17,11.405595834164064
153,2011-01-18,1.9333159520137086
153,2011-01-19,2.73594609740544
153,2011-01-20,9.727360356500673
153,2011-01-21,5.12850372644124
153,2011-01-22,39.25193104486506
153,2011-01-23,12.932251683730005
153,2011-01-24,2.5379032597161717
153,2011-01-25,3.0422010963055555
153,2011-01-26,1.6502910766677332
153,2011-01-27,2.176961893558799
153,2011-01-28,0.08473184529521428
153,2011-01-29,47.543227494526306
153,2011-01-30,3.147339759326173
153,2011-01-31,8.813194840125588
153,2011-02-01,22.438665203753057
153,2011-02-02,31.49234691256977
153,2011-02-03,29.426176136860192
153,2011-02-04,51.03641582642592
153,2011-02-17,1.0784012640440124
153,2011-02-18,1.2182702149559725
153,2011-02-19,19.26425965028763
153,2011-02-20,1.6479022651936348
153,2011-02-21,43.6286988668233
153,2011-02-22,1.6733672612256598
153,2011-02-23,2.427998986900558
153,2011-02-24,15.502282533951883
153,2011-02-25,27.295965336955152
153,2011-02-27,7.253943982515815
153,2011-02-28,1.42175682675894
153,2011-03-01,0.1705599263587876
153,2011-03-02,3.3297088722570916
153,2011-03-03,2.50165772186412
153,2011-03-07,389.85372192276793
153,2011-03-08,54.979706823082324
153,2011-03-09,392.7543048298169
153,2011-03-10,1.7306411289048629
153,2011-03-11,14.151215177082152
153,2011-03-13,37.03616226393716
153,2011-03-14,2.640273344352175
153,2011-03-15,2.2260133051382867
153,2011-03-16,2.2011682305840314
153,2011-03-17,2.6459139357424237
153,2011-03-18,11.521429576844861
153,2011-03-19,40.55796874294744
153,2011-03-20,1.0359325330599323
153,2011-03-21,2.00468407195936
153,2011-03-22,2.2534033694171085
153,2011-03-24,7.88151664877245
153,2011-03-25,20.528815057955008
153,2011-03-26,12.736419399078148
153,2011-03-27,2.457610481735079
153,2011-03-28,1.8385055190114115
153,2011-03-29,2.987048083639559
153,2011-03-30,1.7083673271806061
153,2011-03-31,2.1014547990266483
153,2011-04-02,2.0849812689757146
153,2011-04-03,21.52443014668747
153,2011-04-04,32.64373024092049
153,2011-04-05,28.381874201941905
153,2011-04-06,2.4118781773782865
153,2011-04-07,1.59648463397347
153,2011-04-08,10.298351801307055
153,2011-04-09,27.952433233108582
153,2011-04-10,26.840159046566487
153,2011-04-11,2.9152791746171
153,2011-04-12,3.0354152163712667
153,2011-04-13,2.444243731586608
153,2011-04-14,1184.1355635598377
153,2011-04-15,8.555499353664933
153,2011-04-16,17.863735609497933
153,2011-04-17,1168.308850278803
153,2011-04-19,24.940421887549995
153,2011-04-20,26.418720729652897
153,2011-04-21,17.12074175413611
153,2011-04-22,27.101209477381516
153,2011-04-23,56.87736876780573
153,2011-04-24,38.97075988747469
153,2011-04-25,1.7752081493321417
153,2011-04-26,14.113836035080531
153,2011-04-27,18.373061152576536
153,2011-04-28,26.408221285829782
153,2011-04-29,19.435055973463538
153,2011-04-30,288.3221430108881
153,2011-05-01,138.3977212162409
153,2011-05-02,301.8024610743106
153,2011-05-03,24.35363702429491
153,2011-05-06,25.755970626041464
153,2011-05-07,28.79064911334315
153,2011-05-08,2.5558198229665443
153,2011-05-09,5.298121103693561
153,2011-05-10,1.6747252768427061
153,2011-05-11,34.21917481800202
153,2011-05-12,1.422798936172665
153,2011-05-13,6.350429170070793
153,2011-05-14,48.440740037068934
153,2011-05-15,35.811327538119805
153,2011-05-16,1.466693330533655
153,2011-05-17,2.409916623859447
153,2011-05-18,1.3274922724487592
153,2011-05-19,1.7969743854293536
153,2011-05-20,9.144583830644159
153,2011-05-21,54.63786098051381
153,2011-05-22,38.811753742371295
153,2011-05-23,3.2726871421454065
153,2011-05-24,2.3385796974577286
153,2011-05-25,1.5283433328449254
153,2011-05-26,2.0060448304216743
153,2011-05-27,1.6946797289777635
153,2011-05-30,2.9289269929196386
153,2011-05-31,14.934254814584062
153,2011-06-01,43.08445875743991
153,2011-06-02,2.704294116843649
153,2011-06-03,24.815980493001405
153,2011-06-04,10.291039585229269
153,2011-06-05,6.176583870444744
153,2011-06-06,12.791719536407342
153,2011-06-07,2.4260908346421455
153,2011-06-08,2.444429296716859
153,2011-06-09,2.1668358984089706
153,2011-06-10,10.192552266742554
153,2011-06-13,5.872415125432043
153,2011-06-14,6.159762037702304
153,2011-06-15,9.729964633596662
153,2011-06-16,9.715814167347514
153,2011-06-17,4.6659724327930645
153,2011-06-18,11.346317712989313
153,2011-06-19,29.130406593112866
153,2011-06-20,5.7582931098825165
153,2011-06-21,23.603744714680623
153,2011-06-22,9.180861637854765
153,2011-06-23,2.6838844822401358
153,2011-06-24,8.130847596929968
153,2011-06-26,0.6656426034777256
153,2011-06-27,3.489433573276398
153,2011-06-28,2.2982863031234375
153,2011-06-29,3.1891935174490826
153,2011-06-30,1.2876226693139299
153,2011-07-01,0.681557153845338
153,2011-07-03,27.451322156663604
153,2011-07-04,1.7297017469599436
153,2011-07-05,2.7635885957235917
153,2011-07-06,1.3324248930979352
153,2011-07-07,1.0016255196154598
153,2011-07-08,9.877872202342127
153,2011-07-09,12.465905118137899
153,2011-07-10,9.865358105300034
153,2011-07-11,3.124046397435036
153,2011-07-12,3.8651804896848483
153,2011-07-13,2.630938651872204
153,2011-07-14,2.2573369291783454
153,2011-07-15,24.75194294289234
153,2011-07-16,5.212379610918778
153,2011-07-17,1.0328558212130463
153,2011-07-18,2.1897264950818656
153,2011-07-19,5.069282308383983
153,2011-07-20,2.421886939132038
153,2011-07-21,3.729115195725358
153,2011-07-22,1.1470649355300637
153,2011-07-23,10.383652979819548
153,2011-07-24,3.2070533081003614
153,2011-07-25,2.4885293184028208
153,2011-07-26,2.761636886788932
153,2011-07-27,2.442873516877414
153,2011-07-28,2.5204816016637808
153,2011-07-29,1.2191553199016736
153,2011-07-31,5.966042141820129
153,2011-08-01,2.6900918686376185
153,2011-08-02,2.6063383881551743
153,2011-08-03,11.44380531577925
153,2011-08-04,2.208582933580356
153,2011-08-05,4.451742715790065
153,2011-08-06,9.131796642112576
153,2011-08-07,9.955510293474635
153,2011-08-08,11.195665031474377
153,2011-08-09,20.300793708363216
153,2011-08-10,8.802442473256304
153,2011-08-11,2.25621211381928
153,2011-08-12,14.20465290551372
153,2011-08-13,10024.112777091676
153,2011-08-14,7.13150964233661
153,2011-08-15,339.1537438665028
153,2011-08-16,293.63589138587827
153,2011-08-17,429.93114627659423
153,2011-08-18,22.510617121367126
153,2011-08-19,21.509904073855974
153,2011-08-20,16.14201178308245
153,2011-08-21,17.93663392650746
153,2011-08-22,0.3743322450116263
153,2011-08-23,8.693377723046789
153,2011-08-24,125.69259701561002
153,2011-08-25,2151.9362965951436
153,2011-08-27,36.8002287791548
153,2011-08-28,12.442340001381034
153,2011-08-29,10106.366258668864
153,2011-08-30,10.38332452927807
153,2011-08-31,7.5327229710728725
153,2011-09-01,9.619047886435174
153,2011-09-02,3.6999086974830413
153,2011-09-03,5.637932011077337
153,2011-09-04,4.59361808027637
153,2011-09-05,6.835545856126353
153,2011-09-06,12.841829301999644
153,2011-09-07,10.689473631516567
153,2011-09-08,9.681291424966126
153,2011-09-09,5.2334816295720366
153,2011-09-10,24.735302601454954
153,2011-09-11,5.209203344546103
153,2011-09-12,4.5602119293044625
153,2011-09-13,9.788513755892678
153,2011-09-14,16.36174933183329
153,2011-09-15,13.049767553064658
153,2011-09-16,6.831485998381335
153,2011-09-18,3.926272047218634
153,2011-09-19,4.363331887056651
153,2011-09-20,5.645721811766892
153,2011-09-21,8.77681016550348
153,2011-09-22,10.388445571135524
153,2011-09-23,5.307422377378545
153,2011-09-25,1.7678725816888554
153,2011-09-26,12.271848386945168
153,2011-09-27,13.147688614274227
153,2011-09-28,12.662235322611334
153,2011-09-29,7.910847325689359
153,2011-09-30,41.06636864704975
153,2011-10-01,1176.0610641351195
153,2011-10-02,98.06218631735457
153,2011-10-03,11.676474128589083
153,2011-10-04,39.26012951793922
153,2011-10-05,61.471474830014785
153,2011-10-06,63.918532684190616
153,2011-10-07,1181.5328771544205
153,2011-10-08,9.575156669076714
153,2011-10-09,9.639925532812942
153,2011-10-10,9.848927283158421
153,2011-10-11,10.489821243057316
153,2011-10-12,9.837805981962507
153,2011-10-13,11.38830398329931
153,2011-10-14,8.726101526257366
153,2011-10-15,12.564868116709887
153,2011-10-16,3.087371031876673
153,2011-10-17,9.67770096399129
153,2011-10-18,9.992776971644279
153,2011-10-19,9.892614973120677
153,2011-10-20,9.061557724898725
153,2011-10-21,27.85455541154118
153,2011-10-22,11.404457108706062
153,2011-10-23,9.18443413253387
153,2011-10-24,9.677086512697485
153,2011-10-25,9.92363396138949
153,2011-10-26,10.003025802370406
153,2011-10-27,9.916151597857088
153,2011-10-28,27.930770237538162
153,2011-10-29,25.71513037383967
153,2011-10-31,408.1063609376558
153,2011-11-01,175.7105415762097
153,2011-11-03,64.29256943271878
153,2011-11-04,38.491280581063876
153,2011-11-05,3.5264539395509304
153,2011-11-06,8.930301745284583
153,2011-11-07,386.14930324104927
153,2011-11-08,8.429936364632425
153,2011-11-09,13.978755021673077
153,2011-11-10,10.5258773208318
153,2011-11-11,17.376984361010233
153,2011-11-16,18.654265378299623
153,2011-11-17,8.755578706056427
153,2011-11-18,28.243975152691693
153,2011-11-19,5.37003763566397
153,2011-11-20,2.014475814900461
153,2011-11-21,10.376598098715855
153,2011-11-22,8.195209038130372
153,2011-11-23,7.726556325990689
153,2011-11-24,388.13637208141716
153,2011-11-26,117.57782852129299
153,2011-11-27,1.207246616486265
153,2011-11-28,0.4914024672895554
153,2011-11-29,7.192489444652343
153,2011-11-30,5.187889844649887
153,2011-12-01,10.566485672733467
153,2011-12-02,1.0506035564640102
153,2011-12-06,5.417896837448992
153,2011-12-07,5.139049039980023
153,2011-12-09,4.898971381503776
153,2011-12-11,23.387810741492174
153,2011-12-12,5.839449501749501
153,2011-12-13,5.763603135171401
153,2011-12-14,385.19208368101783
153,2011-12-15,4.056048428370407
153,2011-12-16,25.881453662139883
153,2011-12-17,172.82117807150374
153,2011-12-18,14.490733014282956
153,2011-12-19,232.7059323207507
153,2011-12-20,19.979386721403884
153,2011-12-21,11.843375479252343
153,2011-12-22,55.5255447971627
153,2011-12-23,23.52228535513878
153,2011-12-24,152.10746883233034
153,2011-12-26,15.483332909462884
153,2011-12-27,2.9683266935015173
153,2011-12-28,2.2507087428101777
153,2011-12-29,2.326293750617086
153,2011-12-30,2.4415096362232074
153,2011-12-31,6.986698747687456
153,2012-01-01,30.800609098802983
153,2012-01-02,8.285581945391678
153,2012-01-03,5.438872056681306
153,2012-01-04,2.55674478569953
153,2012-01-05,2.4170446942168535
153,2012-01-06,1.3886721340854462
153,2012-01-09,2.824377455552188
153,2012-01-10,2.3892835467111326
153,2012-01-11,2.4303834613351984
153,2012-01-12,2.214907299367406
153,2012-01-13,26.43963096142463
153,2012-01-14,5.2428941301977225
153,2012-01-15,455.4331817499082
153,2012-01-16,4.117012539850877
153,2012-01-17,453.53495418326
153,2012-01-18,2.4797982073851474
153,2012-01-19,2.6745255514662816
153,2012-01-20,2.335902493841099
153,2012-01-21,0.37728744286998595
153,2012-01-23,34.55868637442449
153,2012-01-24,21.326756220864944
153,2012-01-26,25.248540063974616
153,2012-01-27,26.2465437237022
153,2012-01-28,28.179406681235477
153,2012-01-29,2.19010125051438
153,2012-01-30,4.054430322063226
153,2012-01-31,2.0364779882076642
153,2012-02-01,1.4833897246132812
153,2012-02-02,2.4047047445517205
153,2012-02-03,5.741870391938959
153,2012-02-04,11.462688980483035
153,2012-02-05,0.5273882885929556
153,2012-02-06,2.2692090391149344
153,2012-02-07,352.85794781468627
153,2012-02-08,45.16732202435352
153,2012-02-09,0.9760483610860524
153,2012-02-10,340.35358024912773
153,2012-02-11,8.450717539553633
153,2012-02-12,1.3903877603868489
153,2012-02-13,1.4653977342868711
153,2012-02-14,9.432083748409879
153,2012-02-15,2.9700291967631753
153,2012-02-16,8.236288952236894
153,2012-02-17,1.1764363679585432
153,2012-02-19,8.511888775815809
153,2012-02-20,15.026177222107249
153,2012-02-21,2.7875921084031052
153,2012-02-22,2.519728297152252
153,2012-02-23,1.2755424327315186
153,2012-02-24,3.0204891552482027
153,2012-02-25,4.273884461638198
153,2012-02-27,2.3686118505330005
153,2012-02-28,2.5057787444751334
153,2012-02-29,2.1748362533605583
153,2012-03-01,2.952297520721895
153,2012-03-02,6.569947302513289
153,2012-03-03,14.755355818344793
153,2012-03-06,2.1899615958351215
153,2012-03-07,1.7773760106219736
153,2012-03-08,2.0736982478907997
153,2012-03-09,9.666354748173388
153,2012-03-13,2.1814173480426042
153,2012-03-14,2.321087954236882
153,2012-03-15,2.4922267266586533
153,2012-03-16,2.111464567324438
153,2012-03-18,3.3197936261235323
153,2012-03-19,1.6742459893962582
153,2012-03-20,1.3252147354130699
153,2012-03-21,6.931197451105357
153,2012-03-22,2.650639700530208
153,2012-03-23,2.298148631377648
153,2012-03-26,0.9376539786138884
153,2012-03-27,3.6374165093282302
153,2012-03-28,1.8903231380276124
153,2012-03-29,2.5321171280434895
153,2012-03-30,13.211835923577112
153,2012-03-31,2.9887683247336487
153,2012-04-01,33.661738282013545
153,2012-04-02,18.17673775502338
153,2012-04-03,20.0738087758215
153,2012-04-04,10.00243473233493
153,2012-04-05,11.054732939008215
153,2012-04-06,2.640105948584998
153,2012-04-07,6.7201714449191465
153,2012-04-08,40.10105135315922
153,2012-04-09,2.5044442876884525
153,2012-04-10,9.466063570880186
153,2012-04-11,9.826107828075271
153,2012-04-12,9.657399076770393
153,2012-04-13,23.953503294977917
153,2012-04-14,10.325258182948625
153,2012-05-01,31.876701221924
153,2012-05-02,1.2816918882429225
153,2012-05-03,1.8332007510356767
153,2012-05-04,2.6883596749481886
153,2012-05-05,16.322064861707563
153,2012-05-06,299.4665869717963
153,2012-05-07,12.245042442485843
153,2012-05-08,14.324478290548463
153,2012-05-09,818.4333982685355
153,2012-05-10,18.677454220428096
153,2012-05-11,111.10997239404526
153,2012-05-12,35.69785502180745
153,2012-05-13,88.29171233809036
153,2012-05-14,209.11375565107178
153,2012-05-15,28.54098184903384
153,2012-05-16,491.24824438750215
153,2012-05-18,26.634018819869016
153,2012-05-19,13.386602156663315
153,2012-05-21,1.1146012419723086
153,2012-05-22,1.636852072866907
153,2012-05-23,40.353789125097364
153,2012-05-24,2.3703197443822828
153,2012-05-25,28.398246457046135
153,2012-05-26,4.905098816289365
153,2012-06-05,1.8595477092252737
153,2012-06-06,1.065176201823004
153,2012-06-07,1.621855605883355
153,2012-06-08,2.8607006132924226
153,2012-06-11,1.0756760090738124
153,2012-06-12,3.0365426877785677
153,2012-06-13,2.2599052073345445
153,2012-06-14,2.338946411542828
153,2012-06-15,34.73180479503814
153,2012-06-16,3.6186330471372745
153,2012-06-17,8.529747710860388
154,2007-04-30,1.5731730443008227
154,2007-05-01,11.347815449012245
154,2007-05-02,22.727482601100334
154,2007-05-03,3.1102921698264794
154,2007-05-05,15.323183895831763
154,2007-05-07,13.802248214514764
154,2007-05-08,80.6163530530176
154,2007-05-09,4.512129396574349
154,2007-05-10,3.0438487391630695
154,2007-05-11,2.8286998447837175
154,2007-05-12,5.63442469746562
154,2007-05-13,4.067266554891213
154,2007-05-14,3.941000564462734
154,2007-05-15,4.066299100867067
154,2007-05-16,3.993306057633267
154,2007-05-17,4.03248844973035
154,2007-05-18,2.0408901638596886
154,2007-05-20,4.940072528266796
154,2007-05-21,4.650924478121466
155,2009-05-16,21.59031590784642
155,2009-05-21,34.90311448825301
155,2009-05-27,30.079567297001425
155,2009-05-31,21.83544717409839
155,2009-06-01,22.77503115615016
155,2009-06-02,25.864073862555053
155,2009-06-08,19.382472691461935
155,2009-06-09,13.684775385085374
155,2009-06-22,26.38825545121467
155,2009-06-23,13.55057807195641
155,2009-07-09,12.690026890953728
155,2009-07-10,26.3719361969533
155,2009-07-11,8.1091344969873
155,2009-07-13,2.9005769966715507
155,2009-07-14,16.579819336597673
155,2009-07-16,21.50748261404918
155,2009-07-17,8.952464002907666
155,2009-07-19,11.260690269157156
155,2009-07-20,22.607390200514523
155,2009-07-21,15.143878402570296
155,2009-07-22,5.586748481789635
155,2009-07-23,3.8879857967038793
155,2009-07-24,1.4588348208223945
155,2009-07-26,17.787839987096007
155,2009-07-27,18.477839067122364
155,2009-07-28,15.004283437797385
155,2009-07-29,19.08000345211436
155,2009-07-30,35.18000868513452
155,2009-07-31,15.718014674600534
155,2009-08-01,6.18739806063313
155,2009-08-02,3.8437700691248673
155,2009-08-03,15.776543318718144
155,2009-08-04,17.40546940414077
155,2009-08-05,16.556343054978694
156,2009-07-09,101.23983375544722
156,2009-07-11,18.332980087902346
157,2007-07-31,7.036831777110559
157,2007-08-01,11.77932277810116
157,2007-08-02,13.914731008886859
157,2007-08-03,20.353408352588662
157,2007-08-04,1.0425969101038994
157,2007-08-05,4.527470262950153
157,2007-08-07,31.31400544248362
157,2007-08-08,314.3750962154855
157,2007-08-09,344.04733151440337
157,2007-08-10,1.5190663274733835
158,2009-01-16,0.268956176020024
158,2009-01-19,0.6109280205375492
158,2009-01-20,2.3676011170549973
158,2009-01-21,0.1191906636254964
158,2009-01-22,1.4295186827062483
158,2009-01-23,0.3678834405723043
158,2009-01-24,3.313900290122432
158,2009-01-27,472.5928168168985
158,2009-01-28,2.6721275379296747
158,2009-02-07,472.97921667424947
158,2009-02-13,5.555259044354747
158,2009-02-18,486.5782262060133
158,2009-03-04,467.3157354956098
159,2012-03-29,2.327384131637751
159,2012-03-30,29.265176784431294
159,2012-03-31,499.168371643277
159,2012-04-01,18.411595351959065
159,2012-04-05,207.58228757803863
159,2012-04-06,14.715792868174358
159,2012-04-07,13.809237489524685
159,2012-04-08,40.249648123529
159,2012-04-09,3.3579768999176416
159,2012-04-10,6.873471737402133
159,2012-04-11,2.644818194130233
159,2012-04-12,3.755685805291833
159,2012-04-13,3.9774585075971483
159,2012-04-23,6.539449866814014
159,2012-04-24,2.9754151289746718
159,2012-05-07,32.99213917219422
159,2012-05-08,3.1958063208276397
160,2010-12-26,13.861762997392788
160,2010-12-27,39.52754748826199
160,2010-12-28,58.99479948003959
161,2007-04-12,0.0526283821966913
161,2007-04-13,2.986140892332304
161,2007-04-14,0.7668904285234299
161,2007-04-16,2.938949613623999
161,2007-04-17,3.463492761986065
161,2007-04-19,3.7760929740675584
161,2007-04-20,0.7383368006987355
161,2007-04-24,3.5677935499542013
161,2007-04-25,3.921913526083531
161,2007-04-27,8.03380485304355
161,2007-04-28,0.8008268582848538
162,2007-08-01,1.7106199510859812
162,2007-08-02,229.9770231998976
162,2007-08-03,125.0406988254664
162,2007-08-04,9.83448184652746
162,2007-08-05,19.21648974951677
162,2007-08-06,76.46594679227427
162,2007-08-07,3.989692798149296
162,2007-08-09,1.6365196724764828
162,2007-08-10,4.8426678993581165
163,2000-01-01,0.02286606645535
163,2007-04-12,2.0107905396496886
163,2007-04-13,2.958588696997896
163,2007-04-16,0.4810905962961588
163,2007-05-18,1.6294302618704937
163,2007-05-19,1.1104833285014135
163,2007-05-20,78.98349273214436
163,2007-05-21,1.4008638645671032
163,2007-06-11,1.6926588351441978
163,2007-06-12,2.9537900454962758
163,2007-06-13,16.175133627964883
163,2007-06-14,22.517202610964762
163,2007-06-15,3.533495047260746
163,2007-06-16,27.971602168392106
163,2007-06-17,7.607008626477994
163,2007-06-18,5.302957756046279
163,2007-06-19,6.253125571015312
163,2007-06-20,1.5298574570954806
163,2007-07-10,1.6734513666877677
163,2007-07-11,1.7390463490580856
163,2007-07-13,14.410999822784266
163,2007-07-14,7.781585494106555
163,2007-07-15,36.111617798207284
163,2007-07-16,4.136015327581421
163,2007-07-17,1.6341863580801852
163,2007-07-18,3.0734219448914972
163,2007-07-19,3.616843041275702
163,2007-07-20,1.9899845873565047
163,2007-07-31,0.1907563738321817
163,2007-10-09,1.784564185896625
163,2007-10-10,12.054641905514156
163,2007-10-12,12.18165931397143
163,2007-10-13,12.412583119996881
163,2007-10-15,25.140964660059364
163,2007-10-16,1.7397691769782835
163,2007-10-17,3.1660834682987917
163,2007-10-19,45.54226128949329
163,2007-10-20,0.2808442093096058
163,2007-10-21,2.5177402510431515
163,2007-10-22,12.050998740754393
163,2007-10-23,3.2653545379523536
163,2007-10-24,2.036472571548693
163,2007-10-25,3.044401504680214
163,2007-10-26,5.329897538454618
163,2007-10-27,11.481427338827391
163,2007-10-28,2.2890855244710395
163,2007-10-29,10.977236540050113
163,2007-11-22,2.07844211008434
163,2007-11-23,14.822160611346563
163,2007-11-24,25.263537185668014
163,2007-11-25,23.67488008607378
163,2007-11-26,3.2255854794948253
163,2007-11-27,3.8829312053342355
163,2007-11-28,29.087482150975386
163,2007-11-29,1.5228491987716897
163,2007-12-01,44.479728714027246
163,2008-04-03,13.815514395734791
163,2008-04-04,14.13797711771577
163,2008-04-05,20.215212867800417
163,2008-04-06,11.096375239445535
163,2008-04-07,1.8877235433728394
163,2008-04-26,31.10879279868384
163,2008-04-28,16.622388923396688
163,2008-04-29,35.61507916633313
163,2008-04-30,4.426241036343826
163,2008-05-01,366.89659071171866
163,2008-05-02,7.62170347107773
163,2008-05-04,364.91664361205716
163,2008-05-05,940.6830651441726
163,2008-05-06,5.565302625822219
163,2008-05-07,941.3616524637214
163,2008-05-08,3.3097869726739098
163,2008-05-09,17.200113301519888
163,2008-05-10,16.6116467591012
163,2008-05-11,16.30163397866028
163,2008-05-12,3.7063717629156416
163,2008-05-13,3.8657684449980767
163,2008-05-14,3.4993618934592194
163,2008-05-15,14.345585709457476
163,2008-05-16,52.69449077239079
163,2008-05-17,31.566336465374164
163,2008-05-18,11.299677921737494
163,2008-05-19,3.63899365780109
163,2008-05-20,1.7321352190696344
163,2008-06-06,1.7755576072328034
163,2008-06-07,15.434650014332838
163,2008-06-08,16.649856748787556
163,2008-06-09,27.093438361307154
163,2008-06-10,3.666930200079471
163,2008-06-11,1.4280668665205982
163,2008-06-12,1.7829107942777438
163,2008-06-13,3.0591169964824494
163,2008-06-14,20.028717694025193
163,2008-06-15,11.486890693914422
163,2008-06-16,13.421715161479794
163,2008-06-17,3.2733988367480404
163,2008-06-18,3.6917743690306684
163,2008-06-19,65.45305135363604
163,2008-06-20,34.246465742182984
163,2008-06-21,1.4523581674326473
163,2008-06-22,45.76460420427717
163,2008-06-27,26.74364038906335
163,2008-06-28,28.94715991362195
163,2008-06-29,11.061986250598789
163,2008-06-30,16.75487180330756
163,2008-07-01,3.4998063062105227
163,2008-07-02,4.271962462905262
163,2008-07-03,3.6177307973708794
163,2008-07-04,3.5863428156422055
163,2008-07-05,14.24222272787496
163,2008-07-06,11.399958875329883
163,2008-07-07,3.693529966296489
163,2008-07-08,4.1542534397173245
163,2008-07-09,2.800264105020037
163,2008-07-19,1.7232322275913603
163,2008-07-20,3.6383986001847863
163,2009-01-18,14.130372705922962
163,2009-01-19,419.61536413015773
163,2009-01-20,6.636264729170107
163,2009-01-21,7.270989548064123
163,2009-01-22,0.08708437791958253
163,2009-01-25,12.826246893560139
163,2009-01-26,13.031282417990862
163,2009-02-21,9534.5878402301
163,2009-02-26,3.3053587695541795
163,2009-02-27,3.8444276228111827
163,2009-04-07,8635.174773353794
163,2009-04-08,8.933904447448157
163,2009-04-09,1.1799396105534175
163,2009-04-10,1.2263709828961507
163,2009-04-11,3.1284472010600735
163,2009-04-12,25.251768151216005
163,2009-04-13,0.846580911219792
163,2009-04-14,1.6766201076357368
163,2009-04-15,18.58789654740029
163,2009-04-16,11.616152207233164
163,2009-04-17,34.930360648002775
163,2009-04-19,8450.087998514728
163,2009-04-20,17.525049580563955
163,2009-04-21,62.376714745000335
163,2009-04-22,20.724486674290656
163,2009-04-23,2.7807251031110987
163,2009-04-24,508.7831005534586
163,2009-04-25,17.79598526528922
163,2009-04-26,66.68324132021306
163,2009-04-27,18.70674030808526
163,2009-04-28,14.8948566853456
163,2009-04-29,394.33658301259754
163,2009-04-30,37.54077034525153
163,2009-05-01,51.07229037990918
163,2009-05-02,403.89721554428155
163,2009-05-03,53.02118003209096
163,2009-07-28,8048.847524946261
163,2009-07-29,1.198892431914204
163,2009-08-28,27.192222846625473
163,2009-08-29,13.804825914280132
163,2009-08-30,26.989414915829876
163,2009-12-24,36.71361503228505
163,2010-02-14,15.343455497512625
163,2010-02-16,55.058119512927725
163,2010-02-17,40.46073460319761
163,2010-02-18,3.211287360793527
163,2010-02-19,66.16344877943826
163,2010-04-03,30.349582543548475
163,2010-04-04,45.536105255469636
163,2010-04-05,11.534881052103595
163,2010-04-07,22.66236364722211
163,2010-04-10,11.72960482121815
163,2010-04-11,11.076330170906237
163,2010-04-16,11.173326448335889
163,2010-04-17,9.323385148013527
163,2010-04-18,58.2043343832411
163,2010-06-14,10.434199219162425
163,2010-06-15,58.46789004237883
163,2010-07-09,17.99561857662731
163,2010-07-10,26.580704460293372
163,2010-07-11,8.614022294934822
163,2010-07-23,1.623384309871538
163,2010-07-24,4.7528787814565865
163,2010-07-25,67.67549983869957
163,2010-07-29,1.7783575420633388
163,2010-07-30,21.533769759247626
163,2010-07-31,11.283543566153808
163,2010-08-06,192.59251558384193
163,2010-08-07,71.88557437839084
163,2010-08-08,279.10509855144824
163,2010-08-21,7.24757993276272
163,2010-08-22,33.598590203210925
163,2010-08-28,462.6093999905321
163,2010-08-29,461.04085965870155
163,2010-09-04,16.511335101724544
163,2010-10-04,14.392016047679261
163,2010-10-05,7.28766186361759
163,2010-10-06,20.784808552177577
163,2010-10-07,3.2209855716814
163,2010-10-08,2.4195749574564536
163,2010-10-09,5.802573903072628
163,2010-10-10,8.776614437997209
163,2010-10-11,7.9514173345242
163,2010-10-12,6.0785681747242135
163,2010-10-13,2.3533429353698856
163,2010-10-14,6.525286556753534
163,2010-10-15,2.1653566086412748
163,2010-10-16,23.457357643373353
163,2010-10-17,0.2820741492987041
163,2010-10-18,20.213844927148042
163,2010-10-19,0.42296889381224567
163,2010-10-20,1.7963051954002989
163,2010-10-21,6.672354154516032
163,2010-10-22,10.62452632244925
163,2010-10-23,10.854128340188769
163,2010-10-25,2.2598765721869873
163,2010-10-26,5.392434396179744
163,2010-10-27,2.5950420831582277
163,2010-10-28,2.439357403182311
163,2010-10-29,42.165272529597914
163,2010-10-30,18.770149125828915
163,2010-11-01,0.35497297089054225
163,2010-11-03,9566.031436569114
163,2010-11-04,38.76133242282915
163,2010-11-05,36.557657716163625
163,2010-11-06,336.0574806633893
163,2010-11-07,104.22048345696219
163,2010-11-08,52.77449392374111
163,2010-11-09,346.70654950014665
163,2010-11-10,27.035924806528666
163,2010-11-11,44.38923229503493
163,2010-11-12,40.27826609169083
163,2010-11-13,8640.717080368227
163,2010-11-14,4.900317720623406
163,2010-11-20,9.239606576270116
163,2010-11-21,4.0336567501596745
163,2010-12-04,16.02152071409444
163,2010-12-05,3.5606790988000583
163,2010-12-11,18.750270634549448
163,2010-12-12,11.295174263596989
163,2010-12-22,1.4180220649743156
163,2010-12-23,652.7365290572766
163,2010-12-24,58.55696934739617
163,2010-12-25,114.09035812371222
163,2010-12-26,62.41704322976159
163,2010-12-27,669.4730461745035
163,2011-01-15,10.713088027960016
163,2011-01-22,39.29580850479565
163,2011-01-29,46.90209562757996
163,2011-02-01,22.410775516997152
163,2011-02-02,31.49234691256977
163,2011-02-03,29.426176136860192
163,2011-02-04,51.03641582642592
163,2011-02-06,30.14272260995109
163,2011-02-07,34.5701401167356
163,2011-02-08,38.34730561067222
163,2011-02-09,2.126637336122247
163,2011-02-10,2.1402877866331553
163,2011-02-11,4.740679463526413
163,2011-02-12,10.967282280979298
163,2011-02-13,6.769881891529389
163,2011-02-14,1.3539384299801274
163,2011-02-15,13.362544362451366
163,2011-02-16,46.591911814408355
163,2011-02-19,19.745163593794395
163,2011-02-20,1.2000196912177352
163,2011-03-13,35.78135633323593
163,2011-03-26,12.742265793927276
163,2011-03-27,1.5550556454847264
163,2011-04-03,21.52110375650539
163,2011-04-04,32.64373024092049
163,2011-04-05,28.134739492426238
163,2011-04-29,17.290326575317188
163,2011-04-30,288.3221430108881
163,2011-05-01,138.3977212162409
163,2011-05-02,300.6748179025561
163,2011-05-06,25.575261581341614
163,2011-05-07,28.79064911334315
163,2011-05-08,2.5558198229665443
163,2011-05-14,50.68701565898177
163,2011-05-15,21.620221474371863
163,2011-08-17,10463.94941033316
163,2011-08-18,22.510617121367126
163,2011-08-19,21.509904073855974
163,2011-08-20,16.14201178308245
163,2011-08-21,17.93663392650746
163,2011-08-22,0.3743322450116263
163,2011-08-23,8.693377723046789
163,2011-08-24,125.69259701561002
163,2011-08-25,2151.9362965951436
163,2011-08-27,36.8002287791548
163,2011-08-28,12.442340001381034
163,2011-08-29,10102.896007244408
163,2011-09-03,5.679507849747383
163,2011-09-10,24.769757545796192
163,2011-09-11,5.209203344546103
163,2011-10-17,24.12067397466753
163,2011-10-18,28.077166832659387
163,2011-10-19,27.817820474203945
163,2011-10-20,27.395201643873193
163,2011-10-21,55.30446506384663
163,2011-10-22,12.325218395219014
163,2011-10-23,9.231866104627034
163,2011-10-24,28.564801918567035
163,2011-10-25,27.24305223400334
163,2011-10-26,28.10751428331662
163,2011-10-27,28.112046438650488
163,2011-10-28,15.3288830799864
163,2011-10-29,34.197847578131416
163,2011-10-30,27.018703302368923
163,2011-10-31,15.493788113997594
163,2011-11-01,10579.86461068121
163,2011-11-05,4.901694484432987
163,2011-11-06,37.19821871988685
163,2011-11-07,10573.39416697848
163,2011-11-08,25.453657267742276
163,2011-11-09,25.978500519116544
163,2011-11-10,27.52230897078306
163,2011-11-11,28.425504842626772
163,2011-11-12,3.8051880681660872
163,2011-11-13,5.002509543216814
163,2011-11-14,29.10898828110654
163,2011-11-15,26.177728803910018
163,2011-11-16,30.03935279483122
163,2011-11-17,25.435224224015453
163,2011-11-18,26.43627716531906
163,2011-11-19,5.648101336664351
163,2011-11-20,2.443622653199991
163,2011-11-21,28.30893592409078
163,2011-11-22,33.968582976386536
163,2011-11-23,28.350195524271612
163,2011-11-24,26.426192739912185
163,2011-11-25,26.30026389529817
163,2011-11-26,11.974823144223032
163,2011-11-28,26.32066238805304
163,2011-11-29,26.37999196505804
163,2011-11-30,26.316166799776553
163,2011-12-01,26.14927210628482
163,2011-12-02,26.123104011116464
163,2011-12-03,20.666687433947015
163,2011-12-04,7.479377317619596
163,2011-12-05,26.542263202233197
163,2011-12-06,26.15378680720604
163,2011-12-07,26.43876140064279
163,2011-12-08,26.170009426970857
163,2011-12-09,27.999045282495793
163,2011-12-10,12.869091239623675
163,2011-12-11,5.242533445088896
163,2011-12-12,26.291922886985223
163,2011-12-13,26.344857316504477
163,2011-12-14,26.40666346260796
163,2011-12-15,27.782723677118316
163,2011-12-16,53.448130009397495
163,2011-12-17,173.21456795882884
163,2011-12-18,14.490733014282956
163,2011-12-19,232.7059323207507
163,2011-12-20,19.979386721403884
163,2011-12-21,11.843375479252343
163,2011-12-22,55.5255447971627
163,2011-12-23,23.52228535513878
163,2011-12-24,152.10746883233034
163,2011-12-26,28.44646416806809
163,2011-12-27,29.042331261971846
163,2011-12-28,27.500355992909125
163,2011-12-29,26.78513539479395
163,2011-12-30,14.512014956329812
163,2011-12-31,45.91912092490283
163,2012-01-01,12.41387931918021
163,2012-01-03,5.907183042372714
163,2012-01-04,27.644564370694486
163,2012-01-06,26.57509881620395
163,2012-01-09,27.88808826019905
163,2012-01-10,27.625115209732584
163,2012-01-11,27.617800933391546
163,2012-01-12,27.44422222072215
163,2012-01-13,25.499728023530135
163,2012-01-16,26.227527925373067
163,2012-01-17,44.74625155012662
163,2012-01-18,40.46150086874256
163,2012-01-19,36.311639439348944
163,2012-01-20,25.82564300876849
163,2012-01-21,6.121699624569757
163,2012-01-23,34.52908197574757
163,2012-01-24,21.326756220864944
163,2012-01-26,25.248540063974616
163,2012-01-27,26.2465437237022
163,2012-01-28,18.920404767846822
163,2012-01-29,28.379627882008858
163,2012-01-30,28.435249856417173
163,2012-01-31,27.6709753412755
163,2012-02-01,27.584087462767386
163,2012-02-02,27.438225097333195
163,2012-02-03,30.152115417023367
163,2012-02-04,26.535116306037985
163,2012-02-06,27.713107038380976
163,2012-02-07,27.880760439073057
163,2012-02-08,26.40140394975404
163,2012-02-09,26.58633555728006
163,2012-02-10,13.395862403500557
163,2012-02-11,47.3444363420262
163,2012-02-13,27.519040236141898
163,2012-02-14,31.618636570735116
163,2012-02-15,29.04825481212907
163,2012-02-16,27.25088630205495
163,2012-02-17,23.81093829146721
163,2012-02-18,8.303258200706631
163,2012-02-19,6.185351715317395
163,2012-02-20,34.32266386435686
163,2012-02-21,27.603251309392018
163,2012-02-22,27.46903172369253
163,2012-02-23,27.404848522490276
163,2012-02-24,49.51730397408743
163,2012-02-25,65.78624221860052
163,2012-02-27,27.695619417148595
163,2012-02-28,32.90888618497498
163,2012-02-29,28.01006889901106
163,2012-03-01,27.19482079713322
163,2012-03-02,44.27980398917148
163,2012-03-03,10.702336992345822
163,2012-03-05,27.935818703313636
163,2012-03-06,35.85346503421755
163,2012-03-07,27.718459715334713
163,2012-03-08,14.314624609240926
163,2012-03-09,13.033887059934404
163,2012-03-10,4.077944432653866
163,2012-03-12,37.39524848259506
163,2012-03-13,14.623449906618344
163,2012-03-14,39.7785913141091
163,2012-03-15,27.571057181236064
163,2012-03-16,26.961904170041382
163,2012-03-17,6.041842218815968
163,2012-03-18,2.77278469163585
163,2012-03-19,29.44202020471227
163,2012-03-20,14.60754800925966
163,2012-03-21,46.144890599237364
163,2012-03-22,14.668753953432104
163,2012-03-23,13.091542385177231
163,2012-03-25,5.917622624147373
163,2012-03-26,27.609883445446826
163,2012-03-27,27.54774393167482
163,2012-03-28,27.462422807747355
163,2012-03-29,27.16543190978461
163,2012-03-30,36.11036786773593
163,2012-03-31,28.601389100796425
163,2012-04-01,16.07589072815417
163,2012-04-03,11133.740407771542
163,2012-04-04,19.97217441966433
163,2012-04-05,43.7500411647876
163,2012-04-06,547.6937755820852
163,2012-04-07,16.443717823924867
163,2012-04-08,6.075693260784538
163,2012-04-09,3.3513810734597924
163,2012-04-10,9.404522420418022
163,2012-04-11,7.962334990806999
163,2012-04-12,7.604281354369564
163,2012-04-13,7.236752701184604
163,2012-04-14,7.838003035901504
163,2012-04-15,5871.836552869354
163,2012-04-17,4.535165220800829
163,2012-04-18,1.8670086280543248
163,2012-04-19,6.819756756115607
163,2012-04-20,19.98139691520569
163,2012-04-21,8287.865487879284
163,2012-04-22,3.979966223083724
163,2012-04-23,57.1349809495072
163,2012-04-24,42.710192209058306
163,2012-04-25,35.192692941944536
163,2012-04-26,36.40985108138769
163,2012-04-27,26.24931761771517
163,2012-04-28,13.497125142221691
163,2012-04-29,17.565326568313434
163,2012-04-30,94.32119538085962
163,2012-05-01,30.403161446540913
163,2012-05-02,31.283387944851867
163,2012-05-03,27.875268612241427
163,2012-05-04,14.360826240959303
163,2012-05-05,28.386947955575483
163,2012-05-06,299.492057293375
163,2012-05-07,12.245042442485843
163,2012-05-08,14.324478290548463
163,2012-05-09,818.4333982685355
163,2012-05-10,18.677454220428096
163,2012-05-11,111.10997239404526
163,2012-05-12,35.69785502180745
163,2012-05-13,88.29171233809036
163,2012-05-14,209.11375565107178
163,2012-05-15,28.54098184903384
163,2012-05-16,491.24824438750215
163,2012-05-17,26.89690983482886
163,2012-05-18,26.388082246124423
163,2012-05-19,12.363653142326958
163,2012-05-21,27.833981706491638
163,2012-05-22,27.42208061359224
163,2012-05-23,29.873284351699652
163,2012-05-24,27.213038401858828
163,2012-05-25,36.396865048503216
163,2012-05-26,4.620083076382321
163,2012-05-28,26.55862730835294
163,2012-05-29,13.61519150072689
163,2012-05-30,17.509310829850246
163,2012-05-31,39.07395281975633
163,2012-06-01,78.61199104031617
163,2012-06-02,7.070570925129646
163,2012-06-04,28.21195875080357
163,2012-06-05,28.709394108949375
163,2012-06-06,27.106490812077098
163,2012-06-07,14.430857969203592
163,2012-06-08,40.50795750980741
163,2012-06-09,7.832185162035784
163,2012-06-10,10.426649957652314
163,2012-06-11,13.677909332103658
163,2012-06-12,13.1312912730475
163,2012-06-13,28.030024400138057
163,2012-06-14,27.444715632484307
163,2012-06-15,29.54220686809528
163,2012-06-16,3.0498530333830147
163,2012-06-17,11.350811161646458
163,2012-06-18,26.610648971126384
163,2012-06-19,27.017689115709683
163,2012-06-20,26.541555655904784
163,2012-06-21,29.39724585106583
163,2012-06-22,5.541306377075423
163,2012-06-23,17.823567283364085
163,2012-06-24,40.68379284554338
163,2012-06-25,32.76691823997902
163,2012-06-26,21.65972488925749
163,2012-06-27,38.54676453566093
163,2012-06-28,29.137498898150504
163,2012-06-29,28.940624207452554
163,2012-06-30,35.42634246239727
163,2012-07-01,3.9151602741817744
163,2012-07-02,26.68823722059864
163,2012-07-03,25.807769831822277
163,2012-07-04,26.191441341240214
163,2012-07-05,26.72077810640816
163,2012-07-06,25.519635739551596
163,2012-07-08,14.419489388642178
163,2012-07-09,26.452380332422123
163,2012-07-10,26.574068830166226
163,2012-07-11,26.151992509955985
163,2012-07-12,25.985555539741082
163,2012-07-13,28.224690007579774
163,2012-07-14,28.702352864809065
163,2012-07-15,13.80056894539242
163,2012-07-16,27.014276235385683
163,2012-07-17,26.894281133715644
163,2012-07-18,26.83653138842583
163,2012-07-19,26.332493351891433
163,2012-07-20,26.97113073716741
163,2012-07-21,3.1635225217708864
163,2012-07-22,8.968678367953638
163,2012-07-23,27.902766385496523
163,2012-07-24,28.345509050561763
163,2012-07-25,28.688110544020986
163,2012-07-26,13.741573314347624
163,2012-07-27,25.482969198344662
164,2007-11-30,3.394795397154286
164,2007-12-01,3.562496824523531
164,2007-12-02,2.217967392016891
164,2007-12-05,3.6253598964720313
164,2007-12-07,8.276484065246938
164,2007-12-08,1.7160586934633266
164,2007-12-09,6.212865902064939
165,2011-10-18,4.628139543761691
165,2011-10-20,8.678815689738986
165,2011-10-21,6.905935740689092
165,2011-10-24,6.399727750397692
165,2011-10-25,7.066464703630921
165,2011-10-27,3.4337251148309087
165,2011-10-28,5.573533766880445
165,2011-11-03,5.717899731514927
165,2011-11-04,5.481216131947345
165,2011-11-07,2.9615139531010355
165,2011-11-12,8.138537066466464
165,2011-11-13,16.508773118743072
165,2011-11-14,13.77591668298818
165,2011-11-15,6.514562843150228
165,2011-11-18,16.67539563324763
165,2011-11-19,27.36637883421174
165,2011-11-20,15.22150540384502
165,2011-11-21,8.948882748707375
166,2008-05-26,1.480402727010444
166,2008-05-27,0.234032765748133
166,2008-05-29,4.166229073536696
166,2008-06-01,13.236437317150994
167,2008-03-01,10.82964533914508
167,2008-03-02,8.505576884724075
167,2008-03-06,3.2461880466161603
167,2008-03-07,0.8112527704589629
167,2008-03-10,0.967877128784072
167,2008-03-11,1.865183733278857
167,2008-03-12,1.9342587698635074
167,2008-03-13,0.8843351877395486
167,2008-03-14,20.993255969035925
167,2008-03-15,8.548455609245185
167,2008-03-16,1.2234348838086955
167,2008-03-17,26.77375340622891
167,2008-03-20,4.1965835562398475
167,2008-03-21,1.2772054700649411
167,2008-03-22,2.3456752444412188
167,2008-03-23,19.755499224707197
167,2008-03-24,4.912230378934883
167,2008-03-25,1.6041331772743115
167,2008-03-28,15.680807380321223
167,2008-03-29,1.4240213161017594
167,2008-03-31,3.0576785233463903
167,2008-04-01,2.2330901167993584
167,2008-04-02,27.925557569694313
167,2008-04-03,3.5347097834552414
167,2008-04-04,20.383712043335297
167,2008-04-05,15.110852133387422
167,2008-04-06,10.668572432659646
167,2008-04-07,3.321668586614055
167,2008-04-08,2.901775571356899
167,2008-04-12,18.732571645400885
167,2008-04-13,10.259003798782736
167,2008-04-14,19.16440033333347
167,2008-04-15,2.2573006239465445
167,2008-04-16,8.306801258521432
167,2008-04-17,2.5383795872032775
167,2008-04-18,3.3802444820197954
167,2008-04-19,1.976699652824259
167,2008-04-21,1.6451158629970892
167,2008-04-22,21.51425050987357
167,2008-04-23,2.9701092003353455
167,2008-04-24,2.2636147862626177
167,2008-04-25,1.179439241126692
167,2008-04-26,14.698052077796323
167,2008-04-27,14.898471317906086
167,2008-04-28,3.1938989036104757
167,2008-04-29,15.212149693613506
167,2008-04-30,15.06081859159111
167,2008-05-01,217.7464415973155
167,2008-05-02,105.1155232322693
167,2008-05-03,164.44048142818914
167,2008-05-04,26.51980456126446
167,2008-05-05,6.811456969602167
167,2008-05-06,3.200939150008046
167,2008-05-07,3.0762454181319523
167,2008-05-08,33.04629192977248
167,2008-05-09,3.2597545610203404
167,2008-05-10,3.0106716637778983
167,2008-05-11,2.833669069371859
167,2008-05-12,24.144139030926837
167,2008-05-13,3.1665301787736877
167,2008-05-14,3.9089987454050306
167,2008-05-15,7.433161442625523
167,2008-05-16,11.907209508399594
167,2008-05-17,13.582075879505027
167,2008-05-18,16.759399308387607
167,2008-05-19,3.093548977011496
167,2008-05-20,2.783261816685128
167,2008-05-21,11.833583110583172
167,2008-05-22,22.974113635427013
167,2008-05-23,1.3943384323945256
167,2008-05-26,1.7073151197094436
167,2008-05-28,7.375929589293876
167,2008-05-29,5.010607775672302
167,2008-05-30,63.51554008040865
167,2008-05-31,33.920510893473136
167,2008-06-01,33.04348589009536
167,2008-06-02,7.628818341992292
167,2008-06-03,3.1721577534649543
167,2008-06-04,2.7366011385209825
167,2008-06-05,9.65963023236371
167,2008-06-06,12.997743494850823
167,2008-06-07,272.5441891644393
167,2008-06-08,15.037957772525845
167,2008-06-09,281.9251608768598
167,2008-06-10,4.0256046638775755
167,2008-06-11,5.4123167400835435
167,2008-06-12,2.712736414354093
167,2008-06-14,9.146155539599802
167,2008-06-15,10.56154904523637
167,2008-06-16,7.932147740653351
167,2008-06-17,4.029570883611515
167,2008-06-18,1.4675893453653601
167,2008-06-19,14.31742772309013
167,2008-06-20,33.18850467006144
167,2008-06-21,0.9969157963113024
167,2008-06-22,1.4322983888962584
167,2008-06-25,4.763933633740692
167,2008-06-26,2.842061617664181
167,2008-06-27,19.306670681536225
167,2008-06-28,14.072447417200651
167,2008-06-29,10.674758724214032
167,2008-06-30,1.459277156587383
167,2008-07-01,2.983141890449229
167,2008-07-02,2.589518019754753
167,2008-07-03,1.1714602828499139
167,2008-07-06,26.954094127431006
167,2008-07-09,8.326360047430883
167,2008-07-13,1.3803241524345962
167,2008-07-15,4.869664792203962
167,2008-07-16,4.281185976830624
167,2008-07-17,4.742349810686344
167,2008-07-18,6.792273305144105
167,2008-07-19,21.622332676533166
167,2008-07-20,1.0950150777927685
167,2008-07-21,3.463684390557547
167,2008-07-23,6.128472117189391
167,2008-07-25,20.10795693019323
167,2008-07-27,1.9390689529655012
167,2008-07-28,1.5877762617274922
167,2008-07-29,23.5979005307208
167,2008-07-31,17.71372705760723
167,2008-08-02,29.540869421611735
167,2008-08-03,20.483577939034983
167,2008-08-05,0.9675576880111466
167,2008-08-06,1.1124853144300113
167,2008-08-07,74.82091057487617
167,2008-08-08,204.6538724250448
167,2008-08-09,39.52410908315971
167,2008-08-10,283.2193310802047
167,2008-08-11,6.289057197177297
167,2008-08-12,1.1515238620908157
167,2008-08-13,1.3625771353169247
167,2008-08-14,1.3367970953491897
167,2008-08-15,1.7273980719578719
167,2008-08-16,23.989182243353465
167,2008-08-17,1.1606795196583342
167,2008-08-18,4.682840820653815
167,2008-08-19,3.3882714810002645
167,2008-08-20,30.994024295825387
167,2008-08-21,1.305231547592046
167,2008-08-22,2.8230892349807757
167,2008-08-23,2.667759370943297
167,2008-08-25,23.71545155504327
167,2008-08-26,2.5648167813959484
167,2008-08-27,2.7567921828102766
167,2008-08-28,2.474185797725027
167,2008-08-29,6.47736434001254
167,2008-08-31,27.965291322979432
167,2008-09-01,1.1874215991569612
167,2008-09-02,1.8886738210082
167,2008-09-04,6.121423926755131
167,2008-09-07,21.24261267702691
167,2008-09-09,24.11908147298666
167,2008-09-10,15.993345049889937
167,2008-09-12,9.149703399103565
167,2008-09-13,3.7897690047715824
167,2008-09-14,3.369348047425193
167,2008-09-15,22.86940225083418
167,2008-09-16,2.701420990996436
167,2008-09-17,5.88312114946591
167,2008-09-18,19.21794533164608
167,2008-09-19,7.618429390422971
167,2008-09-20,10.643864317168962
167,2008-09-21,6.233230659313824
167,2008-09-23,8.483085937316241
167,2008-09-29,66.52960634391991
167,2008-09-30,24.910993629657945
167,2008-10-01,3.991853797766795
167,2008-10-02,29.68750559922181
167,2008-10-06,1.4293521076246627
167,2008-10-07,1.3058052007764573
167,2008-10-08,3.607688578640129
167,2008-10-09,1.1832926763560843
167,2008-10-11,28.431034904448232
167,2008-10-12,37.61150180786123
167,2008-10-13,6.791850429364745
167,2008-10-14,4.550041547927274
167,2008-10-15,16.626067330958147
167,2008-10-16,8.141487814545032
167,2008-10-17,6.4558794896606715
167,2008-10-18,24.79525106737355
167,2008-10-19,8.390139761179283
167,2008-10-20,5.594746158275602
167,2008-10-21,2.0922373294550676
167,2008-10-22,9.41737543459251
167,2008-10-23,2.4559121479408255
167,2008-10-24,2.925012118495591
167,2008-10-31,2.720937926507676
167,2008-11-01,2.7652662473179994
167,2008-11-02,1.5730246075931444
167,2008-11-03,18.3200374470917
167,2008-11-04,9.138249637134932
167,2008-11-05,10.556296092731547
167,2008-11-06,8.638637089455555
167,2008-11-07,1.415473079831998
167,2008-11-17,6.321091546877722
167,2008-11-18,6.111616827462899
167,2008-11-19,1.1421024790658638
167,2008-11-20,18.978367165884453
167,2008-11-21,3.224898894896544
167,2008-11-22,4.136817700766877
167,2008-11-23,1.2948895810585381
167,2008-11-24,2.7352726055335324
167,2008-11-25,5.489400997313362
167,2008-11-26,19.75939794688182
167,2008-11-27,2.8225083174610406
167,2008-11-28,6.521364566172382
167,2008-11-29,20.52719503646293
167,2008-11-30,1.3049816444129456
167,2008-12-01,3.8720244581154657
167,2008-12-02,1.922784881436419
167,2008-12-03,2.8414509276262425
167,2008-12-04,1.0625628695236078
167,2008-12-08,21.686499961336278
167,2008-12-09,1.3043670696908343
167,2008-12-10,2.3615894409701417
167,2008-12-11,3.531919657129354
167,2008-12-12,1.129090729978747
167,2008-12-13,50.73742964158542
167,2008-12-14,27.157835507780277
167,2008-12-15,6.372280016079668
167,2008-12-20,1.4222806970255562
167,2008-12-21,31.659533848752172
167,2008-12-22,3.2293886208883777
167,2008-12-23,25.651167894917766
167,2008-12-24,8.430226336061361
167,2008-12-25,2.800992762394634
167,2008-12-26,33.59706288523083
167,2008-12-27,54.82944665441119
167,2008-12-28,28.029910028168512
167,2008-12-29,2.4645496799644095
167,2008-12-30,0.07020535853482641
167,2008-12-31,5.331293969127726
167,2009-01-01,3.8577398569955204
167,2009-01-06,5.407256579125391
167,2009-01-11,1.1652171761238947
167,2009-01-12,2.8930298655336473
167,2009-01-13,3.223684562702682
167,2009-01-14,2.3605065969206005
167,2009-01-15,21.565880699704966
167,2009-01-16,7.885430176519841
167,2009-01-17,1.095471744620966
167,2009-01-18,6.827604353357216
167,2009-01-19,1.0976931225994295
167,2009-01-20,3.180539177499242
167,2009-01-21,2.491420922705942
167,2009-01-24,1.6413677921307206
167,2009-01-25,2.639635913671013
167,2009-01-28,3.7905757068566
167,2009-02-02,1.805028947516678
167,2009-02-03,2.743287316545091
167,2009-02-04,2.593135970433744
167,2009-02-05,1.2720003983550845
167,2009-02-06,1.3816219676873704
167,2009-02-07,4.096557526296241
167,2009-02-08,25.587160104157352
167,2009-02-10,5.521719995669086
167,2009-02-11,3.543497727816258
167,2009-02-13,1.1376392315093247
167,2009-02-14,13.684950380108114
167,2009-02-15,3.4819879283854562
167,2009-02-16,2.224269187010757
167,2009-02-17,1.5871098070156102
168,2009-09-29,27.29421765675256
168,2009-09-30,693.5229076911189
168,2009-10-02,169.4344207832267
168,2009-10-08,442.9127456022288
168,2009-10-09,13.371518119841966
168,2009-10-10,4.999415332466363
168,2009-10-11,5.380426525549387
168,2009-10-12,5.813831983488561
168,2009-10-13,4.318376772514093
168,2011-05-28,4.424431904204802
168,2011-05-29,84.50240750984317
168,2011-05-30,21.093359012552348
168,2011-05-31,20.414603338666407
168,2011-06-18,37.86708344756795
168,2011-06-20,16.72402682407821
168,2011-06-21,23.61333560386087
168,2011-06-22,14.651204333819098
168,2011-06-23,10.897657187127663
168,2011-06-26,43.32982655136815
168,2011-06-27,21.056948528887595
168,2011-06-28,18.716178201608205
168,2011-06-29,12.89075120416324
168,2011-06-30,11.207281638546375
168,2011-07-04,21.3568956412186
168,2011-07-05,22.679909651702815
168,2011-07-06,26.797716580172864
168,2011-07-07,10.456802622367576
168,2011-07-08,10.525120575286143
168,2011-07-09,5.801646405779746
168,2011-07-10,30.499694672645838
168,2011-07-11,21.932948260643816
168,2011-07-12,12.279669296993228
168,2011-07-13,27.61617194560679
168,2011-07-14,21.646955895527526
168,2011-07-16,28.459863424815232
168,2011-07-17,9.958953312750015
168,2011-07-19,10.925367570756972
168,2011-07-20,21.899519967128874
168,2011-07-21,30.291160969495728
168,2011-07-22,10.205003211686329
168,2011-07-23,34.0868019276874
168,2011-07-26,9.85681781956728
168,2011-07-27,27.598325390243836
168,2011-07-28,203.861807098827
168,2011-07-29,5.016545068832824
168,2011-07-30,870.577863399509
168,2011-07-31,205.72938041132323
168,2011-08-01,26.254584907821567
168,2011-08-02,701.771514660777
168,2011-08-03,22.03502225519502
168,2011-08-04,9.929762104963466
168,2011-08-05,18.760414517912075
168,2011-08-06,25.020069113473436
168,2011-08-07,13.383952551604645
168,2011-08-08,32.49876718675717
168,2011-08-09,21.458480470162932
168,2011-08-10,19.383262692178505
168,2011-08-11,10.318148444353545
168,2011-08-13,46.65369337073886
168,2011-08-14,25.386217383256312
168,2011-08-15,26.670847892006503
168,2011-08-16,25.276026629354828
168,2011-08-17,24.856807163371453
168,2011-08-18,14.975369604111338
168,2011-08-20,7.310034015386342
168,2011-08-21,16.478017923418076
168,2011-08-22,21.23933209946472
168,2011-08-23,24.603057613628096
168,2011-08-24,23.391183302820775
169,2010-05-10,10.269735859971428
169,2010-05-11,13.904705448337518
169,2010-05-12,7.314506661297882
169,2010-05-13,7.247261627149819
169,2010-05-14,15.851969791030534
169,2010-05-16,11.352122120781202
169,2010-05-17,25.5433448955027
169,2010-05-18,16.10118714186954
169,2010-05-19,21.737465205838415
169,2010-05-20,16.261551539064808
169,2010-05-21,21.496651371610703
169,2010-05-22,23.157747226328055
169,2010-05-24,18.744602692909645
169,2010-05-25,20.84824258432001
169,2010-05-26,9.24208251243532
169,2010-05-27,32.93865352839635
169,2010-05-28,24.177949327790405
169,2010-05-29,4.53520976482948
169,2010-05-30,22.5389877575109
169,2010-05-31,21.45060812615825
169,2010-06-01,6.391664743519743
169,2010-06-02,14.708446165024336
169,2010-06-03,23.32565859415407
169,2010-06-04,9.441816911335243
170,2008-04-28,5.929462333217598
170,2008-04-29,8.181313103904253
170,2008-05-12,7.289589935205384
170,2008-05-14,4.999788637905658
170,2008-05-21,6.859204547366947
171,2007-07-23,2.5036304959859645
171,2007-07-25,2.5951444466300453
171,2007-07-26,0.5624223360500968
171,2007-07-27,0.635354349735118
171,2007-07-28,12.440676248139354
172,2008-05-09,63.430300062662994
172,2008-05-10,4.858568369870167
172,2008-06-19,7583.811404001171
172,2008-06-20,5.18819997943017
172,2008-06-21,14.599283122764975
172,2008-06-22,44.06500049210315
172,2008-06-27,7762.779682857524
172,2008-06-28,121.84473880730793
172,2008-07-18,5857.987052287329
173,2007-11-30,2.0024475174765826
173,2007-12-01,8.984468444878575
173,2007-12-02,13.555057715239123
173,2007-12-04,1.0434304943542247
173,2007-12-15,3.546402927842793
173,2007-12-16,1.496021933760193
174,2007-11-29,0.1052570926913948
174,2007-12-07,18.614743412312674
174,2007-12-08,7.006928474677914
174,2007-12-11,19.456427141263323
174,2007-12-12,1.847089334446533
174,2007-12-15,6.843561579607387
174,2007-12-21,11.114305542647063
174,2007-12-22,10.982342506304477
174,2007-12-23,0.8435980373596056
174,2007-12-27,2.527887179620805
174,2008-01-11,11.737222675048942
174,2008-01-12,5.71863380448169
174,2008-01-15,5.742626127298724
174,2008-01-17,0.8223787560148131
174,2008-02-02,111.56361995245892
174,2008-02-03,4.188540722034811
174,2008-02-08,4.157241149543669
174,2008-02-09,12.399238849042629
174,2008-02-11,5.403407290010617
174,2008-02-14,94.23917059570121
174,2008-02-20,1.4901698378740837
174,2008-02-24,2.4840139262684544
174,2008-02-27,3.6254164708600345
174,2008-03-08,2.6580504115776904
174,2008-03-09,4.1751407458450895
174,2008-03-12,1.1858638785377045
174,2008-03-14,2.472474603356544
174,2008-03-22,7.277659390685218
174,2008-03-23,1.139316670228598
174,2008-03-24,4.370005035268518
174,2008-03-26,1.2999931461183074
174,2008-03-28,2.074357753219912
174,2008-03-30,68.46337587965793
174,2008-04-02,2.1887759430971374
174,2008-04-04,1.0598889729245131
174,2008-04-07,4.566631903757634
174,2008-04-30,114.52858209770906
174,2008-05-01,3.0947155837013822
174,2008-05-04,99.00818549130632
174,2008-05-07,2.7758363958116665
174,2008-05-17,2.0586171613907305
174,2008-05-22,7.180877233620602
174,2008-05-24,2.1215695557773713
174,2008-06-14,3.959517840382836
174,2008-06-21,0.874066099358283
174,2008-06-27,5.249807286230014
174,2008-06-28,1.9773412965942823
174,2008-06-29,3.1133327762857212
174,2008-06-30,9.461718939636862
174,2008-07-01,1.9124479938530836
174,2008-07-02,1.061928881531552
174,2008-07-04,3.6280857834346
174,2008-07-05,25.946835887947415
174,2008-07-07,1.6511490454718494
174,2008-07-08,4.94283006739331
174,2008-07-09,0.4715069920092162
174,2008-07-10,1.8697834249192744
174,2008-07-11,2.027901241649215
174,2008-07-12,9.123798532045477
174,2008-07-13,3.9986464159457524
174,2008-08-07,6.485691912851578
174,2008-08-08,6.884261837534795
174,2008-08-10,9.553976326076679
174,2008-08-11,1.5827956833912817
174,2008-08-13,12.945203335576691
174,2008-08-14,0.6617724476636495
174,2008-08-15,6.7431597533875145
175,2007-10-19,32.244113313983505
175,2007-10-20,85.64661083556287
175,2007-10-21,84.31439706089313
175,2007-10-22,2.3324308132070946
176,2007-11-30,7.1877888957883656
176,2007-12-01,2.89472898117624
176,2007-12-02,2.1582614085153717
176,2007-12-05,3.6823244698998234
176,2007-12-06,8.660647948556413
176,2007-12-07,261.4725745549183
176,2007-12-08,31.7163063127884
176,2007-12-09,6.950478271157597
177,2009-09-19,15.270862399502258
178,2010-03-12,0.5194303071154258
179,2008-08-20,15.074209707402952
179,2008-08-21,19.15364297859207
179,2008-08-22,16.426067430527855
179,2008-08-23,26.496433581242687
179,2008-08-24,27.002371945826162
179,2008-08-27,0.7456187575672489
179,2008-08-28,24.442334002140633
179,2008-08-30,13.370659453473115
179,2008-08-31,5.422896799199607
179,2008-09-02,0.43018590651773486
179,2008-09-04,19.860443163278727
179,2008-09-05,19.52148298813229
179,2008-09-06,23.135170579378087
179,2008-09-07,7.336572523112385
179,2008-09-08,24.36527036956438
179,2008-09-09,18.26390985694217
179,2008-09-10,6.867434391247618
179,2008-09-11,10.513901158125899
179,2008-09-12,6.157466210320531
179,2008-09-13,27.477689254348277
179,2008-09-14,23.545184152141058
179,2008-09-15,20.433296195404605
179,2008-10-01,23.557645188945177
179,2008-10-02,23.343410839288023
179,2008-10-03,18.063114472447538
179,2008-10-04,12.488047654131552
179,2008-10-05,0.2742243058053506
179,2008-10-08,19.038650866095445
179,2008-10-09,21.170484538812627
179,2008-10-11,16.988039500658864
179,2008-10-12,25.21207676554208
179,2008-10-14,16.447579248288687
179,2008-10-15,13.68210969164177
179,2008-10-19,18.022152353892306
179,2008-10-21,11.01911974060866
179,2008-10-26,21.75316169026756
179,2008-10-27,20.157899905417526
179,2008-11-01,22.56960845380083
179,2008-11-06,19.302950792546394
179,2008-11-07,17.798635402495695
179,2008-11-09,12.070519771457445
179,2008-11-15,23.055815018170936
179,2008-11-16,8.224189246874884
179,2008-11-17,20.166308980723635
179,2008-11-29,31.90068443982106
180,2009-04-15,0.26667887620483477
180,2009-05-06,334.1821292252733
180,2009-05-07,0.03435902647868463
180,2009-05-28,137.90578025386856
180,2009-05-29,379.77521424867336
180,2009-05-30,88.51234283063141
181,2007-12-07,4.881673706733849
181,2007-12-08,13.574007226036473
181,2007-12-10,10.308883988090436
181,2007-12-11,12.816463820062046
181,2007-12-16,2.6139013488644904
181,2007-12-26,0.2032386167353991
181,2007-12-29,1.72977144345006
181,2007-12-31,6.148775424185519
181,2008-01-01,7.1959522350160405
181,2008-01-15,3.9233891758294224
181,2008-01-28,6.143975690323929
181,2008-02-06,314.57644695900495
181,2008-02-16,303.8086642502806
181,2008-02-17,3.0525459984238372
181,2008-03-14,389.02475888428364
